I0,I1,I2,I3,I4,I5,I6,I7,I8
-0.001,0.001,0.000,0.002,0.906,-0.373,6.994,111.819,-115.335
0.001,-0.001,0.000,0.002,0.906,-0.371,6.991,111.816,-115.287
-0.001,-0.001,0.000,0.002,0.906,-0.371,7.012,111.799,-115.326
-0.001,-0.001,-0.002,0.002,0.906,-0.372,6.964,111.811,-115.226
-0.001,-0.000,0.000,0.001,0.906,-0.372,7.004,111.800,-115.267
-0.003,-0.000,0.000,0.001,0.906,-0.372,7.035,111.797,-115.244
-0.001,-0.000,0.000,0.001,0.905,-0.373,7.051,111.807,-115.243
-0.000,0.001,0.001,0.001,0.907,-0.373,6.897,111.839,-115.114
-0.001,0.001,0.000,0.002,0.906,-0.372,6.922,111.829,-115.118
-0.000,-0.000,-0.001,0.002,0.906,-0.372,6.936,111.819,-115.102
-0.003,0.001,0.000,0.001,0.906,-0.372,6.876,111.822,-115.115
-0.001,-0.003,0.000,0.001,0.906,-0.372,6.936,111.809,-115.154
-0.001,-0.000,0.000,0.001,0.906,-0.372,6.899,111.814,-115.133
-0.000,-0.000,0.000,0.001,0.907,-0.372,6.857,111.818,-115.129
-0.000,-0.001,-0.001,0.001,0.906,-0.373,6.856,111.822,-115.104
-0.000,-0.001,0.000,0.001,0.906,-0.373,6.874,111.826,-115.057
0.001,-0.000,0.000,0.002,0.905,-0.373,6.923,111.822,-115.106
-0.001,-0.000,-0.001,0.001,0.906,-0.373,6.968,111.821,-115.154
-0.001,-0.001,0.000,0.001,0.906,-0.373,6.988,111.825,-115.153
0.001,-0.001,-0.001,0.001,0.906,-0.372,7.008,111.808,-115.218
0.001,-0.001,-0.001,0.002,0.906,-0.371,7.001,111.794,-115.282
-0.001,0.001,-0.001,0.002,0.906,-0.371,7.036,111.768,-115.412
0.001,-0.000,0.000,0.002,0.907,-0.373,7.012,111.769,-115.535
-0.001,0.001,-0.001,0.001,0.906,-0.373,7.025,111.772,-115.584
-0.000,-0.000,0.000,0.001,0.906,-0.373,7.075,111.774,-115.608
-0.001,-0.000,0.000,0.001,0.906,-0.372,7.131,111.757,-115.690
-0.001,-0.000,0.000,0.002,0.907,-0.372,7.139,111.757,-115.651
-0.001,-0.001,0.000,0.001,0.907,-0.372,7.121,111.760,-115.595
-0.000,-0.000,0.000,0.001,0.907,-0.372,7.121,111.758,-115.578
-0.000,-0.001,0.000,0.001,0.907,-0.372,7.140,111.751,-115.651
0.001,-0.001,0.000,0.002,0.906,-0.373,7.147,111.751,-115.714
0.001,-0.001,-0.001,0.002,0.906,-0.373,7.136,111.764,-115.667
0.001,-0.001,-0.001,0.002,0.907,-0.373,7.096,111.778,-115.615
-0.001,-0.001,-0.001,0.002,0.906,-0.372,7.073,111.788,-115.545
-0.001,-0.001,0.001,0.002,0.906,-0.372,7.081,111.793,-115.448
-0.001,-0.000,0.000,0.001,0.906,-0.372,7.056,111.795,-115.367
-0.001,-0.001,-0.001,0.001,0.906,-0.372,7.103,111.786,-115.387
-0.000,-0.000,0.000,0.001,0.906,-0.372,7.120,111.787,-115.323
-0.000,-0.000,-0.001,0.001,0.906,-0.372,7.100,111.790,-115.290
0.002,-0.001,-0.001,0.002,0.906,-0.372,7.125,111.775,-115.352
0.001,-0.001,0.000,0.002,0.906,-0.372,7.081,111.787,-115.259
-0.000,-0.000,0.000,0.002,0.906,-0.372,6.991,111.816,-115.056
-0.000,-0.000,0.000,0.001,0.907,-0.373,6.943,111.825,-115.011
-0.001,0.001,0.000,0.001,0.906,-0.373,6.875,111.846,-114.850
-0.001,-0.000,0.000,0.001,0.906,-0.373,6.918,111.830,-114.955
0.001,-0.001,0.000,0.001,0.907,-0.373,6.943,111.817,-115.048
0.001,-0.000,0.001,0.001,0.907,-0.372,6.953,111.808,-115.111
-0.001,-0.000,0.000,0.001,0.907,-0.372,6.959,111.800,-115.154
-0.001,-0.000,-0.001,0.001,0.906,-0.372,6.992,111.790,-115.200
0.001,-0.000,0.000,0.001,0.906,-0.372,6.938,111.802,-115.128
0.001,0.001,0.000,0.001,0.906,-0.372,6.995,111.791,-115.154
-0.001,0.001,0.000,0.002,0.906,-0.372,6.944,111.794,-115.179
0.001,-0.001,0.000,0.002,0.907,-0.372,6.946,111.791,-115.187
-0.001,-0.000,0.000,0.002,0.907,-0.372,6.946,111.788,-115.177
0.001,-0.000,-0.001,0.001,0.906,-0.372,6.923,111.794,-115.160
-0.001,-0.000,-0.001,0.001,0.906,-0.372,6.938,111.793,-115.175
-0.001,-0.000,0.001,0.001,0.906,-0.373,7.001,111.780,-115.278
-0.000,0.001,0.000,0.001,0.906,-0.373,7.062,111.775,-115.291
-0.000,-0.001,-0.001,0.001,0.906,-0.372,7.081,111.772,-115.289
0.001,-0.000,0.000,0.001,0.906,-0.373,7.029,111.787,-115.212
-0.001,0.001,-0.001,0.001,0.906,-0.373,7.012,111.789,-115.262
-0.000,-0.001,0.000,0.001,0.906,-0.372,7.001,111.790,-115.297
-0.001,0.001,-0.001,0.001,0.906,-0.373,6.985,111.799,-115.262
-0.000,0.001,0.000,0.001,0.906,-0.372,7.020,111.796,-115.298
-0.000,-0.003,-0.001,0.001,0.906,-0.372,7.059,111.784,-115.355
-0.000,-0.000,-0.001,0.001,0.906,-0.373,7.079,111.784,-115.381
0.001,-0.001,-0.001,0.002,0.906,-0.373,7.011,111.804,-115.299
-0.001,0.001,0.000,0.002,0.906,-0.373,6.981,111.816,-115.242
0.002,-0.000,0.000,0.002,0.906,-0.372,7.010,111.811,-115.245
-0.000,-0.000,0.000,0.001,0.906,-0.373,6.970,111.825,-115.169
-0.003,0.001,-0.001,0.001,0.906,-0.373,6.948,111.834,-115.145
-0.000,-0.003,0.000,0.001,0.906,-0.373,6.956,111.828,-115.241
-0.001,-0.001,0.000,0.001,0.906,-0.372,6.981,111.822,-115.261
-0.000,0.001,0.001,0.001,0.906,-0.372,6.962,111.822,-115.204
-0.000,-0.000,0.001,0.001,0.906,-0.372,6.996,111.811,-115.185
-0.001,-0.000,-0.001,0.001,0.907,-0.372,7.014,111.802,-115.161
0.001,-0.000,0.000,0.001,0.907,-0.372,7.010,111.793,-115.204
-0.000,-0.000,0.000,0.002,0.906,-0.373,7.041,111.788,-115.237
-0.003,-0.000,0.000,0.000,0.906,-0.373,7.077,111.782,-115.287
0.001,-0.001,0.000,0.000,0.906,-0.373,7.055,111.789,-115.271
-0.000,-0.000,0.000,0.001,0.907,-0.373,6.991,111.805,-115.206
-0.001,0.001,0.000,0.001,0.907,-0.372,6.953,111.812,-115.129
0.001,-0.000,-0.001,0.001,0.907,-0.373,6.884,111.823,-115.025
-0.001,-0.000,0.000,0.001,0.907,-0.373,6.891,111.826,-114.998
-0.001,-0.000,0.001,0.002,0.906,-0.372,6.884,111.825,-114.963
0.002,0.001,0.000,0.001,0.906,-0.373,6.905,111.816,-115.019
-0.001,-0.001,-0.001,0.001,0.906,-0.373,6.932,111.809,-115.092
-0.001,-0.000,0.000,0.001,0.906,-0.372,6.968,111.801,-115.136
-0.000,-0.001,-0.001,0.002,0.906,-0.372,6.941,111.805,-115.134
-0.000,-0.000,-0.001,0.002,0.906,-0.372,6.919,111.814,-115.069
0.001,0.001,0.000,0.001,0.906,-0.372,6.941,111.806,-115.144
-0.000,-0.000,0.000,0.001,0.906,-0.372,6.880,111.819,-115.089
-0.003,-0.000,0.000,0.001,0.906,-0.372,6.907,111.809,-115.187
-0.000,0.001,-0.001,0.001,0.906,-0.372,6.948,111.799,-115.260
-0.000,-0.000,0.000,0.001,0.907,-0.373,6.945,111.800,-115.264
-0.001,0.001,-0.001,0.001,0.906,-0.372,6.938,111.801,-115.279
0.001,-0.000,0.000,0.001,0.906,-0.372,6.997,111.786,-115.374
-0.001,-0.000,0.001,0.001,0.906,-0.372,6.938,111.801,-115.324
0.001,-0.000,0.000,0.001,0.906,-0.372,6.941,111.798,-115.366
-0.001,-0.000,0.000,0.001,0.906,-0.372,6.977,111.792,-115.364
0.001,-0.001,0.000,0.001,0.906,-0.372,7.008,111.786,-115.361
-0.000,-0.000,0.000,0.001,0.906,-0.373,6.980,111.791,-115.351
-0.000,-0.001,0.001,0.001,0.906,-0.373,6.997,111.789,-115.393
-0.001,0.001,0.000,0.001,0.906,-0.373,7.013,111.790,-115.422
0.001,-0.001,0.000,0.001,0.906,-0.373,7.016,111.795,-115.397
-0.000,-0.001,-0.001,0.001,0.906,-0.373,6.927,111.819,-115.261
-0.003,0.001,0.000,0.002,0.907,-0.373,6.910,111.822,-115.260
-0.003,-0.001,0.000,0.002,0.906,-0.372,6.923,111.818,-115.263
-0.001,-0.000,0.000,0.002,0.906,-0.372,6.946,111.814,-115.252
-0.000,-0.000,-0.002,0.001,0.906,-0.372,6.883,111.823,-115.216
-0.001,-0.001,0.000,0.001,0.907,-0.372,6.871,111.827,-115.142
-0.000,-0.000,0.000,0.001,0.906,-0.372,6.954,111.807,-115.172
-0.000,-0.001,-0.001,0.001,0.906,-0.372,7.040,111.781,-115.320
0.001,-0.000,0.001,0.001,0.906,-0.372,7.021,111.776,-115.389
-0.003,0.002,0.001,0.001,0.906,-0.372,6.973,111.782,-115.407
0.001,-0.000,-0.001,0.001,0.906,-0.372,6.985,111.781,-115.446
-0.000,0.001,0.001,0.001,0.906,-0.372,6.936,111.798,-115.338
0.002,-0.000,-0.001,0.002,0.906,-0.373,6.931,111.798,-115.362
-0.000,-0.001,-0.001,0.002,0.906,-0.373,6.878,111.816,-115.265
-0.003,-0.003,-0.001,0.002,0.906,-0.373,6.850,111.830,-115.195
0.001,-0.001,-0.002,0.002,0.906,-0.373,6.785,111.854,-115.088
-0.001,-0.001,-0.001,0.001,0.906,-0.373,6.809,111.849,-115.124
-0.003,-0.000,0.001,0.001,0.906,-0.373,6.834,111.843,-115.159
-0.000,-0.001,0.000,0.002,0.906,-0.372,6.868,111.835,-115.168
-0.001,-0.000,0.000,0.001,0.906,-0.372,6.902,111.830,-115.145
0.001,-0.001,-0.001,0.001,0.906,-0.372,6.854,111.832,-115.180
-0.001,-0.000,-0.001,0.001,0.907,-0.373,6.837,111.834,-115.195
-0.000,-0.004,0.000,0.001,0.907,-0.373,6.846,111.835,-115.189
0.002,-0.000,-0.001,0.001,0.907,-0.373,6.884,111.827,-115.204
-0.001,-0.001,-0.001,0.001,0.907,-0.373,6.866,111.836,-115.114
0.001,-0.001,0.000,0.001,0.906,-0.372,6.882,111.834,-115.073
-0.001,-0.000,-0.001,0.001,0.906,-0.372,6.920,111.821,-115.108
-0.001,-0.000,0.000,0.001,0.906,-0.372,6.941,111.815,-115.113
-0.000,-0.001,0.000,0.001,0.906,-0.372,6.978,111.806,-115.120
-0.000,-0.003,0.000,0.001,0.906,-0.372,7.039,111.790,-115.160
-0.000,-0.000,0.000,0.001,0.907,-0.372,7.084,111.773,-115.215
0.002,-0.001,0.000,0.002,0.907,-0.373,6.989,111.792,-115.136
-0.001,0.001,0.001,0.002,0.907,-0.373,7.018,111.790,-115.148
0.001,0.001,0.000,0.002,0.906,-0.372,7.047,111.783,-115.211
-0.001,-0.001,-0.001,0.001,0.907,-0.372,7.052,111.781,-115.194
-0.000,-0.000,-0.001,0.001,0.906,-0.373,7.050,111.785,-115.171
-0.000,-0.000,0.000,0.001,0.906,-0.373,7.041,111.791,-115.196
0.001,-0.001,0.000,0.001,0.907,-0.372,7.009,111.794,-115.178
-0.001,0.001,-0.001,0.001,0.907,-0.373,6.995,111.795,-115.179
0.002,-0.000,0.000,0.001,0.907,-0.373,6.987,111.802,-115.129
-0.000,-0.000,0.000,0.001,0.907,-0.372,6.975,111.807,-115.014
-0.000,0.001,0.000,0.001,0.907,-0.372,6.999,111.795,-115.030
-0.000,-0.000,-0.001,0.001,0.907,-0.372,7.044,111.776,-115.124
-0.000,-0.001,0.001,0.001,0.906,-0.372,7.079,111.751,-115.322
-0.000,-0.000,0.000,0.001,0.907,-0.372,7.054,111.756,-115.355
-0.001,-0.000,0.000,0.001,0.906,-0.372,7.018,111.768,-115.314
-0.001,0.001,-0.001,0.001,0.906,-0.372,7.025,111.769,-115.337
-0.000,-0.000,-0.001,0.002,0.906,-0.372,7.031,111.769,-115.392
0.001,-0.001,-0.001,0.001,0.906,-0.372,7.061,111.765,-115.421
-0.000,-0.000,-0.001,0.001,0.906,-0.372,7.105,111.752,-115.506
-0.000,0.001,0.000,0.001,0.906,-0.371,7.119,111.743,-115.601
-0.001,-0.000,0.001,0.001,0.906,-0.371,7.028,111.770,-115.411
-0.003,-0.000,-0.001,0.002,0.906,-0.372,6.977,111.788,-115.312
0.001,-0.001,0.000,0.002,0.906,-0.372,6.918,111.807,-115.184
-0.000,-0.000,0.000,0.002,0.906,-0.372,6.990,111.794,-115.221
-0.003,-0.000,0.000,0.002,0.906,-0.372,6.998,111.792,-115.213
0.001,-0.001,0.000,0.002,0.907,-0.372,7.007,111.790,-115.202
-0.000,-0.001,0.000,0.001,0.906,-0.372,6.974,111.799,-115.130
-0.000,0.001,0.000,0.001,0.906,-0.372,6.946,111.804,-115.086
-0.003,-0.001,0.000,0.001,0.906,-0.372,6.976,111.785,-115.241
-0.000,-0.000,0.000,0.001,0.907,-0.373,7.072,111.764,-115.364
-0.000,-0.000,-0.001,0.001,0.907,-0.373,7.086,111.765,-115.407
-0.001,0.001,0.000,0.001,0.906,-0.373,7.096,111.771,-115.448
-0.001,0.001,0.000,0.001,0.906,-0.372,7.109,111.781,-115.345
0.001,-0.001,0.001,0.001,0.906,-0.372,7.126,111.783,-115.320
-0.001,-0.001,-0.001,0.001,0.906,-0.372,7.117,111.790,-115.246
-0.000,0.001,0.000,0.002,0.906,-0.372,7.091,111.793,-115.202
0.001,-0.001,0.000,0.001,0.906,-0.372,7.060,111.792,-115.224
0.001,0.002,0.000,0.001,0.906,-0.372,7.004,111.801,-115.186
0.002,-0.001,-0.001,0.001,0.906,-0.373,6.985,111.804,-115.208
-0.000,-0.000,-0.001,0.002,0.906,-0.372,6.982,111.802,-115.235
-0.001,0.001,-0.001,0.001,0.906,-0.372,7.008,111.791,-115.286
0.001,-0.001,0.001,0.001,0.906,-0.372,6.991,111.789,-115.271
-0.001,-0.000,0.000,0.002,0.906,-0.372,6.956,111.800,-115.204
0.001,-0.001,0.000,0.001,0.906,-0.373,6.968,111.797,-115.245
-0.000,-0.003,-0.001,0.001,0.906,-0.373,7.002,111.796,-115.268
-0.000,-0.000,0.000,0.002,0.906,-0.373,7.007,111.794,-115.317
0.001,-0.000,0.000,0.002,0.906,-0.373,6.944,111.811,-115.250
0.001,-0.001,-0.001,0.001,0.906,-0.372,6.903,111.822,-115.178
-0.000,0.001,0.000,0.002,0.906,-0.372,6.810,111.840,-115.092
-0.001,-0.000,0.000,0.002,0.906,-0.372,6.828,111.832,-115.139
-0.001,-0.000,0.001,0.001,0.906,-0.372,6.806,111.828,-115.136
0.001,-0.000,0.000,0.002,0.906,-0.372,6.839,111.819,-115.159
-0.000,0.001,0.000,0.001,0.907,-0.373,6.866,111.816,-115.143
-0.003,-0.000,-0.001,0.001,0.907,-0.373,6.910,111.812,-115.139
-0.000,-0.000,-0.001,0.001,0.907,-0.372,6.912,111.810,-115.114
-0.000,-0.001,0.000,0.001,0.906,-0.372,6.915,111.810,-115.114
-0.000,-0.000,0.000,0.001,0.906,-0.372,6.896,111.806,-115.216
-0.000,-0.000,-0.001,0.001,0.906,-0.373,6.934,111.796,-115.337
-0.001,0.001,-0.001,0.001,0.906,-0.373,6.920,111.805,-115.343
-0.000,-0.001,0.000,0.002,0.906,-0.373,6.957,111.802,-115.368
-0.001,-0.000,0.000,0.002,0.906,-0.373,6.988,111.798,-115.394
-0.000,-0.000,0.000,0.001,0.906,-0.372,7.060,111.782,-115.465
-0.000,-0.003,-0.001,0.001,0.907,-0.372,7.066,111.780,-115.429
-0.001,-0.001,-0.001,0.001,0.907,-0.372,7.004,111.783,-115.393
0.001,-0.000,0.000,0.001,0.907,-0.372,6.920,111.806,-115.253
0.001,-0.000,0.000,0.001,0.906,-0.372,6.899,111.815,-115.164
-0.000,-0.001,0.000,0.001,0.906,-0.372,6.911,111.814,-115.160
0.001,-0.003,-0.001,0.001,0.907,-0.372,6.919,111.808,-115.188
-0.000,-0.000,0.000,0.002,0.906,-0.372,6.996,111.789,-115.263
-0.000,-0.000,-0.001,0.002,0.906,-0.372,7.014,111.784,-115.253
-0.001,-0.001,0.000,0.002,0.906,-0.372,7.056,111.764,-115.379
-0.000,0.001,0.000,0.001,0.906,-0.372,7.033,111.769,-115.373
-0.000,-0.001,-0.001,0.001,0.906,-0.373,6.994,111.786,-115.273
-0.001,-0.001,0.000,0.001,0.906,-0.373,6.973,111.797,-115.224
0.001,0.001,-0.001,0.001,0.906,-0.372,6.952,111.805,-115.188
-0.001,0.001,0.000,0.001,0.906,-0.372,6.978,111.799,-115.227
-0.000,0.001,0.000,0.001,0.906,-0.373,6.948,111.815,-115.137
-0.000,-0.001,0.000,0.001,0.907,-0.373,6.962,111.812,-115.199
-0.001,-0.001,-0.001,0.001,0.907,-0.372,6.903,111.824,-115.147
0.001,0.001,0.000,0.001,0.907,-0.372,6.970,111.811,-115.169
0.001,-0.000,0.001,0.001,0.906,-0.372,7.019,111.803,-115.147
-0.000,-0.000,-0.001,0.001,0.906,-0.373,7.036,111.802,-115.118
-0.000,0.001,-0.001,0.001,0.906,-0.373,7.023,111.805,-115.110
-0.001,-0.003,0.000,0.001,0.906,-0.372,6.971,111.808,-115.084
-0.000,-0.001,-0.001,0.001,0.906,-0.372,6.956,111.807,-115.094
0.001,-0.000,-0.001,0.001,0.906,-0.372,6.945,111.807,-115.148
-0.001,-0.001,-0.001,0.001,0.906,-0.372,6.932,111.801,-115.169
-0.000,-0.000,-0.001,0.001,0.905,-0.372,6.982,111.793,-115.190
-0.001,-0.000,-0.001,0.001,0.907,-0.372,6.988,111.794,-115.171
-0.001,0.001,-0.001,0.001,0.907,-0.372,7.014,111.778,-115.294
-0.000,-0.000,0.000,0.001,0.907,-0.373,7.003,111.785,-115.277
-0.000,-0.000,0.003,0.001,0.906,-0.372,6.989,111.793,-115.219
-0.001,-0.000,-0.001,0.001,0.906,-0.372,6.996,111.794,-115.196
-0.000,-0.001,0.000,0.001,0.906,-0.372,6.984,111.802,-115.146
-0.001,-0.000,-0.001,0.002,0.906,-0.372,6.966,111.805,-115.122
-0.001,-0.001,-0.001,0.002,0.906,-0.372,6.985,111.799,-115.144
0.001,-0.001,-0.001,0.001,0.906,-0.372,7.029,111.786,-115.184
-0.000,-0.000,0.001,0.001,0.906,-0.372,7.111,111.774,-115.224
-0.000,0.001,0.000,0.001,0.906,-0.372,7.183,111.759,-115.283
-0.000,-0.000,-0.002,0.001,0.906,-0.372,7.171,111.756,-115.308
-0.000,-0.000,0.001,0.001,0.906,-0.373,7.172,111.761,-115.309
-0.000,-0.001,0.000,0.001,0.906,-0.373,7.184,111.761,-115.329
-0.003,-0.001,0.000,0.001,0.906,-0.372,7.155,111.767,-115.298
-0.000,-0.000,0.000,0.002,0.906,-0.372,7.118,111.772,-115.295
-0.001,-0.001,0.000,0.002,0.906,-0.372,7.142,111.766,-115.338
-0.001,-0.000,0.000,0.001,0.907,-0.373,7.143,111.777,-115.277
-0.001,0.001,0.000,0.001,0.906,-0.372,7.110,111.779,-115.315
0.001,-0.001,0.001,0.001,0.906,-0.373,7.106,111.787,-115.259
-0.001,-0.000,0.000,0.001,0.906,-0.373,7.070,111.803,-115.155
-0.001,-0.000,-0.001,0.001,0.906,-0.372,7.033,111.806,-115.102
-0.000,-0.000,-0.001,0.001,0.906,-0.373,7.000,111.818,-114.989
-0.000,-0.000,0.000,0.001,0.906,-0.373,7.010,111.811,-115.075
0.001,-0.001,0.000,0.001,0.906,-0.372,7.026,111.801,-115.148
-0.001,-0.000,0.001,0.001,0.906,-0.373,7.028,111.801,-115.178
0.002,-0.003,0.000,0.001,0.906,-0.373,7.020,111.808,-115.163
-0.003,-0.001,0.000,0.001,0.906,-0.372,7.076,111.790,-115.213
-0.000,-0.001,0.000,0.001,0.906,-0.372,7.092,111.784,-115.255
-0.000,-0.000,-0.001,0.001,0.906,-0.373,7.049,111.786,-115.361
0.001,-0.000,0.000,0.001,0.906,-0.373,7.084,111.786,-115.410
-0.001,-0.001,0.000,0.001,0.906,-0.372,7.101,111.777,-115.512
0.001,-0.000,-0.001,0.002,0.907,-0.372,7.104,111.774,-115.555
-0.000,-0.000,0.000,0.002,0.907,-0.372,7.054,111.784,-115.509
-0.000,-0.000,0.000,0.001,0.907,-0.372,7.047,111.783,-115.528
0.002,-0.000,0.000,0.001,0.907,-0.372,7.049,111.782,-115.522
0.001,-0.000,0.000,0.001,0.907,-0.373,7.081,111.782,-115.467
-0.000,-0.000,0.001,0.001,0.907,-0.373,7.058,111.795,-115.382
0.001,-0.000,0.001,0.001,0.906,-0.372,7.055,111.789,-115.440
-0.001,-0.000,-0.001,0.001,0.906,-0.372,7.053,111.790,-115.410
-0.000,-0.001,0.000,0.001,0.906,-0.372,7.035,111.798,-115.343
0.001,-0.000,0.000,0.001,0.907,-0.373,6.991,111.814,-115.216
-0.000,-0.001,0.000,0.001,0.907,-0.373,6.917,111.838,-115.027
-0.000,-0.003,-0.001,0.001,0.906,-0.372,6.940,111.828,-115.023
-0.001,-0.000,0.000,0.001,0.906,-0.372,6.941,111.826,-114.980
-0.001,-0.001,0.000,0.001,0.907,-0.372,6.960,111.816,-115.005
0.001,-0.003,0.000,0.001,0.907,-0.372,6.984,111.806,-115.045
0.001,-0.000,-0.001,0.001,0.906,-0.372,6.952,111.812,-115.035
0.001,-0.001,-0.001,0.001,0.906,-0.372,7.008,111.796,-115.127
-0.000,-0.000,-0.001,0.001,0.906,-0.372,7.045,111.790,-115.115
-0.001,-0.000,-0.001,0.001,0.906,-0.373,7.169,111.764,-115.281
-0.000,-0.003,0.000,0.001,0.906,-0.372,7.110,111.775,-115.234
-0.000,0.001,0.000,0.001,0.906,-0.372,7.099,111.772,-115.232
-0.000,-0.001,-0.002,0.001,0.906,-0.373,7.096,111.776,-115.244
-0.000,-0.001,0.000,0.001,0.906,-0.372,7.088,111.775,-115.246
-0.000,-0.001,0.000,0.001,0.907,-0.373,7.064,111.778,-115.243
-0.000,0.001,0.000,0.001,0.907,-0.373,7.037,111.787,-115.222
-0.003,-0.001,-0.001,0.001,0.906,-0.372,7.046,111.786,-115.231
0.001,-0.003,-0.001,0.001,0.906,-0.372,7.066,111.782,-115.241
-0.000,-0.000,0.001,0.001,0.906,-0.372,7.046,111.787,-115.191
-0.000,-0.000,0.000,0.001,0.906,-0.372,7.035,111.796,-115.141
-0.000,-0.000,0.001,0.001,0.906,-0.373,7.014,111.806,-115.081
0.001,-0.001,0.000,0.001,0.906,-0.373,7.072,111.796,-115.157
-0.000,-0.000,0.001,0.001,0.906,-0.372,7.078,111.790,-115.211
-0.000,-0.001,0.000,0.001,0.906,-0.372,6.945,111.818,-115.078
-0.000,-0.001,-0.001,0.001,0.906,-0.373,6.920,111.823,-115.052
-0.001,-0.000,-0.001,0.001,0.906,-0.373,6.934,111.820,-115.071
-0.001,-0.000,0.000,0.001,0.907,-0.372,6.939,111.813,-115.132
0.001,0.001,-0.001,0.001,0.907,-0.372,6.937,111.808,-115.194
0.001,0.001,0.000,0.001,0.906,-0.372,6.911,111.808,-115.194
-0.000,-0.000,0.000,0.002,0.906,-0.373,6.869,111.816,-115.172
-0.000,-0.000,0.000,0.002,0.906,-0.373,6.881,111.817,-115.212
-0.001,-0.001,0.000,0.002,0.906,-0.372,6.823,111.829,-115.164
-0.001,-0.000,-0.001,0.001,0.906,-0.372,6.780,111.839,-115.073
-0.000,-0.001,0.000,0.001,0.906,-0.372,6.769,111.839,-115.034
-0.000,-0.001,0.000,0.001,0.906,-0.372,6.797,111.830,-115.035
-0.000,-0.001,-0.002,0.001,0.906,-0.372,6.833,111.826,-115.009
0.001,0.001,0.000,0.001,0.906,-0.372,6.916,111.809,-115.063
0.002,-0.000,0.000,0.001,0.906,-0.372,6.944,111.798,-115.130
-0.001,-0.000,-0.001,0.001,0.905,-0.372,6.958,111.795,-115.156
-0.001,-0.000,0.000,0.001,0.906,-0.372,6.987,111.790,-115.192
-0.000,-0.001,0.000,0.001,0.906,-0.372,6.951,111.804,-115.125
-0.001,-0.001,-0.001,0.001,0.907,-0.372,6.949,111.795,-115.163
0.001,-0.000,0.000,0.002,0.906,-0.372,6.913,111.799,-115.148
0.002,-0.001,-0.001,0.001,0.906,-0.373,6.961,111.792,-115.190
-0.000,-0.000,-0.001,0.001,0.906,-0.373,6.993,111.788,-115.248
-0.000,-0.000,-0.001,0.001,0.906,-0.372,7.014,111.786,-115.283
-0.000,-0.001,0.000,0.001,0.906,-0.373,7.094,111.774,-115.343
-0.000,-0.000,-0.001,0.001,0.906,-0.373,7.088,111.776,-115.388
-0.001,0.001,0.001,0.001,0.906,-0.373,7.108,111.787,-115.314
-0.003,0.001,0.000,0.001,0.906,-0.372,7.123,111.781,-115.349
0.001,-0.001,0.000,0.001,0.906,-0.372,7.130,111.775,-115.324
-0.000,-0.000,0.000,0.001,0.906,-0.372,7.046,111.784,-115.307
-0.000,-0.003,-0.001,0.001,0.907,-0.372,7.061,111.780,-115.324
-0.000,-0.000,0.000,0.001,0.907,-0.373,7.057,111.785,-115.288
-0.000,-0.001,0.001,0.001,0.907,-0.373,6.987,111.802,-115.218
0.001,-0.000,0.000,0.001,0.906,-0.372,6.960,111.800,-115.275
0.001,-0.001,0.000,0.001,0.906,-0.372,7.030,111.777,-115.436
-0.000,-0.000,0.000,0.001,0.907,-0.372,6.948,111.791,-115.381
0.001,-0.003,0.000,0.001,0.907,-0.372,6.957,111.789,-115.378
-0.000,-0.001,-0.001,0.001,0.907,-0.372,6.957,111.794,-115.315
-0.000,-0.003,0.000,0.001,0.906,-0.372,7.007,111.786,-115.291
-0.001,-0.003,0.000,0.001,0.906,-0.372,6.982,111.795,-115.234
-0.000,-0.000,0.000,0.000,0.906,-0.372,6.992,111.790,-115.297
-0.000,-0.001,-0.001,0.000,0.906,-0.372,6.971,111.800,-115.240
-0.000,-0.000,0.001,0.001,0.906,-0.371,6.906,111.795,-115.275
-0.000,-0.001,0.001,0.001,0.906,-0.372,6.905,111.789,-115.305
0.001,-0.001,0.000,0.001,0.906,-0.372,6.881,111.795,-115.260
-0.001,-0.000,0.000,0.001,0.906,-0.372,6.929,111.792,-115.255
0.001,-0.000,0.000,0.001,0.906,-0.372,6.916,111.797,-115.238
-0.001,-0.000,0.001,0.001,0.907,-0.372,6.827,111.817,-115.108
-0.001,0.001,0.000,0.001,0.907,-0.372,6.826,111.815,-115.104
-0.001,-0.001,-0.001,0.001,0.906,-0.372,6.863,111.811,-115.126
-0.000,0.002,-0.001,0.002,0.906,-0.372,6.844,111.820,-115.073
-0.001,-0.000,0.000,0.002,0.906,-0.372,6.844,111.827,-115.018
-0.000,-0.000,0.000,0.001,0.906,-0.372,6.848,111.827,-114.981
0.001,-0.003,-0.001,0.001,0.906,-0.372,6.876,111.822,-114.947
-0.001,-0.000,-0.001,0.001,0.906,-0.372,6.867,111.821,-114.915
-0.000,-0.001,-0.001,0.001,0.906,-0.372,6.866,111.815,-114.906
-0.000,-0.001,-0.001,0.001,0.906,-0.373,6.922,111.801,-114.982
0.001,-0.000,0.000,0.002,0.906,-0.373,6.960,111.797,-115.050
-0.001,0.001,0.000,0.002,0.906,-0.373,6.938,111.805,-115.043
-0.000,-0.000,0.000,0.001,0.906,-0.372,6.937,111.805,-115.025
-0.001,0.001,0.001,0.001,0.906,-0.372,6.967,111.797,-115.054
-0.000,0.001,-0.001,0.001,0.906,-0.372,7.006,111.787,-115.146
-0.001,-0.001,-0.001,0.001,0.906,-0.372,7.010,111.785,-115.174
-0.000,-0.000,0.001,0.001,0.906,-0.372,7.027,111.781,-115.197
-0.001,-0.000,0.001,0.001,0.906,-0.373,7.007,111.786,-115.224
0.001,0.001,-0.002,0.001,0.907,-0.372,6.975,111.802,-115.111
0.001,-0.001,0.001,0.002,0.906,-0.372,6.911,111.813,-115.051
0.001,-0.001,0.000,0.002,0.906,-0.372,6.947,111.802,-115.106
-0.000,-0.000,-0.001,0.002,0.907,-0.372,6.981,111.778,-115.257
-0.001,0.001,-0.001,0.001,0.906,-0.372,6.963,111.777,-115.306
0.001,-0.000,0.000,0.001,0.906,-0.372,6.958,111.778,-115.357
-0.000,-0.000,-0.001,0.001,0.906,-0.373,6.965,111.782,-115.384
-0.001,-0.000,0.000,0.001,0.907,-0.373,6.996,111.780,-115.410
-0.000,-0.000,0.000,0.001,0.907,-0.373,7.042,111.778,-115.374
0.001,-0.000,0.001,0.001,0.906,-0.373,6.983,111.804,-115.240
-0.001,0.002,0.000,0.001,0.906,-0.373,7.004,111.804,-115.225
-0.001,-0.001,0.001,0.001,0.906,-0.373,6.958,111.823,-115.083
-0.001,0.002,0.001,0.001,0.906,-0.373,6.961,111.823,-115.064
-0.000,-0.000,-0.001,0.001,0.906,-0.372,6.958,111.826,-115.011
-0.000,-0.000,0.000,0.001,0.906,-0.372,6.953,111.822,-115.017
0.001,-0.000,0.000,0.001,0.906,-0.372,6.944,111.818,-115.034
-0.000,-0.000,-0.001,0.001,0.907,-0.372,7.034,111.797,-115.098
-0.000,0.001,0.001,0.002,0.906,-0.372,7.024,111.790,-115.164
-0.000,-0.001,-0.001,0.002,0.906,-0.372,6.970,111.797,-115.145
-0.000,-0.000,-0.001,0.000,0.907,-0.372,6.954,111.803,-115.101
0.001,-0.001,0.000,0.002,0.907,-0.372,6.977,111.789,-115.205
0.001,-0.000,0.000,0.001,0.905,-0.372,7.000,111.781,-115.267
-0.001,-0.000,0.000,0.001,0.905,-0.372,6.975,111.787,-115.256
-0.001,-0.001,0.001,0.001,0.906,-0.372,7.042,111.773,-115.326
-0.001,-0.000,0.000,0.001,0.906,-0.372,7.081,111.764,-115.391
-0.000,-0.000,-0.001,0.001,0.906,-0.372,7.103,111.754,-115.475
0.001,-0.000,0.000,0.001,0.906,-0.372,7.084,111.759,-115.469
-0.001,-0.000,0.000,0.001,0.906,-0.372,7.006,111.771,-115.468
-0.000,0.001,0.001,0.001,0.907,-0.373,6.905,111.794,-115.415
-0.000,-0.000,0.001,0.001,0.906,-0.372,7.001,111.772,-115.567
-0.000,-0.001,0.000,0.001,0.906,-0.371,6.937,111.786,-115.489
-0.000,-0.000,0.000,0.001,0.906,-0.371,6.922,111.794,-115.377
0.002,-0.001,-0.001,0.001,0.906,-0.372,6.900,111.810,-115.259
-0.003,-0.001,-0.001,0.001,0.906,-0.372,6.863,111.825,-115.132
-0.001,-0.001,0.000,0.001,0.906,-0.372,6.861,111.828,-115.090
0.001,-0.000,0.000,0.001,0.906,-0.373,6.886,111.822,-115.139
-0.001,-0.000,-0.001,0.001,0.906,-0.372,6.908,111.822,-115.094
-0.000,-0.001,0.000,0.001,0.906,-0.372,6.873,111.827,-115.042
-0.000,-0.000,0.001,0.001,0.906,-0.372,6.825,111.831,-114.978
-0.001,-0.000,-0.001,0.001,0.907,-0.372,6.890,111.810,-115.007
-0.001,-0.001,0.001,0.001,0.906,-0.372,6.945,111.796,-115.080
-0.001,0.001,0.000,0.001,0.906,-0.372,6.998,111.785,-115.170
-0.000,-0.001,0.000,0.001,0.906,-0.372,7.018,111.779,-115.227
-0.001,-0.000,0.000,0.001,0.906,-0.372,7.070,111.778,-115.190
-0.004,0.001,0.000,0.001,0.906,-0.372,7.082,111.781,-115.162
0.002,0.001,0.000,0.001,0.907,-0.372,7.059,111.790,-115.075
-0.001,-0.001,0.001,0.001,0.906,-0.372,7.055,111.788,-115.068
-0.000,-0.000,0.000,0.001,0.906,-0.372,7.055,111.786,-115.062
-0.000,-0.000,-0.001,0.001,0.906,-0.372,7.095,111.763,-115.243
-0.000,-0.001,-0.001,0.001,0.906,-0.372,7.141,111.750,-115.351
-0.000,-0.000,0.001,0.001,0.906,-0.372,7.120,111.757,-115.323
-0.001,-0.000,0.001,0.001,0.906,-0.372,7.146,111.747,-115.370
-0.001,-0.001,0.000,0.000,0.906,-0.372,7.125,111.751,-115.394
-0.000,-0.000,0.000,0.000,0.906,-0.372,7.096,111.763,-115.386
0.001,-0.000,0.000,0.001,0.906,-0.372,7.052,111.774,-115.347
-0.001,-0.000,0.001,0.001,0.907,-0.372,7.023,111.778,-115.363
-0.000,-0.000,-0.001,0.001,0.907,-0.372,6.939,111.795,-115.298
-0.001,-0.001,0.003,0.001,0.906,-0.373,6.958,111.793,-115.343
-0.000,0.001,0.000,0.001,0.907,-0.372,6.959,111.793,-115.316
-0.000,-0.001,0.000,0.001,0.906,-0.372,6.883,111.805,-115.263
-0.000,-0.000,0.000,0.001,0.906,-0.372,6.857,111.809,-115.244
-0.000,0.001,0.000,0.001,0.906,-0.372,6.836,111.814,-115.242
-0.001,-0.000,0.000,0.001,0.906,-0.372,6.832,111.814,-115.241
-0.001,0.001,0.000,0.001,0.906,-0.372,6.773,111.827,-115.133
0.001,-0.000,-0.001,0.001,0.906,-0.372,6.811,111.823,-115.117
0.001,-0.001,0.000,0.002,0.906,-0.372,6.804,111.825,-115.102
-0.000,-0.000,0.000,0.002,0.906,-0.372,6.802,111.826,-115.091
-0.000,-0.000,-0.001,0.001,0.906,-0.372,6.853,111.818,-115.139
0.001,-0.000,0.000,0.001,0.906,-0.372,6.876,111.813,-115.127
-0.000,0.001,0.000,0.001,0.906,-0.372,6.967,111.800,-115.129
-0.000,-0.001,0.001,0.001,0.906,-0.372,6.980,111.796,-115.182
-0.001,0.001,0.000,0.001,0.906,-0.373,7.010,111.790,-115.251
-0.001,-0.000,0.001,0.001,0.906,-0.372,7.032,111.786,-115.267
-0.001,-0.000,0.000,0.001,0.906,-0.372,7.055,111.777,-115.329
-0.000,-0.001,0.001,0.002,0.907,-0.373,7.052,111.778,-115.348
-0.000,0.001,-0.001,0.001,0.906,-0.371,6.969,111.785,-115.371
-0.004,-0.001,0.000,0.001,0.906,-0.371,7.020,111.765,-115.467
-0.000,0.001,0.000,0.001,0.906,-0.373,6.881,111.804,-115.324
-0.000,-0.000,0.000,0.001,0.906,-0.372,6.917,111.802,-115.302
-0.003,0.001,0.001,0.001,0.906,-0.372,6.880,111.808,-115.260
0.001,0.001,-0.001,0.001,0.906,-0.372,6.871,111.814,-115.225
-0.000,-0.000,-0.001,0.001,0.906,-0.372,6.883,111.807,-115.286
-0.001,-0.000,0.000,0.001,0.906,-0.372,6.910,111.800,-115.331
-0.000,-0.000,-0.001,0.001,0.906,-0.372,6.919,111.809,-115.235
-0.000,-0.000,0.000,0.000,0.906,-0.372,6.923,111.812,-115.175
-0.000,-0.000,-0.001,0.000,0.906,-0.372,6.904,111.816,-115.119
-0.000,-0.000,0.000,0.001,0.906,-0.372,6.945,111.804,-115.220
0.001,-0.000,0.000,0.002,0.906,-0.372,6.977,111.790,-115.390
0.001,-0.001,-0.002,0.001,0.906,-0.372,7.017,111.781,-115.477
0.001,-0.000,0.000,0.001,0.906,-0.372,7.106,111.764,-115.569
-0.001,0.001,-0.001,0.001,0.907,-0.372,7.106,111.768,-115.522
-0.000,0.001,0.000,0.001,0.907,-0.372,7.068,111.781,-115.414
0.001,-0.003,0.000,0.001,0.907,-0.372,7.029,111.792,-115.329
0.001,0.001,0.000,0.000,0.906,-0.372,7.025,111.793,-115.281
-0.000,0.001,0.000,0.001,0.906,-0.372,7.017,111.792,-115.257
-0.001,-0.001,0.000,0.001,0.906,-0.372,6.974,111.800,-115.178
0.001,0.001,0.000,0.001,0.906,-0.372,6.897,111.819,-115.093
-0.000,-0.001,0.000,0.001,0.907,-0.372,6.825,111.827,-115.034
0.001,-0.000,0.000,0.001,0.906,-0.373,6.824,111.827,-115.022
-0.001,-0.001,0.000,0.001,0.906,-0.373,6.843,111.828,-115.021
-0.000,-0.000,0.000,0.001,0.906,-0.372,6.869,111.817,-115.082
-0.000,-0.000,-0.001,0.001,0.906,-0.372,6.872,111.815,-115.101
-0.001,-0.001,0.000,0.001,0.906,-0.372,6.892,111.813,-115.110
0.001,-0.001,-0.001,0.001,0.906,-0.372,6.924,111.802,-115.205
-0.000,-0.000,0.000,0.001,0.906,-0.372,6.919,111.803,-115.212
-0.000,0.001,0.000,0.001,0.906,-0.372,6.847,111.817,-115.144
-0.001,-0.001,0.000,0.001,0.906,-0.373,6.877,111.810,-115.219
0.001,0.002,-0.001,0.001,0.906,-0.372,6.901,111.804,-115.270
-0.000,-0.001,0.001,0.001,0.906,-0.372,6.914,111.799,-115.285
-0.000,-0.001,0.000,0.002,0.906,-0.373,6.980,111.786,-115.409
-0.001,-0.000,0.000,0.001,0.906,-0.372,7.000,111.784,-115.418
-0.000,-0.001,0.000,0.001,0.906,-0.372,7.026,111.775,-115.450
-0.000,-0.000,-0.001,0.001,0.906,-0.372,7.104,111.756,-115.510
-0.000,-0.000,-0.002,0.001,0.907,-0.372,7.135,111.748,-115.564
0.001,-0.000,0.000,0.000,0.907,-0.373,7.115,111.761,-115.535
-0.000,0.001,0.000,0.000,0.907,-0.373,7.171,111.762,-115.496
-0.001,-0.000,0.000,0.001,0.907,-0.372,7.249,111.752,-115.482
-0.000,-0.001,0.000,0.001,0.906,-0.373,7.261,111.757,-115.436
-0.000,-0.001,0.000,0.001,0.906,-0.373,7.193,111.774,-115.395
-0.000,-0.001,-0.001,0.001,0.906,-0.372,7.139,111.778,-115.427
-0.001,-0.001,-0.001,0.002,0.906,-0.371,7.051,111.786,-115.414
-0.000,-0.001,0.001,0.002,0.906,-0.371,7.082,111.772,-115.452
-0.000,-0.000,0.000,0.001,0.907,-0.372,7.098,111.765,-115.477
0.001,-0.000,0.000,0.001,0.906,-0.372,7.036,111.781,-115.366
0.002,-0.000,-0.001,0.001,0.906,-0.371,7.117,111.765,-115.389
-0.000,-0.000,-0.001,0.001,0.906,-0.371,7.077,111.769,-115.350
-0.001,0.001,-0.001,0.001,0.907,-0.372,7.064,111.765,-115.368
-0.000,-0.001,0.000,0.001,0.906,-0.372,7.064,111.758,-115.414
-0.001,-0.001,0.000,0.001,0.906,-0.372,7.027,111.764,-115.389
0.001,-0.001,0.001,0.000,0.906,-0.372,6.954,111.782,-115.303
-0.000,-0.001,0.000,0.001,0.907,-0.372,6.957,111.782,-115.284
-0.001,-0.000,0.000,0.001,0.907,-0.372,6.969,111.779,-115.251
0.001,-0.000,0.000,0.001,0.906,-0.371,6.978,111.777,-115.217
-0.000,-0.001,0.000,0.000,0.907,-0.372,7.024,111.771,-115.192
-0.001,-0.000,0.000,0.000,0.907,-0.372,6.991,111.776,-115.198
-0.000,-0.000,0.000,0.001,0.906,-0.372,6.952,111.779,-115.199
-0.000,-0.000,0.000,0.001,0.906,-0.372,6.901,111.787,-115.209
-0.000,-0.000,0.000,0.001,0.906,-0.372,6.826,111.807,-115.121
-0.000,-0.000,-0.001,0.001,0.906,-0.372,6.871,111.800,-115.176
-0.005,0.001,0.000,0.001,0.906,-0.372,6.820,111.810,-115.145
-0.000,-0.000,-0.001,0.001,0.906,-0.372,6.831,111.802,-115.243
-0.000,-0.001,0.000,0.001,0.907,-0.373,6.880,111.791,-115.360
-0.004,-0.000,-0.001,0.002,0.907,-0.372,6.882,111.796,-115.320
-0.000,0.001,0.000,0.001,0.906,-0.372,6.983,111.781,-115.328
-0.000,0.001,0.000,0.001,0.906,-0.372,6.898,111.796,-115.234
0.001,-0.000,0.000,0.001,0.906,-0.372,6.907,111.794,-115.210
-0.000,-0.000,-0.001,0.001,0.907,-0.371,6.926,111.786,-115.214
-0.001,-0.000,0.000,0.001,0.907,-0.371,6.940,111.775,-115.251
0.001,-0.000,-0.001,0.001,0.906,-0.371,6.912,111.783,-115.189
-0.000,-0.000,0.000,0.001,0.906,-0.372,6.940,111.777,-115.222
-0.000,-0.000,0.000,0.001,0.906,-0.372,6.982,111.776,-115.220
-0.000,-0.000,0.000,0.000,0.906,-0.373,6.963,111.786,-115.202
-0.001,-0.000,0.000,0.001,0.906,-0.372,6.989,111.785,-115.230
-0.003,-0.000,-0.001,0.001,0.907,-0.373,6.942,111.791,-115.262
-0.001,-0.001,0.000,0.001,0.907,-0.373,6.932,111.795,-115.266
-0.001,0.001,-0.001,0.001,0.907,-0.372,6.904,111.793,-115.307
-0.000,0.001,0.000,0.001,0.907,-0.372,6.872,111.799,-115.270
0.001,-0.000,0.001,0.001,0.907,-0.372,6.889,111.794,-115.315
-0.000,-0.000,0.000,0.001,0.906,-0.372,6.908,111.795,-115.290
0.002,-0.001,0.000,0.001,0.906,-0.372,6.875,111.804,-115.242
-0.000,-0.000,0.001,0.001,0.907,-0.373,6.899,111.803,-115.247
-0.001,-0.000,0.000,0.001,0.907,-0.372,6.954,111.795,-115.265
-0.001,-0.000,0.000,0.001,0.906,-0.372,6.898,111.808,-115.176
-0.000,-0.000,-0.001,0.001,0.906,-0.372,6.939,111.799,-115.215
-0.000,-0.000,0.000,0.002,0.907,-0.371,6.920,111.796,-115.183
0.001,-0.000,-0.001,0.002,0.906,-0.372,6.928,111.782,-115.291
-0.003,0.001,-0.001,0.002,0.906,-0.372,6.947,111.779,-115.297
-0.000,0.001,-0.001,0.001,0.907,-0.372,6.902,111.798,-115.169
-0.000,-0.000,0.000,0.001,0.907,-0.372,6.856,111.817,-115.001
-0.001,-0.000,0.000,0.001,0.907,-0.372,6.856,111.814,-115.010
-0.000,0.001,0.000,0.001,0.906,-0.372,6.854,111.812,-115.025
-0.000,-0.000,0.001,0.001,0.907,-0.372,6.890,111.801,-115.027
-0.000,-0.001,0.000,0.001,0.906,-0.372,6.966,111.785,-115.088
-0.000,0.001,0.000,0.001,0.906,-0.372,7.018,111.773,-115.181
0.001,-0.001,0.000,0.001,0.906,-0.372,7.009,111.780,-115.102
-0.000,-0.000,0.001,0.001,0.907,-0.372,6.979,111.789,-115.016
-0.001,-0.001,0.000,0.001,0.907,-0.372,6.866,111.811,-114.887
-0.000,0.001,-0.001,0.001,0.907,-0.372,6.801,111.824,-114.782
-0.000,-0.000,0.001,0.001,0.906,-0.372,6.829,111.815,-114.826
-0.000,-0.001,0.000,0.001,0.906,-0.372,6.902,111.797,-114.965
-0.001,-0.000,0.000,0.002,0.906,-0.372,6.959,111.783,-115.086
0.001,0.001,-0.001,0.002,0.907,-0.373,6.984,111.779,-115.168
-0.000,-0.001,-0.001,0.001,0.906,-0.372,6.973,111.785,-115.171
-0.000,-0.000,0.000,0.001,0.906,-0.372,6.962,111.786,-115.219
0.001,-0.000,0.000,0.001,0.906,-0.372,6.977,111.789,-115.205
-0.000,0.001,0.000,0.001,0.907,-0.372,6.954,111.797,-115.157
-0.000,-0.001,0.000,0.001,0.907,-0.372,6.913,111.804,-115.111
0.001,-0.000,0.000,0.001,0.906,-0.372,6.853,111.815,-115.065
-0.000,-0.000,-0.001,0.001,0.906,-0.372,6.746,111.836,-114.980
0.002,0.001,-0.001,0.001,0.907,-0.372,6.680,111.845,-114.904
0.001,-0.000,-0.001,0.001,0.906,-0.373,6.754,111.840,-114.909
-0.003,-0.003,0.000,0.001,0.906,-0.373,6.813,111.838,-114.903
-0.000,0.001,0.000,0.001,0.906,-0.373,6.898,111.825,-114.996
0.001,-0.000,0.000,0.001,0.906,-0.372,6.936,111.818,-114.975
-0.000,-0.000,-0.001,0.001,0.906,-0.372,6.953,111.811,-115.015
-0.000,-0.003,0.000,0.001,0.906,-0.372,6.991,111.796,-115.128
-0.001,-0.001,0.000,0.001,0.907,-0.372,7.046,111.777,-115.287
0.001,-0.000,0.000,0.001,0.907,-0.372,7.049,111.775,-115.318
0.001,0.001,0.001,0.001,0.907,-0.372,7.078,111.771,-115.318
-0.001,-0.000,0.000,0.001,0.907,-0.371,7.065,111.762,-115.299
-0.000,-0.000,0.000,0.001,0.907,-0.372,7.024,111.773,-115.235
0.001,-0.001,0.000,0.002,0.907,-0.372,7.015,111.775,-115.246
0.001,0.002,-0.001,0.002,0.907,-0.372,7.030,111.773,-115.269
-0.000,-0.000,0.000,0.002,0.906,-0.372,7.029,111.774,-115.266
0.001,-0.000,0.000,0.001,0.906,-0.373,7.080,111.767,-115.314
-0.000,-0.000,-0.001,0.001,0.906,-0.373,7.164,111.756,-115.378
-0.001,-0.000,0.000,0.001,0.906,-0.372,7.162,111.752,-115.418
-0.001,-0.000,0.000,0.001,0.907,-0.372,7.093,111.761,-115.418
0.001,0.001,0.000,0.001,0.907,-0.372,7.031,111.769,-115.430
-0.000,-0.000,0.000,0.001,0.906,-0.372,6.983,111.780,-115.436
-0.000,-0.000,0.001,0.001,0.907,-0.372,6.969,111.782,-115.406
-0.000,0.001,0.000,0.001,0.906,-0.372,6.983,111.784,-115.343
-0.001,0.001,0.000,0.001,0.906,-0.372,6.994,111.788,-115.230
-0.001,-0.000,0.000,0.001,0.906,-0.372,6.982,111.794,-115.196
0.001,-0.000,0.001,0.001,0.906,-0.372,6.924,111.810,-115.114
-0.001,0.001,0.000,0.001,0.906,-0.372,6.860,111.817,-115.049
-0.001,-0.000,0.000,0.001,0.906,-0.371,6.870,111.806,-115.082
-0.001,0.001,-0.001,0.001,0.906,-0.371,6.857,111.799,-115.086
-0.001,0.001,0.000,0.001,0.906,-0.372,6.989,111.769,-115.307
-0.000,-0.000,0.000,0.000,0.906,-0.372,7.048,111.756,-115.402
-0.001,-0.001,0.000,0.000,0.907,-0.372,7.067,111.755,-115.401
-0.000,-0.001,0.000,0.000,0.907,-0.372,7.063,111.756,-115.368
0.001,0.002,0.003,0.001,0.907,-0.372,7.033,111.768,-115.300
-0.000,-0.000,0.000,0.001,0.906,-0.372,7.090,111.756,-115.409
-0.000,-0.000,0.000,0.001,0.906,-0.372,7.037,111.769,-115.405
0.002,-0.001,0.000,0.001,0.906,-0.372,6.976,111.788,-115.286
-0.001,-0.000,-0.001,0.001,0.906,-0.373,6.992,111.791,-115.262
-0.000,-0.000,0.000,0.001,0.906,-0.373,7.000,111.798,-115.240
-0.001,-0.000,0.000,0.000,0.906,-0.372,6.969,111.806,-115.130
-0.000,-0.001,0.001,0.001,0.906,-0.372,6.940,111.809,-115.087
-0.000,0.001,0.000,0.001,0.906,-0.372,6.917,111.813,-115.041
-0.001,0.001,0.000,0.001,0.906,-0.372,6.893,111.815,-115.031
0.001,-0.001,0.000,0.001,0.906,-0.372,6.849,111.816,-115.065
-0.001,0.001,-0.001,0.001,0.907,-0.373,6.830,111.822,-115.033
-0.001,0.001,0.000,0.001,0.907,-0.373,6.864,111.816,-115.064
-0.001,-0.000,0.000,0.001,0.906,-0.372,6.887,111.807,-115.126
-0.000,-0.000,-0.001,0.001,0.906,-0.372,6.946,111.794,-115.181
-0.001,-0.000,0.000,0.001,0.906,-0.372,6.937,111.800,-115.140
-0.001,-0.001,0.000,0.001,0.906,-0.372,6.965,111.798,-115.151
-0.000,-0.000,0.000,0.001,0.906,-0.372,7.013,111.787,-115.218
0.001,-0.001,0.001,0.002,0.906,-0.373,7.003,111.792,-115.233
0.001,-0.000,-0.001,0.002,0.906,-0.373,6.992,111.800,-115.247
-0.000,0.001,0.000,0.001,0.906,-0.372,7.003,111.798,-115.291
0.001,-0.001,-0.001,0.001,0.906,-0.372,7.013,111.792,-115.360
0.001,-0.000,0.001,0.001,0.906,-0.372,6.947,111.806,-115.324
-0.001,0.001,0.000,0.001,0.907,-0.372,6.986,111.799,-115.306
0.001,0.001,0.000,0.001,0.907,-0.372,6.926,111.808,-115.215
-0.001,-0.000,-0.001,0.000,0.906,-0.372,6.869,111.807,-115.210
-0.001,-0.000,0.000,0.001,0.907,-0.373,6.857,111.813,-115.156
0.002,-0.000,0.000,0.001,0.906,-0.372,6.866,111.815,-115.117
-0.000,-0.000,0.000,0.001,0.906,-0.372,6.884,111.814,-115.094
-0.000,-0.000,0.000,0.001,0.906,-0.372,6.854,111.819,-115.065
-0.001,-0.001,0.000,0.001,0.907,-0.372,6.900,111.812,-115.027
-0.001,-0.000,0.001,0.001,0.907,-0.372,6.877,111.811,-115.007
-0.001,0.001,0.000,0.001,0.906,-0.373,6.922,111.805,-115.062
-0.003,-0.000,0.001,0.001,0.906,-0.372,6.921,111.804,-115.079
-0.001,0.001,0.001,0.001,0.906,-0.372,6.907,111.806,-115.065
0.001,0.001,-0.001,0.001,0.906,-0.372,6.931,111.801,-115.076
0.002,0.001,-0.001,0.001,0.906,-0.372,6.994,111.788,-115.111
-0.000,-0.001,-0.001,0.001,0.906,-0.372,7.070,111.771,-115.183
0.001,-0.000,0.000,0.001,0.906,-0.372,7.051,111.780,-115.106
-0.000,0.002,0.001,0.001,0.907,-0.372,7.017,111.785,-115.052
-0.001,0.001,0.000,0.001,0.907,-0.372,6.969,111.786,-115.066
-0.000,-0.000,0.000,0.001,0.907,-0.372,6.903,111.797,-115.011
-0.001,0.001,-0.001,0.001,0.907,-0.372,6.878,111.801,-115.002
-0.001,-0.000,0.000,0.000,0.907,-0.372,6.851,111.806,-115.006
-0.000,-0.001,0.001,0.001,0.907,-0.372,6.806,111.813,-114.978
-0.001,-0.001,0.001,0.001,0.907,-0.372,6.840,111.808,-114.957
-0.001,-0.000,0.001,0.001,0.906,-0.372,6.858,111.806,-114.929
-0.000,-0.001,0.001,0.001,0.906,-0.372,6.881,111.802,-114.928
-0.001,0.001,0.000,0.000,0.907,-0.372,6.954,111.788,-114.983
-0.000,-0.000,0.000,0.001,0.906,-0.373,6.995,111.785,-115.025
0.001,-0.000,0.000,0.001,0.906,-0.373,7.022,111.790,-115.029
0.002,0.001,-0.001,0.001,0.906,-0.372,7.019,111.786,-115.065
0.001,-0.000,0.000,0.002,0.906,-0.372,7.018,111.782,-115.106
-0.000,-0.003,0.000,0.001,0.906,-0.372,7.030,111.779,-115.153
-0.000,0.001,0.000,0.001,0.906,-0.372,7.007,111.784,-115.159
-0.000,-0.001,-0.002,0.000,0.906,-0.372,7.000,111.783,-115.168
0.001,-0.000,-0.001,0.000,0.906,-0.372,7.069,111.757,-115.389
0.001,-0.001,0.000,0.000,0.906,-0.372,7.061,111.755,-115.459
-0.000,-0.001,0.000,0.001,0.906,-0.373,7.075,111.767,-115.412
-0.001,-0.000,0.000,0.001,0.906,-0.372,7.070,111.776,-115.373
-0.001,0.002,0.001,0.001,0.906,-0.372,7.022,111.784,-115.375
-0.000,-0.000,0.000,0.000,0.906,-0.372,6.961,111.806,-115.236
-0.001,0.001,-0.001,0.001,0.907,-0.372,6.957,111.805,-115.217
-0.001,-0.001,0.000,0.001,0.907,-0.373,6.980,111.798,-115.237
-0.001,0.001,-0.001,0.001,0.907,-0.373,6.978,111.792,-115.335
-0.000,0.001,-0.001,0.000,0.906,-0.373,6.930,111.802,-115.371
-0.000,0.001,0.000,0.001,0.906,-0.372,6.911,111.807,-115.355
-0.001,0.001,0.001,0.001,0.906,-0.372,6.926,111.802,-115.331
0.002,0.001,0.001,0.000,0.907,-0.372,6.892,111.807,-115.271
-0.003,-0.000,-0.001,0.000,0.907,-0.372,6.866,111.817,-115.138
0.001,0.001,0.000,0.000,0.907,-0.372,6.884,111.813,-115.113
-0.000,-0.000,0.000,0.001,0.907,-0.372,6.894,111.811,-115.078
-0.000,-0.003,-0.001,0.001,0.907,-0.372,6.904,111.801,-115.154
-0.000,-0.000,0.000,0.001,0.906,-0.372,6.918,111.797,-115.158
-0.000,-0.000,-0.001,0.001,0.906,-0.372,6.954,111.787,-115.197
-0.001,-0.001,-0.001,0.001,0.906,-0.372,6.967,111.785,-115.205
-0.000,-0.001,0.000,0.001,0.906,-0.372,6.857,111.815,-115.030
-0.001,-0.001,0.000,0.000,0.906,-0.372,6.966,111.790,-115.199
-0.000,-0.001,0.000,0.001,0.906,-0.372,6.950,111.791,-115.207
-0.000,0.001,0.000,0.001,0.906,-0.372,6.939,111.790,-115.209
0.001,-0.000,-0.001,0.001,0.906,-0.372,6.929,111.796,-115.139
-0.001,-0.000,0.000,0.001,0.906,-0.372,6.807,111.830,-114.912
-0.000,-0.000,0.000,0.001,0.906,-0.372,6.767,111.842,-114.808
-0.001,-0.000,-0.001,0.001,0.906,-0.372,6.800,111.835,-114.823
-0.003,-0.001,0.000,0.001,0.907,-0.372,6.743,111.845,-114.732
-0.001,0.001,0.001,0.001,0.907,-0.372,6.746,111.842,-114.706
-0.001,-0.000,0.001,0.001,0.907,-0.372,6.718,111.844,-114.658
0.001,0.001,0.000,0.001,0.907,-0.372,6.729,111.837,-114.680
-0.000,-0.001,0.000,-0.000,0.906,-0.372,6.820,111.813,-114.822
-0.000,-0.000,0.000,-0.000,0.906,-0.372,6.868,111.806,-114.847
-0.003,-0.001,-0.001,0.001,0.906,-0.372,6.897,111.800,-114.907
-0.000,-0.000,0.001,0.001,0.906,-0.373,6.948,111.791,-115.016
-0.000,0.001,0.000,0.001,0.907,-0.372,6.864,111.808,-114.971
0.001,-0.001,0.000,0.001,0.907,-0.372,6.842,111.818,-114.905
-0.001,-0.000,-0.001,0.001,0.907,-0.371,6.872,111.809,-114.861
-0.000,-0.001,0.000,0.000,0.907,-0.372,6.931,111.794,-114.913
-0.000,0.002,0.001,0.000,0.907,-0.372,6.968,111.792,-114.904
-0.001,-0.000,0.001,0.000,0.906,-0.372,6.881,111.810,-114.847
-0.000,0.001,0.000,0.001,0.906,-0.372,6.902,111.805,-114.868
-0.004,-0.000,-0.001,0.001,0.906,-0.372,6.918,111.794,-114.921
-0.001,-0.001,0.000,0.001,0.906,-0.372,6.890,111.792,-114.983
0.001,-0.001,0.000,0.001,0.907,-0.373,6.863,111.802,-114.985
-0.001,-0.000,0.000,0.001,0.907,-0.373,6.879,111.802,-115.036
-0.000,-0.001,-0.001,0.001,0.906,-0.373,6.919,111.795,-115.123
0.001,-0.000,-0.001,0.001,0.907,-0.372,6.867,111.815,-114.992
-0.001,-0.000,-0.001,0.001,0.907,-0.372,6.875,111.818,-114.926
-0.000,-0.000,0.000,0.001,0.906,-0.372,6.891,111.818,-114.878
-0.003,-0.000,0.000,0.001,0.906,-0.372,6.895,111.814,-114.906
-0.000,-0.000,0.000,0.001,0.906,-0.372,6.938,111.804,-114.989
0.002,-0.003,0.000,0.000,0.906,-0.372,6.944,111.810,-114.946
-0.000,-0.000,0.001,0.001,0.907,-0.373,6.919,111.817,-114.920
-0.001,0.001,-0.001,0.001,0.907,-0.372,6.904,111.817,-114.907
-0.000,-0.000,-0.001,0.001,0.907,-0.372,6.863,111.814,-114.940
-0.001,-0.000,0.000,0.001,0.907,-0.372,6.847,111.814,-114.919
0.002,-0.000,-0.001,0.001,0.906,-0.372,6.840,111.815,-114.891
-0.003,-0.001,0.000,0.001,0.906,-0.372,6.870,111.807,-114.931
-0.000,-0.000,0.000,0.000,0.906,-0.372,6.869,111.812,-114.877
-0.000,-0.001,0.000,0.001,0.906,-0.372,6.809,111.822,-114.841
-0.000,0.001,0.000,0.001,0.906,-0.372,6.824,111.823,-114.796
-0.000,0.001,0.000,0.001,0.906,-0.372,6.847,111.811,-114.841
-0.000,0.001,0.000,0.001,0.907,-0.372,6.864,111.803,-114.906
-0.000,-0.001,0.000,0.001,0.906,-0.372,6.865,111.800,-114.940
-0.000,-0.000,0.001,0.001,0.906,-0.372,6.863,111.800,-114.946
0.001,0.001,0.000,0.001,0.907,-0.372,6.864,111.800,-114.953
-0.000,0.001,0.000,0.001,0.907,-0.372,6.913,111.782,-115.076
-0.000,-0.001,0.000,0.001,0.907,-0.372,6.931,111.769,-115.181
0.001,0.001,0.000,0.000,0.907,-0.372,6.935,111.764,-115.269
-0.001,-0.000,-0.001,0.001,0.907,-0.372,6.967,111.755,-115.362
-0.000,-0.001,0.001,0.001,0.906,-0.372,6.955,111.768,-115.329
-0.000,-0.000,0.000,0.001,0.906,-0.372,6.961,111.770,-115.389
-0.001,-0.001,0.000,0.001,0.906,-0.372,6.990,111.777,-115.303
0.001,-0.000,-0.002,0.001,0.906,-0.372,6.956,111.787,-115.261
0.001,0.001,0.000,0.001,0.906,-0.372,6.978,111.788,-115.211
0.001,-0.000,0.001,0.001,0.906,-0.372,6.932,111.802,-115.097
-0.003,-0.000,0.000,0.001,0.906,-0.372,6.874,111.808,-115.041
-0.000,-0.000,0.000,0.001,0.906,-0.372,6.868,111.803,-115.087
-0.001,-0.000,0.000,0.001,0.906,-0.372,6.873,111.804,-115.053
-0.001,-0.001,-0.001,0.000,0.907,-0.372,6.831,111.816,-115.002
-0.001,-0.001,0.000,0.000,0.907,-0.372,6.826,111.814,-115.046
0.001,-0.001,0.000,0.001,0.907,-0.372,6.845,111.811,-115.058
-0.000,-0.001,0.000,0.001,0.906,-0.372,6.845,111.812,-115.041
0.001,-0.000,0.000,0.001,0.906,-0.372,6.852,111.809,-115.045
-0.000,-0.001,-0.001,0.000,0.906,-0.373,6.899,111.809,-115.074
-0.004,-0.001,-0.001,0.001,0.906,-0.373,6.949,111.804,-115.121
0.002,-0.000,0.000,0.001,0.906,-0.373,6.934,111.806,-115.173
-0.001,0.002,-0.001,0.000,0.906,-0.372,6.917,111.813,-115.095
0.001,-0.000,0.001,0.001,0.906,-0.373,6.934,111.816,-115.028
-0.000,0.001,0.000,0.001,0.906,-0.372,6.953,111.808,-115.062
-0.000,-0.000,0.000,0.001,0.906,-0.372,6.924,111.801,-115.124
-0.000,0.001,0.000,0.000,0.906,-0.372,6.918,111.799,-115.184
-0.000,-0.001,0.000,0.001,0.906,-0.372,6.854,111.813,-115.102
0.002,0.001,0.000,0.001,0.906,-0.372,6.879,111.803,-115.121
-0.000,-0.000,0.000,0.000,0.907,-0.372,6.940,111.800,-115.086
0.001,-0.000,-0.001,0.001,0.906,-0.372,6.963,111.801,-115.045
0.002,-0.000,0.000,0.001,0.906,-0.372,6.998,111.796,-115.059
-0.000,-0.000,-0.001,0.001,0.906,-0.372,7.011,111.789,-115.083
-0.000,-0.001,0.000,0.001,0.906,-0.372,7.008,111.779,-115.183
-0.000,-0.000,0.000,0.001,0.906,-0.372,7.042,111.769,-115.246
-0.000,-0.000,-0.001,0.001,0.907,-0.372,6.980,111.777,-115.241
-0.001,-0.000,0.000,0.001,0.907,-0.373,6.946,111.787,-115.195
0.002,-0.003,-0.001,0.001,0.907,-0.373,6.899,111.797,-115.206
-0.000,-0.001,0.000,0.001,0.906,-0.372,6.876,111.796,-115.210
-0.001,-0.000,0.000,0.001,0.906,-0.371,6.852,111.798,-115.183
-0.000,-0.000,0.000,0.001,0.906,-0.371,6.831,111.800,-115.153
-0.001,0.001,0.001,0.001,0.906,-0.372,6.860,111.791,-115.265
0.002,-0.000,-0.001,0.001,0.907,-0.372,6.848,111.798,-115.221
-0.000,-0.000,0.000,0.001,0.907,-0.372,6.785,111.815,-115.084
-0.000,-0.001,0.001,0.001,0.907,-0.372,6.811,111.808,-115.112
-0.001,0.001,0.001,0.001,0.907,-0.372,6.891,111.794,-115.187
0.001,-0.000,0.001,0.001,0.906,-0.372,7.000,111.774,-115.302
-0.003,-0.000,0.000,0.001,0.906,-0.372,7.071,111.763,-115.387
-0.000,-0.001,0.001,0.001,0.906,-0.372,7.040,111.771,-115.364
-0.001,0.001,0.000,0.001,0.906,-0.372,6.980,111.788,-115.267
-0.000,0.001,0.000,0.001,0.906,-0.372,6.913,111.806,-115.150
-0.000,0.001,0.000,0.001,0.906,-0.372,6.879,111.819,-115.075
0.001,-0.001,-0.001,0.001,0.906,-0.372,6.861,111.821,-115.066
-0.001,-0.000,0.000,0.001,0.906,-0.372,6.866,111.815,-115.104
-0.000,-0.000,0.000,0.001,0.906,-0.372,6.808,111.828,-115.026
-0.001,-0.000,0.000,0.000,0.906,-0.372,6.840,111.825,-114.985
-0.001,-0.001,-0.001,0.000,0.907,-0.372,6.887,111.812,-115.028
-0.000,-0.001,-0.001,0.000,0.907,-0.372,6.846,111.824,-114.908
-0.000,-0.000,0.000,0.001,0.906,-0.372,6.790,111.834,-114.797
-0.000,-0.000,0.000,0.001,0.907,-0.372,6.791,111.830,-114.795
-0.000,0.001,0.000,0.001,0.907,-0.372,6.834,111.822,-114.828
-0.000,-0.001,-0.001,0.001,0.907,-0.372,6.847,111.817,-114.868
-0.001,0.001,0.000,0.001,0.906,-0.372,6.766,111.830,-114.813
-0.000,0.001,0.001,0.001,0.906,-0.372,6.796,111.820,-114.839
-0.001,0.001,0.001,0.001,0.906,-0.372,6.808,111.818,-114.864
-0.000,0.001,0.000,0.001,0.907,-0.372,6.799,111.818,-114.875
-0.003,-0.000,0.001,0.001,0.907,-0.372,6.778,111.818,-114.884
0.002,-0.001,0.000,0.002,0.906,-0.372,6.772,111.818,-114.900
-0.000,-0.001,0.000,0.001,0.906,-0.372,6.805,111.812,-114.938
-0.001,-0.000,0.001,0.001,0.906,-0.372,6.796,111.813,-114.936
-0.000,-0.000,0.000,0.001,0.907,-0.372,6.761,111.816,-114.956
0.001,-0.000,-0.001,0.000,0.906,-0.371,6.802,111.805,-114.966
-0.001,0.001,0.000,0.001,0.906,-0.372,6.836,111.795,-114.997
-0.000,-0.000,0.001,0.001,0.906,-0.372,6.826,111.798,-114.956
-0.001,-0.000,-0.001,0.001,0.906,-0.372,6.891,111.791,-114.953
0.001,0.001,0.000,0.001,0.907,-0.372,6.942,111.779,-115.013
0.001,-0.000,0.000,0.001,0.907,-0.372,6.954,111.772,-115.049
-0.000,0.001,-0.001,0.001,0.906,-0.372,6.965,111.775,-115.085
-0.000,0.001,0.000,0.001,0.907,-0.372,7.002,111.767,-115.142
-0.000,-0.004,0.000,0.001,0.907,-0.372,7.071,111.750,-115.220
-0.000,-0.000,0.000,0.001,0.906,-0.373,7.047,111.762,-115.262
-0.001,0.001,0.000,0.001,0.906,-0.372,7.024,111.765,-115.228
-0.001,-0.000,0.000,0.001,0.907,-0.372,6.976,111.774,-115.188
0.001,-0.003,-0.001,0.001,0.907,-0.372,6.958,111.776,-115.192
-0.000,-0.001,0.003,0.001,0.907,-0.372,6.941,111.779,-115.182
-0.003,-0.000,-0.001,0.001,0.907,-0.372,6.907,111.788,-115.121
0.002,-0.000,0.000,0.001,0.907,-0.372,6.897,111.793,-115.058
-0.000,-0.000,-0.001,0.000,0.907,-0.372,6.892,111.802,-114.995
-0.003,-0.001,0.001,0.000,0.907,-0.372,6.936,111.790,-115.103
0.001,-0.003,0.000,0.001,0.906,-0.372,7.003,111.779,-115.177
-0.000,-0.000,0.000,0.001,0.906,-0.372,7.003,111.775,-115.242
-0.001,-0.000,0.001,0.001,0.906,-0.372,6.988,111.776,-115.255
-0.000,-0.001,-0.001,0.001,0.906,-0.372,6.958,111.781,-115.252
-0.000,-0.000,0.000,0.001,0.906,-0.372,6.947,111.784,-115.223
-0.000,-0.000,0.001,0.001,0.907,-0.372,7.033,111.765,-115.313
-0.000,-0.000,0.000,0.001,0.907,-0.372,7.049,111.766,-115.287
-0.001,0.001,0.001,0.000,0.907,-0.372,7.048,111.769,-115.235
-0.001,-0.000,-0.001,0.000,0.906,-0.373,7.050,111.774,-115.212
-0.001,-0.000,0.000,0.000,0.906,-0.373,7.061,111.780,-115.185
-0.000,-0.000,0.000,0.001,0.906,-0.372,7.069,111.774,-115.259
-0.001,0.001,0.001,0.001,0.906,-0.372,7.013,111.777,-115.259
-0.003,-0.001,0.000,0.001,0.906,-0.372,6.902,111.799,-115.150
0.001,-0.003,0.000,0.001,0.906,-0.372,6.858,111.808,-115.106
-0.000,-0.001,-0.001,0.001,0.906,-0.372,6.858,111.817,-114.997
-0.001,-0.000,0.000,0.001,0.907,-0.372,6.900,111.807,-115.006
0.002,-0.000,-0.002,0.001,0.907,-0.372,6.897,111.805,-114.983
-0.000,-0.001,-0.001,0.001,0.906,-0.372,6.895,111.802,-115.001
-0.001,-0.000,0.000,0.000,0.906,-0.372,6.964,111.788,-115.039
-0.000,-0.001,0.000,0.000,0.906,-0.372,6.988,111.781,-115.090
-0.003,-0.000,0.000,0.001,0.906,-0.372,6.999,111.776,-115.169
0.001,-0.001,-0.001,0.001,0.906,-0.372,6.987,111.770,-115.255
-0.000,-0.000,-0.001,0.000,0.906,-0.372,7.024,111.750,-115.469
-0.003,-0.001,0.000,0.000,0.906,-0.372,7.006,111.760,-115.409
-0.000,-0.001,0.000,0.001,0.906,-0.372,6.985,111.773,-115.359
-0.000,-0.000,-0.001,0.000,0.906,-0.373,6.990,111.779,-115.340
0.001,0.001,0.000,0.000,0.906,-0.373,6.977,111.793,-115.255
-0.000,-0.000,-0.001,0.000,0.906,-0.372,7.005,111.790,-115.245
-0.003,-0.000,-0.001,0.000,0.906,-0.372,7.008,111.788,-115.206
-0.000,-0.000,0.000,0.000,0.907,-0.372,6.988,111.787,-115.130
0.001,-0.000,-0.001,0.000,0.907,-0.372,6.963,111.789,-115.112
-0.000,0.001,0.000,0.001,0.907,-0.372,7.000,111.779,-115.152
-0.001,0.001,0.000,0.001,0.907,-0.372,7.049,111.764,-115.239
-0.000,0.001,0.000,0.002,0.906,-0.373,7.061,111.772,-115.233
-0.003,-0.001,-0.001,0.001,0.907,-0.372,7.106,111.765,-115.302
0.001,-0.000,0.000,0.001,0.907,-0.372,7.122,111.770,-115.240
-0.000,0.002,0.001,0.001,0.906,-0.372,7.090,111.789,-115.092
-0.001,-0.000,0.001,0.001,0.906,-0.372,7.060,111.795,-115.057
0.001,-0.000,0.000,0.001,0.906,-0.372,7.026,111.797,-115.067
0.001,-0.000,-0.001,0.001,0.906,-0.372,6.946,111.810,-114.998
-0.001,0.001,0.000,-0.000,0.906,-0.372,6.966,111.809,-114.975
-0.000,-0.001,0.000,0.001,0.906,-0.373,6.875,111.827,-114.925
-0.001,-0.000,-0.001,0.001,0.906,-0.373,6.819,111.849,-114.793
-0.001,-0.001,0.000,0.001,0.907,-0.372,6.838,111.842,-114.757
-0.000,-0.000,0.000,0.001,0.906,-0.372,6.837,111.836,-114.757
-0.001,-0.000,0.000,0.001,0.906,-0.372,6.822,111.828,-114.835
-0.001,-0.000,-0.001,0.001,0.906,-0.372,6.865,111.819,-114.853
-0.001,-0.000,0.000,0.001,0.907,-0.372,6.900,111.809,-114.881
-0.001,-0.003,0.000,0.001,0.907,-0.373,6.916,111.811,-114.798
0.002,-0.003,0.000,0.001,0.907,-0.373,6.849,111.827,-114.729
0.001,-0.000,-0.001,0.000,0.907,-0.372,6.863,111.819,-114.747
-0.000,-0.000,-0.001,0.000,0.906,-0.372,6.862,111.818,-114.762
-0.000,-0.001,-0.001,0.000,0.906,-0.372,6.806,111.834,-114.691
-0.001,-0.000,0.000,0.001,0.907,-0.372,6.765,111.827,-114.771
0.001,-0.001,0.000,0.001,0.907,-0.372,6.764,111.821,-114.799
-0.001,-0.001,0.000,0.001,0.906,-0.372,6.798,111.813,-114.848
0.001,-0.000,0.000,0.001,0.906,-0.372,6.789,111.810,-114.891
0.001,-0.001,-0.001,0.001,0.907,-0.372,6.822,111.794,-114.999
0.001,-0.000,0.000,0.001,0.907,-0.372,6.853,111.786,-115.042
-0.001,0.001,0.000,0.001,0.907,-0.372,6.869,111.786,-115.026
0.001,-0.000,0.000,0.001,0.906,-0.373,6.905,111.784,-115.056
-0.000,-0.000,0.000,0.001,0.906,-0.373,6.960,111.771,-115.223
0.001,-0.001,-0.001,0.001,0.907,-0.372,6.960,111.771,-115.216
-0.001,-0.001,0.000,0.001,0.907,-0.372,6.907,111.782,-115.152
-0.000,0.001,0.000,0.001,0.907,-0.372,6.922,111.779,-115.133
-0.000,-0.001,0.000,0.001,0.906,-0.371,6.885,111.784,-115.110
-0.001,-0.000,0.000,0.001,0.906,-0.373,6.812,111.803,-115.035
-0.001,0.001,0.000,0.001,0.906,-0.372,6.855,111.809,-114.995
0.001,-0.003,0.000,0.001,0.906,-0.372,6.903,111.799,-115.082
-0.001,0.001,-0.001,0.002,0.906,-0.373,6.878,111.811,-115.020
-0.001,0.001,0.000,0.000,0.906,-0.372,6.861,111.817,-114.969
0.002,-0.001,0.001,0.000,0.906,-0.372,6.832,111.824,-114.908
-0.000,-0.000,-0.001,0.001,0.906,-0.372,6.905,111.812,-114.904
-0.000,-0.000,-0.001,0.001,0.906,-0.371,6.896,111.810,-114.875
-0.000,-0.001,0.000,0.001,0.906,-0.371,6.933,111.796,-114.900
-0.000,-0.000,0.001,0.001,0.907,-0.372,6.927,111.794,-114.957
0.001,-0.001,0.000,0.001,0.906,-0.372,6.947,111.789,-115.060
0.001,-0.001,0.001,0.001,0.907,-0.372,6.914,111.795,-115.033
-0.001,-0.001,-0.001,0.001,0.907,-0.372,6.923,111.784,-115.079
-0.001,-0.000,-0.001,0.001,0.907,-0.372,6.975,111.767,-115.165
0.001,-0.000,0.000,0.000,0.907,-0.372,6.996,111.765,-115.157
-0.000,-0.000,-0.001,0.000,0.907,-0.372,6.975,111.773,-115.102
-0.001,-0.000,-0.001,0.001,0.906,-0.371,6.884,111.791,-114.996
-0.000,-0.001,0.000,0.001,0.906,-0.371,6.883,111.786,-114.996
-0.000,-0.000,0.000,0.001,0.907,-0.372,6.927,111.773,-115.047
-0.000,-0.000,0.000,0.001,0.907,-0.372,6.952,111.770,-115.048
-0.000,-0.000,0.001,0.001,0.907,-0.372,7.090,111.744,-115.213
-0.000,-0.000,-0.001,0.001,0.907,-0.372,7.077,111.760,-115.080
-0.000,-0.001,0.001,0.000,0.907,-0.372,7.004,111.779,-114.965
0.001,-0.000,-0.001,0.001,0.906,-0.372,6.932,111.799,-114.818
-0.001,-0.000,0.000,0.001,0.906,-0.372,6.896,111.807,-114.749
-0.000,0.001,-0.001,0.000,0.906,-0.372,6.902,111.800,-114.813
0.001,-0.001,0.000,0.001,0.907,-0.372,6.909,111.782,-115.033
-0.001,-0.000,0.000,0.001,0.907,-0.372,6.933,111.767,-115.189
-0.001,-0.001,0.000,0.000,0.906,-0.372,6.959,111.763,-115.301
-0.001,-0.003,0.000,0.000,0.906,-0.372,6.950,111.776,-115.272
-0.001,-0.000,0.000,0.001,0.906,-0.372,6.916,111.785,-115.254
-0.001,0.001,0.000,0.001,0.906,-0.372,6.964,111.779,-115.271
0.002,0.001,0.000,0.001,0.907,-0.372,7.010,111.770,-115.313
0.001,-0.001,0.000,0.001,0.907,-0.371,7.010,111.773,-115.249
-0.000,-0.000,-0.001,0.001,0.907,-0.371,7.055,111.767,-115.169
-0.001,-0.000,0.000,0.001,0.906,-0.373,7.051,111.784,-115.053
-0.001,-0.001,-0.002,0.001,0.907,-0.372,7.060,111.786,-115.014
-0.000,-0.001,0.001,0.001,0.907,-0.372,7.078,111.776,-115.050
-0.000,0.001,0.000,0.001,0.906,-0.372,7.152,111.759,-115.152
-0.001,0.001,0.000,0.001,0.906,-0.372,7.191,111.752,-115.206
0.001,-0.001,0.000,0.001,0.906,-0.372,7.207,111.746,-115.260
-0.003,-0.000,0.000,0.001,0.906,-0.372,7.142,111.761,-115.141
-0.000,-0.000,-0.001,0.001,0.906,-0.372,7.129,111.759,-115.200
0.001,-0.000,0.000,0.001,0.906,-0.372,7.104,111.769,-115.143
-0.001,-0.001,0.000,0.001,0.906,-0.372,7.082,111.771,-115.110
-0.001,0.002,0.001,0.001,0.906,-0.372,7.073,111.771,-115.098
-0.001,0.001,0.000,0.001,0.906,-0.372,7.105,111.763,-115.156
0.001,-0.000,0.000,0.001,0.907,-0.372,7.119,111.757,-115.223
-0.001,-0.000,0.000,0.001,0.907,-0.372,7.117,111.753,-115.245
0.001,-0.001,0.000,0.000,0.907,-0.372,7.181,111.736,-115.331
-0.001,0.001,0.000,0.000,0.907,-0.372,7.164,111.739,-115.312
-0.000,0.001,-0.001,0.000,0.906,-0.371,7.188,111.730,-115.348
-0.000,-0.001,0.000,0.001,0.907,-0.372,7.165,111.734,-115.355
-0.001,-0.000,0.000,0.001,0.907,-0.372,7.129,111.750,-115.257
0.001,-0.000,0.000,0.001,0.906,-0.372,7.219,111.734,-115.298
-0.001,-0.000,0.000,0.001,0.906,-0.372,7.151,111.752,-115.201
-0.000,-0.000,0.000,0.001,0.906,-0.372,7.130,111.754,-115.210
0.001,-0.000,0.000,0.001,0.906,-0.372,7.090,111.754,-115.249
-0.000,-0.001,0.000,0.001,0.906,-0.372,7.047,111.753,-115.319
-0.001,-0.000,-0.001,0.001,0.907,-0.373,7.040,111.752,-115.392
-0.001,-0.000,0.001,0.001,0.907,-0.373,7.005,111.765,-115.382
-0.001,-0.000,0.000,0.000,0.907,-0.372,6.933,111.785,-115.297
-0.000,-0.000,0.000,0.001,0.906,-0.372,6.810,111.814,-115.147
-0.000,-0.000,0.000,0.001,0.906,-0.372,6.851,111.804,-115.208
0.004,-0.001,-0.001,0.001,0.906,-0.371,6.861,111.795,-115.217
-0.000,-0.000,-0.001,0.001,0.907,-0.372,6.891,111.788,-115.205
-0.001,-0.000,0.000,0.000,0.906,-0.372,6.969,111.776,-115.235
-0.001,-0.001,-0.001,0.000,0.906,-0.372,7.026,111.770,-115.253
-0.000,-0.000,0.001,0.001,0.906,-0.372,7.018,111.776,-115.217
-0.001,-0.000,0.000,0.001,0.907,-0.372,7.036,111.774,-115.219
0.002,-0.001,0.001,0.001,0.907,-0.372,7.032,111.776,-115.208
-0.000,-0.001,-0.001,0.001,0.907,-0.372,7.036,111.774,-115.231
0.002,0.001,-0.001,0.001,0.907,-0.372,7.026,111.775,-115.246
-0.000,-0.000,0.000,0.001,0.907,-0.372,7.068,111.765,-115.295
-0.001,0.001,0.000,0.001,0.906,-0.372,7.031,111.770,-115.300
0.001,0.001,0.000,0.001,0.906,-0.372,6.995,111.767,-115.409
-0.000,-0.001,0.000,0.001,0.907,-0.373,7.006,111.780,-115.376
-0.000,-0.000,0.000,0.000,0.907,-0.372,7.042,111.772,-115.412
0.001,0.001,-0.001,0.001,0.906,-0.372,7.010,111.783,-115.353
-0.000,-0.000,0.000,0.001,0.906,-0.372,6.997,111.792,-115.291
0.001,-0.000,0.000,0.001,0.906,-0.373,6.984,111.802,-115.250
-0.000,-0.000,0.000,0.001,0.907,-0.372,6.997,111.803,-115.212
-0.000,-0.000,0.001,0.001,0.907,-0.372,6.881,111.827,-115.066
-0.000,-0.001,0.000,0.000,0.906,-0.373,6.869,111.837,-114.990
-0.000,-0.001,0.000,0.001,0.906,-0.372,6.889,111.831,-114.997
-0.001,0.001,0.000,0.000,0.906,-0.373,6.920,111.825,-115.000
0.001,-0.000,0.000,0.000,0.906,-0.373,6.966,111.821,-115.013
-0.000,-0.000,0.000,0.001,0.907,-0.371,6.976,111.805,-115.046
-0.000,-0.000,0.000,0.000,0.907,-0.372,6.971,111.799,-115.040
-0.000,-0.000,0.000,0.000,0.907,-0.372,6.894,111.804,-115.056
-0.001,-0.001,0.000,0.000,0.907,-0.373,6.911,111.802,-115.093
0.001,-0.000,0.000,0.001,0.906,-0.372,6.911,111.801,-115.128
-0.001,0.001,0.000,0.001,0.906,-0.372,6.928,111.796,-115.159
-0.000,-0.000,0.001,0.001,0.906,-0.372,6.988,111.786,-115.212
0.001,0.001,0.000,0.000,0.907,-0.372,7.055,111.772,-115.287
0.001,-0.000,0.000,0.001,0.906,-0.371,7.108,111.758,-115.349
-0.000,0.001,0.000,0.001,0.906,-0.371,7.106,111.758,-115.298
-0.000,0.001,0.000,0.001,0.906,-0.372,7.005,111.773,-115.253
-0.000,-0.001,-0.001,0.001,0.906,-0.372,6.972,111.780,-115.182
-0.000,-0.001,0.000,0.001,0.907,-0.371,6.932,111.788,-115.080
-0.000,-0.001,0.001,0.001,0.906,-0.373,6.929,111.792,-115.045
-0.003,0.001,0.001,0.001,0.906,-0.373,6.929,111.794,-115.082
0.001,-0.000,0.000,0.001,0.906,-0.372,6.998,111.773,-115.251
-0.001,-0.000,0.000,0.000,0.906,-0.371,7.003,111.770,-115.274
-0.000,-0.000,0.000,0.001,0.906,-0.372,7.049,111.763,-115.273
0.001,0.001,0.000,0.001,0.906,-0.372,7.094,111.755,-115.306
-0.000,0.001,0.001,0.000,0.906,-0.372,7.113,111.759,-115.296
-0.001,-0.000,0.000,0.001,0.906,-0.372,7.123,111.758,-115.313
-0.003,0.001,0.000,0.001,0.906,-0.372,7.111,111.755,-115.361
-0.001,-0.001,-0.001,0.001,0.906,-0.372,7.087,111.766,-115.290
-0.001,-0.001,0.000,0.001,0.906,-0.372,7.091,111.770,-115.222
0.001,-0.000,-0.001,0.001,0.906,-0.372,7.076,111.774,-115.182
-0.003,-0.000,0.000,0.001,0.906,-0.372,7.066,111.773,-115.220
0.001,0.001,0.001,0.001,0.907,-0.371,6.943,111.796,-115.059
-0.000,-0.000,0.000,0.000,0.907,-0.371,6.895,111.795,-115.047
-0.001,-0.001,0.000,0.000,0.907,-0.371,6.835,111.803,-114.956
-0.001,-0.000,0.000,0.000,0.906,-0.371,6.871,111.790,-114.952
-0.000,-0.001,0.000,0.001,0.906,-0.371,6.917,111.774,-115.014
-0.000,-0.000,0.000,0.001,0.906,-0.371,6.944,111.759,-115.137
-0.000,-0.001,0.000,0.001,0.907,-0.372,6.955,111.750,-115.247
-0.000,-0.000,0.001,0.001,0.906,-0.372,6.991,111.742,-115.324
0.002,-0.001,-0.001,0.001,0.906,-0.372,7.017,111.739,-115.371
-0.001,-0.000,0.000,0.001,0.906,-0.372,7.004,111.749,-115.341
-0.001,-0.000,0.000,0.001,0.907,-0.372,7.021,111.750,-115.315
-0.001,-0.000,0.000,0.001,0.906,-0.372,6.954,111.770,-115.193
-0.000,-0.000,-0.001,0.001,0.906,-0.372,6.915,111.778,-115.152
-0.003,-0.000,-0.001,0.001,0.906,-0.372,6.912,111.780,-115.134
-0.000,-0.001,0.000,0.001,0.906,-0.372,6.892,111.788,-115.110
-0.000,0.001,0.000,0.001,0.907,-0.372,6.875,111.793,-115.090
-0.000,-0.000,0.000,0.000,0.907,-0.372,6.833,111.807,-114.979
0.001,-0.000,0.000,0.000,0.907,-0.372,6.914,111.788,-115.032
-0.001,-0.000,0.000,0.001,0.906,-0.372,6.992,111.773,-115.096
-0.003,0.001,-0.001,0.001,0.906,-0.372,7.038,111.768,-115.148
0.001,-0.003,0.000,0.001,0.906,-0.372,6.991,111.779,-115.123
-0.000,-0.000,-0.001,0.001,0.906,-0.372,6.952,111.783,-115.145
-0.000,-0.001,-0.001,0.001,0.907,-0.372,6.991,111.770,-115.214
-0.000,-0.003,0.000,0.001,0.906,-0.372,7.021,111.764,-115.213
0.001,0.002,0.000,0.001,0.906,-0.372,6.949,111.781,-115.123
0.001,-0.001,0.001,0.001,0.907,-0.371,6.936,111.779,-115.071
-0.001,-0.000,0.000,0.000,0.906,-0.372,6.957,111.774,-115.064
-0.001,-0.000,-0.001,0.000,0.906,-0.372,6.960,111.775,-115.058
0.001,-0.000,-0.001,0.000,0.906,-0.372,6.950,111.790,-114.993
-0.000,0.001,0.000,0.000,0.907,-0.373,6.918,111.809,-114.876
0.001,-0.000,0.000,0.000,0.906,-0.372,6.931,111.808,-114.893
-0.001,-0.000,0.000,0.000,0.906,-0.372,6.990,111.795,-114.981
-0.001,0.001,-0.001,0.000,0.906,-0.373,7.015,111.795,-115.012
0.002,-0.000,0.001,0.000,0.906,-0.372,7.046,111.786,-115.084
-0.003,0.001,0.000,0.000,0.906,-0.372,7.062,111.774,-115.182
0.001,-0.000,0.000,0.000,0.907,-0.372,7.067,111.771,-115.251
0.002,-0.001,0.001,0.000,0.906,-0.373,7.093,111.769,-115.308
-0.001,0.001,0.000,0.000,0.906,-0.373,7.142,111.761,-115.407
-0.000,-0.000,0.000,0.001,0.906,-0.372,7.268,111.733,-115.595
-0.000,-0.000,0.001,0.001,0.907,-0.372,7.219,111.747,-115.487
-0.000,0.001,0.000,0.001,0.907,-0.372,7.203,111.753,-115.415
0.002,-0.000,0.001,0.001,0.906,-0.372,7.171,111.764,-115.348
-0.001,-0.001,0.000,0.001,0.906,-0.372,7.242,111.743,-115.454
-0.000,-0.001,-0.002,0.001,0.906,-0.372,7.197,111.744,-115.491
-0.001,-0.000,-0.001,0.001,0.907,-0.372,7.163,111.749,-115.438
-0.003,-0.001,-0.001,0.001,0.906,-0.372,7.140,111.752,-115.407
-0.001,-0.000,0.000,0.001,0.906,-0.372,7.126,111.753,-115.390
-0.000,-0.000,0.000,0.001,0.907,-0.372,7.118,111.751,-115.400
-0.001,0.001,-0.001,0.000,0.906,-0.372,7.108,111.751,-115.451
-0.001,-0.001,0.000,0.001,0.906,-0.372,7.034,111.768,-115.388
-0.001,-0.000,0.000,0.001,0.906,-0.372,6.993,111.775,-115.336
0.001,-0.001,0.000,0.000,0.906,-0.372,6.952,111.794,-115.231
0.001,-0.001,-0.001,0.000,0.907,-0.372,7.022,111.774,-115.362
0.001,0.001,0.001,0.000,0.907,-0.372,7.008,111.770,-115.423
0.001,0.001,0.000,0.001,0.906,-0.372,6.982,111.776,-115.451
-0.000,-0.000,0.001,0.001,0.907,-0.371,6.990,111.775,-115.448
-0.001,-0.000,0.000,0.001,0.907,-0.371,6.951,111.779,-115.395
-0.001,-0.000,0.000,0.001,0.906,-0.372,6.981,111.763,-115.510
0.001,-0.001,0.001,0.001,0.907,-0.372,6.986,111.767,-115.435
-0.000,-0.000,0.001,0.001,0.906,-0.372,7.034,111.760,-115.421
-0.000,0.001,0.000,0.001,0.906,-0.372,7.038,111.769,-115.295
0.001,-0.000,0.000,0.000,0.906,-0.372,7.042,111.779,-115.205
-0.000,0.001,0.001,0.000,0.906,-0.372,7.092,111.775,-115.171
-0.001,-0.001,0.000,0.000,0.906,-0.372,7.032,111.782,-115.161
-0.001,-0.001,0.000,0.001,0.906,-0.372,7.039,111.783,-115.127
-0.001,-0.000,-0.001,0.001,0.907,-0.372,7.014,111.785,-115.113
-0.000,-0.000,-0.001,0.001,0.906,-0.373,7.092,111.773,-115.143
-0.003,-0.001,0.000,0.001,0.906,-0.373,7.046,111.786,-115.132
-0.003,0.001,0.000,0.000,0.906,-0.372,7.018,111.792,-115.144
0.001,-0.003,0.000,0.000,0.906,-0.372,6.953,111.803,-115.114
-0.000,0.001,-0.001,0.001,0.906,-0.372,6.966,111.795,-115.153
-0.001,-0.001,0.000,0.001,0.907,-0.371,6.979,111.787,-115.165
-0.001,-0.000,0.000,0.001,0.907,-0.371,7.032,111.764,-115.277
-0.000,-0.000,0.000,0.000,0.906,-0.372,7.031,111.765,-115.306
-0.001,-0.001,-0.001,0.001,0.906,-0.372,7.045,111.764,-115.345
-0.000,-0.003,0.000,0.001,0.906,-0.372,7.025,111.770,-115.357
-0.001,-0.000,0.000,0.000,0.907,-0.372,6.994,111.772,-115.333
0.001,-0.000,0.001,0.001,0.907,-0.372,6.981,111.770,-115.419
0.001,-0.000,0.000,0.000,0.906,-0.372,6.974,111.773,-115.430
-0.000,-0.001,0.000,0.000,0.906,-0.372,7.024,111.769,-115.411
0.002,-0.001,0.001,0.000,0.907,-0.372,7.067,111.762,-115.400
-0.000,0.001,-0.001,0.000,0.906,-0.372,7.120,111.752,-115.445
0.001,-0.001,0.000,0.000,0.906,-0.372,7.150,111.748,-115.481
-0.000,-0.000,0.000,0.001,0.907,-0.372,7.094,111.757,-115.444
-0.000,-0.000,0.000,0.001,0.906,-0.372,7.079,111.761,-115.433
-0.001,-0.001,0.000,0.001,0.907,-0.372,7.004,111.774,-115.430
-0.001,0.001,0.000,0.001,0.907,-0.372,6.990,111.781,-115.336
-0.000,-0.000,-0.001,0.000,0.906,-0.372,6.966,111.786,-115.308
-0.001,-0.000,-0.001,0.001,0.906,-0.372,6.965,111.786,-115.302
-0.000,0.001,0.001,0.001,0.906,-0.372,6.958,111.796,-115.204
-0.001,0.001,0.000,0.001,0.906,-0.372,7.037,111.779,-115.243
0.001,0.001,0.000,0.001,0.906,-0.372,6.979,111.787,-115.229
-0.000,-0.001,-0.001,0.001,0.906,-0.372,6.963,111.786,-115.257
0.001,0.001,0.001,0.001,0.906,-0.372,6.962,111.784,-115.303
-0.000,0.001,-0.001,0.001,0.907,-0.371,6.970,111.777,-115.347
0.001,0.001,-0.001,0.001,0.907,-0.371,6.948,111.776,-115.294
0.001,-0.000,-0.001,0.001,0.907,-0.372,6.894,111.790,-115.211
-0.001,-0.001,0.000,0.001,0.906,-0.371,6.858,111.800,-115.116
0.001,-0.000,0.000,0.001,0.906,-0.371,6.854,111.797,-115.100
-0.000,-0.000,0.000,0.001,0.907,-0.372,6.885,111.793,-115.100
-0.003,-0.001,0.000,-0.000,0.906,-0.372,6.848,111.806,-115.000
-0.000,-0.000,0.000,-0.000,0.906,-0.372,6.787,111.822,-114.894
-0.001,0.001,0.000,0.000,0.906,-0.372,6.830,111.813,-114.893
-0.000,-0.000,0.000,0.000,0.906,-0.372,6.847,111.806,-114.923
0.001,-0.000,0.000,0.001,0.906,-0.372,6.886,111.788,-115.117
-0.001,0.001,-0.001,0.001,0.906,-0.372,6.951,111.767,-115.310
-0.001,-0.000,-0.001,0.000,0.906,-0.372,6.973,111.761,-115.443
-0.000,-0.001,0.000,0.000,0.906,-0.372,6.986,111.768,-115.392
-0.001,-0.001,0.001,0.000,0.906,-0.372,6.963,111.779,-115.307
0.002,-0.000,-0.001,0.000,0.906,-0.372,6.984,111.771,-115.394
-0.001,-0.000,0.000,0.001,0.906,-0.371,6.930,111.786,-115.266
-0.000,0.001,-0.001,0.001,0.906,-0.371,6.934,111.780,-115.262
-0.000,-0.000,-0.001,0.001,0.907,-0.372,6.912,111.781,-115.256
-0.003,0.001,-0.001,0.001,0.906,-0.372,6.863,111.789,-115.224
-0.001,-0.000,0.001,0.001,0.906,-0.373,6.867,111.801,-115.130
-0.000,-0.000,0.000,0.001,0.906,-0.373,6.872,111.816,-115.032
-0.000,-0.001,-0.001,0.001,0.906,-0.372,6.868,111.818,-114.972
-0.000,-0.000,0.000,0.001,0.906,-0.372,6.849,111.826,-114.889
-0.000,-0.000,0.000,0.001,0.906,-0.372,6.915,111.811,-114.974
-0.000,-0.000,0.000,0.001,0.907,-0.372,6.977,111.793,-115.044
0.001,-0.001,0.000,0.000,0.907,-0.372,7.028,111.777,-115.136
-0.001,-0.001,-0.001,0.000,0.907,-0.372,7.094,111.760,-115.256
-0.000,-0.001,0.000,0.001,0.907,-0.372,6.964,111.782,-115.180
0.001,-0.001,0.000,0.001,0.907,-0.372,7.069,111.755,-115.338
-0.000,-0.001,0.000,0.001,0.907,-0.372,7.151,111.738,-115.451
-0.000,0.002,0.000,0.001,0.906,-0.372,7.133,111.741,-115.452
-0.000,-0.001,0.001,0.001,0.906,-0.372,7.172,111.736,-115.487
-0.003,0.001,0.000,0.001,0.906,-0.372,7.172,111.739,-115.519
0.001,-0.000,-0.001,0.001,0.906,-0.372,7.195,111.735,-115.542
-0.001,-0.001,0.000,0.001,0.906,-0.372,7.157,111.745,-115.523
-0.000,0.001,0.000,0.001,0.906,-0.372,7.140,111.751,-115.547
0.001,-0.001,-0.002,0.001,0.906,-0.372,7.171,111.747,-115.551
-0.001,-0.000,0.000,0.000,0.907,-0.372,7.226,111.743,-115.536
0.001,-0.000,0.001,0.000,0.907,-0.372,7.232,111.749,-115.477
-0.000,0.001,0.000,0.000,0.907,-0.372,7.190,111.757,-115.415
-0.000,-0.000,0.000,0.001,0.906,-0.372,7.130,111.771,-115.326
-0.000,-0.001,0.000,0.001,0.906,-0.372,7.170,111.757,-115.395
-0.000,0.001,0.001,0.001,0.906,-0.372,7.162,111.758,-115.371
-0.001,-0.001,0.000,0.001,0.907,-0.372,7.134,111.771,-115.259
-0.001,-0.001,0.000,0.001,0.907,-0.371,7.068,111.777,-115.209
-0.003,-0.000,0.000,0.001,0.907,-0.371,7.069,111.761,-115.260
-0.000,-0.001,0.000,0.001,0.907,-0.372,7.074,111.757,-115.311
-0.001,-0.003,-0.001,0.000,0.907,-0.372,7.077,111.755,-115.335
0.002,-0.000,0.001,0.001,0.906,-0.372,7.077,111.757,-115.322
-0.000,-0.001,0.001,0.001,0.906,-0.372,7.079,111.755,-115.354
-0.000,-0.000,0.000,0.001,0.906,-0.372,7.072,111.756,-115.390
-0.000,0.001,0.000,0.001,0.906,-0.372,7.107,111.753,-115.406
-0.001,-0.001,0.000,0.001,0.906,-0.372,7.117,111.754,-115.421
-0.000,-0.001,0.001,0.001,0.906,-0.372,7.092,111.758,-115.416
-0.001,-0.000,0.000,0.001,0.906,-0.372,7.089,111.757,-115.433
-0.000,-0.000,-0.001,0.001,0.907,-0.372,7.048,111.752,-115.525
-0.001,-0.001,0.000,0.001,0.906,-0.373,7.034,111.759,-115.513
-0.001,0.001,-0.001,0.001,0.906,-0.372,6.980,111.782,-115.408
0.001,-0.000,-0.001,0.001,0.906,-0.372,7.003,111.774,-115.458
-0.001,0.001,-0.001,0.001,0.906,-0.372,7.025,111.772,-115.469
-0.000,0.001,-0.001,0.001,0.907,-0.372,7.070,111.764,-115.489
0.002,-0.000,0.000,0.001,0.907,-0.372,7.098,111.754,-115.533
-0.003,-0.001,0.000,0.001,0.907,-0.371,7.050,111.762,-115.421
0.002,-0.000,0.000,0.001,0.907,-0.372,7.023,111.762,-115.407
-0.003,-0.001,0.000,0.001,0.907,-0.372,6.956,111.776,-115.285
-0.000,-0.000,0.000,0.001,0.906,-0.372,6.938,111.783,-115.229
-0.000,0.001,-0.001,0.001,0.907,-0.373,6.901,111.800,-115.114
-0.000,0.001,-0.001,0.001,0.906,-0.372,6.887,111.806,-115.057
-0.000,-0.000,0.000,0.001,0.906,-0.372,6.900,111.803,-115.040
-0.000,-0.000,0.000,0.000,0.907,-0.372,6.970,111.784,-115.142
-0.001,-0.000,0.000,0.001,0.906,-0.371,6.977,111.783,-115.097
-0.000,-0.001,0.001,0.001,0.906,-0.371,6.956,111.784,-115.063
-0.000,-0.000,0.000,0.001,0.907,-0.372,6.984,111.777,-115.082
-0.000,-0.000,0.001,0.001,0.907,-0.372,7.013,111.769,-115.111
-0.000,0.001,0.000,0.001,0.907,-0.372,7.064,111.760,-115.138
-0.000,0.001,0.000,0.001,0.906,-0.372,7.055,111.760,-115.151
-0.003,-0.000,0.000,0.000,0.906,-0.372,6.928,111.790,-115.042
0.001,-0.003,0.001,0.001,0.907,-0.372,6.941,111.792,-115.020
-0.001,-0.000,0.001,0.001,0.907,-0.372,6.866,111.807,-114.956
-0.000,0.002,0.000,0.000,0.907,-0.372,6.875,111.806,-114.975
-0.000,-0.000,-0.001,0.001,0.906,-0.372,6.907,111.798,-115.002
-0.000,0.001,0.000,0.001,0.906,-0.372,6.939,111.785,-115.072
-0.000,-0.000,0.000,0.001,0.907,-0.372,6.964,111.776,-115.111
0.001,-0.001,-0.001,0.001,0.907,-0.372,6.965,111.773,-115.128
-0.000,-0.001,0.000,0.001,0.906,-0.371,7.005,111.761,-115.184
-0.000,-0.000,0.000,0.000,0.906,-0.372,7.115,111.747,-115.243
-0.001,0.001,0.000,0.000,0.906,-0.372,7.153,111.746,-115.240
-0.000,-0.000,-0.001,0.000,0.906,-0.372,7.149,111.747,-115.225
0.001,-0.000,-0.001,0.001,0.907,-0.372,7.133,111.753,-115.234
0.001,-0.000,0.000,0.001,0.906,-0.372,7.001,111.789,-115.028
-0.000,-0.000,0.000,0.001,0.906,-0.372,7.028,111.779,-115.080
-0.000,-0.000,0.000,0.001,0.907,-0.372,7.038,111.777,-115.089
-0.000,-0.001,-0.001,0.000,0.906,-0.372,7.063,111.771,-115.149
-0.001,-0.001,0.000,0.000,0.906,-0.372,7.063,111.766,-115.249
-0.001,-0.001,0.001,0.000,0.906,-0.372,7.067,111.764,-115.234
-0.001,-0.001,0.001,0.000,0.906,-0.372,7.096,111.755,-115.334
-0.000,-0.001,0.000,0.002,0.907,-0.372,7.098,111.749,-115.403
-0.003,-0.001,-0.001,0.002,0.907,-0.372,7.093,111.744,-115.442
-0.001,-0.000,0.000,0.001,0.907,-0.372,7.102,111.742,-115.457
-0.001,-0.001,0.001,0.000,0.906,-0.372,7.096,111.746,-115.477
-0.001,0.001,0.000,0.000,0.906,-0.372,7.039,111.765,-115.430
-0.000,-0.001,0.000,0.001,0.906,-0.372,6.992,111.781,-115.287
-0.000,-0.000,0.000,0.001,0.907,-0.372,6.952,111.793,-115.200
-0.000,0.001,0.000,0.001,0.907,-0.372,6.861,111.810,-115.150
0.001,-0.001,0.000,0.001,0.907,-0.372,6.897,111.789,-115.242
0.001,-0.001,0.001,0.001,0.906,-0.372,6.893,111.790,-115.264
-0.001,-0.000,-0.002,0.001,0.906,-0.372,6.858,111.801,-115.202
-0.000,0.001,0.001,0.001,0.906,-0.372,6.856,111.802,-115.187
-0.000,-0.000,0.000,0.000,0.907,-0.372,6.849,111.800,-115.172
-0.000,-0.000,0.000,0.000,0.907,-0.372,6.863,111.793,-115.198
-0.001,-0.000,-0.001,0.001,0.907,-0.373,6.883,111.794,-115.214
-0.000,-0.001,0.000,0.001,0.906,-0.371,6.901,111.793,-115.198
0.001,-0.000,0.000,0.001,0.906,-0.371,6.878,111.799,-115.103
-0.001,0.001,0.000,0.001,0.907,-0.372,6.805,111.816,-114.972
-0.001,0.001,0.000,0.001,0.907,-0.372,6.841,111.802,-115.021
0.001,-0.000,-0.001,0.001,0.907,-0.372,6.896,111.788,-115.098
-0.001,-0.000,0.000,0.001,0.907,-0.372,6.842,111.799,-115.036
-0.001,-0.000,-0.001,0.000,0.907,-0.371,6.908,111.779,-115.090
-0.000,-0.001,0.000,0.001,0.906,-0.372,6.903,111.780,-115.101
0.001,0.002,0.000,0.001,0.906,-0.372,6.913,111.786,-115.093
-0.000,-0.000,-0.001,0.000,0.906,-0.372,6.885,111.797,-115.028
-0.001,0.001,0.000,0.000,0.906,-0.372,6.875,111.797,-115.069
-0.000,-0.000,0.000,0.000,0.906,-0.372,6.854,111.805,-115.036
-0.000,0.001,0.001,0.000,0.906,-0.371,6.810,111.807,-114.971
-0.001,-0.003,0.000,0.000,0.906,-0.372,6.894,111.791,-115.080
-0.000,-0.001,0.000,0.000,0.906,-0.372,6.912,111.791,-115.099
0.001,-0.000,-0.001,0.000,0.906,-0.372,6.967,111.777,-115.203
-0.003,0.001,0.000,0.001,0.906,-0.373,7.021,111.768,-115.318
0.001,-0.001,0.000,0.001,0.906,-0.371,6.972,111.773,-115.363
-0.000,-0.001,0.000,0.001,0.906,-0.371,6.856,111.791,-115.305
-0.000,0.001,0.000,0.001,0.907,-0.372,6.836,111.796,-115.291
-0.000,0.001,-0.001,0.001,0.907,-0.372,6.832,111.801,-115.225
-0.000,0.002,0.000,0.001,0.907,-0.372,6.878,111.793,-115.220
0.001,-0.000,0.000,0.001,0.906,-0.372,6.922,111.786,-115.235
-0.000,0.001,-0.001,0.001,0.906,-0.372,6.967,111.779,-115.235
-0.001,-0.000,0.000,0.001,0.906,-0.372,6.969,111.778,-115.222
0.001,0.001,0.000,0.001,0.906,-0.372,6.955,111.784,-115.155
0.001,-0.000,0.000,0.001,0.907,-0.372,7.037,111.766,-115.191
-0.000,-0.000,0.000,0.001,0.907,-0.372,7.023,111.767,-115.158
-0.000,0.002,-0.001,0.000,0.906,-0.372,7.039,111.762,-115.180
-0.000,0.001,-0.001,0.000,0.906,-0.372,7.025,111.766,-115.171
-0.001,-0.001,0.000,0.000,0.906,-0.372,6.994,111.772,-115.180
0.002,0.001,0.000,0.001,0.907,-0.372,6.965,111.775,-115.142
-0.001,-0.000,0.000,0.001,0.906,-0.372,6.971,111.775,-115.142
0.001,-0.001,0.001,0.001,0.907,-0.372,6.885,111.788,-115.127
0.002,-0.000,0.000,0.001,0.907,-0.372,6.906,111.784,-115.132
-0.001,-0.000,0.000,0.000,0.907,-0.372,6.908,111.783,-115.165
-0.000,0.001,0.001,0.000,0.906,-0.372,6.878,111.789,-115.159
-0.000,-0.001,0.000,0.000,0.906,-0.372,6.844,111.802,-115.052
-0.000,-0.000,0.001,0.001,0.907,-0.372,6.792,111.819,-114.934
0.001,-0.000,0.000,0.001,0.906,-0.372,6.842,111.801,-115.067
-0.001,-0.000,0.001,0.001,0.906,-0.372,6.925,111.783,-115.167
-0.001,-0.000,0.000,0.000,0.906,-0.371,7.001,111.765,-115.187
0.001,-0.003,-0.001,0.001,0.907,-0.373,7.043,111.766,-115.171
-0.001,0.001,0.000,0.000,0.906,-0.372,7.030,111.772,-115.168
0.001,-0.000,0.001,0.000,0.906,-0.372,7.003,111.781,-115.126
-0.001,-0.001,0.000,0.000,0.906,-0.371,6.961,111.785,-115.084
-0.001,-0.001,0.000,0.001,0.907,-0.372,6.894,111.793,-115.059
0.001,-0.000,0.001,0.001,0.907,-0.372,6.861,111.800,-115.048
-0.001,0.002,-0.001,0.001,0.907,-0.372,6.885,111.794,-115.056
0.002,-0.000,0.000,0.000,0.907,-0.372,6.946,111.783,-115.105
-0.000,-0.001,0.001,0.001,0.907,-0.372,6.994,111.776,-115.144
-0.000,-0.001,0.000,0.001,0.907,-0.372,6.994,111.773,-115.143
-0.000,-0.000,-0.001,0.000,0.906,-0.372,7.039,111.769,-115.203
-0.000,-0.000,0.000,0.000,0.906,-0.372,6.937,111.800,-115.060
-0.000,0.002,-0.001,0.001,0.906,-0.372,6.908,111.808,-115.011
-0.001,-0.001,-0.002,0.001,0.906,-0.372,6.885,111.811,-114.977
-0.000,-0.001,0.001,0.001,0.906,-0.372,6.914,111.801,-115.023
-0.003,-0.000,0.000,0.000,0.906,-0.372,6.865,111.806,-115.061
-0.000,-0.000,0.000,0.001,0.906,-0.372,6.838,111.810,-115.059
-0.000,-0.000,-0.001,0.001,0.906,-0.372,6.874,111.798,-115.119
-0.000,-0.000,0.001,0.000,0.906,-0.371,6.944,111.773,-115.210
-0.001,0.001,0.000,0.001,0.906,-0.371,6.985,111.757,-115.311
-0.001,-0.001,0.000,0.001,0.906,-0.372,7.003,111.757,-115.327
-0.001,-0.000,0.001,0.001,0.906,-0.372,7.029,111.758,-115.363
-0.000,-0.000,0.000,0.001,0.906,-0.372,7.045,111.760,-115.370
-0.000,-0.000,-0.001,0.001,0.906,-0.372,7.061,111.752,-115.484
-0.000,-0.000,0.001,0.001,0.906,-0.372,7.000,111.766,-115.458
-0.000,0.001,0.000,0.001,0.907,-0.372,6.895,111.794,-115.332
-0.001,-0.001,-0.001,0.001,0.906,-0.372,6.891,111.798,-115.282
-0.000,-0.000,0.000,0.001,0.907,-0.371,6.960,111.782,-115.293
0.001,-0.000,-0.001,0.001,0.907,-0.371,6.927,111.788,-115.197
-0.000,-0.000,0.000,0.001,0.906,-0.372,6.906,111.802,-115.118
-0.000,-0.000,-0.001,0.001,0.906,-0.372,6.904,111.804,-115.120
-0.000,-0.000,0.000,0.001,0.906,-0.372,6.878,111.813,-115.063
-0.001,-0.001,0.000,0.001,0.906,-0.372,6.858,111.816,-115.035
0.001,-0.001,0.000,0.000,0.906,-0.372,6.805,111.825,-114.976
-0.001,-0.001,0.000,0.000,0.906,-0.372,6.788,111.821,-114.987
-0.000,-0.001,0.000,0.001,0.907,-0.372,6.760,111.827,-114.936
-0.001,-0.000,-0.001,0.001,0.907,-0.372,6.764,111.823,-114.941
-0.001,-0.000,0.000,0.000,0.907,-0.372,6.793,111.813,-114.946
0.001,-0.003,0.001,0.000,0.907,-0.372,6.825,111.803,-115.000
-0.000,-0.001,0.000,0.000,0.906,-0.372,6.856,111.797,-115.038
0.001,-0.000,0.001,0.000,0.906,-0.372,6.883,111.797,-115.041
-0.000,-0.000,0.000,0.001,0.906,-0.372,6.906,111.797,-115.027
0.001,-0.000,0.000,0.000,0.906,-0.372,6.908,111.797,-115.039
-0.000,-0.000,-0.001,0.000,0.906,-0.372,6.885,111.804,-114.975
-0.001,-0.000,0.000,0.000,0.907,-0.372,6.926,111.796,-114.958
-0.000,-0.001,0.000,0.001,0.907,-0.372,6.925,111.799,-114.878
0.001,-0.000,0.000,0.000,0.907,-0.372,6.987,111.780,-114.953
-0.003,-0.000,0.000,0.000,0.907,-0.372,6.935,111.786,-114.944
-0.001,0.001,-0.001,0.001,0.906,-0.372,6.934,111.789,-114.976
0.001,-0.000,0.000,0.001,0.907,-0.372,6.929,111.791,-114.999
-0.001,-0.001,0.000,0.001,0.907,-0.372,6.933,111.790,-115.032
0.002,0.001,0.000,0.001,0.906,-0.372,6.822,111.821,-114.851
-0.000,-0.000,-0.001,0.000,0.906,-0.373,6.828,111.822,-114.847
0.001,-0.000,0.000,0.000,0.906,-0.373,6.847,111.822,-114.877
0.001,-0.000,0.000,0.001,0.906,-0.372,6.869,111.810,-114.926
-0.000,-0.000,0.000,0.000,0.907,-0.372,6.881,111.804,-114.924
-0.001,-0.001,0.001,0.000,0.907,-0.371,6.985,111.766,-115.151
-0.000,-0.001,-0.001,0.000,0.907,-0.371,6.947,111.772,-115.105
-0.001,-0.000,0.000,0.001,0.906,-0.372,6.949,111.775,-115.074
-0.000,-0.001,0.000,0.001,0.906,-0.371,6.976,111.763,-115.169
-0.001,-0.000,-0.001,0.001,0.906,-0.371,6.965,111.760,-115.206
-0.000,-0.001,0.000,0.000,0.906,-0.372,7.001,111.755,-115.256
-0.001,-0.000,0.000,0.000,0.907,-0.372,7.032,111.751,-115.293
-0.001,-0.001,0.000,0.000,0.907,-0.372,6.991,111.757,-115.312
-0.001,-0.001,0.000,0.001,0.907,-0.372,6.957,111.768,-115.309
-0.001,0.001,-0.001,0.000,0.906,-0.372,6.980,111.765,-115.359
-0.001,-0.001,0.001,0.000,0.906,-0.372,6.984,111.765,-115.379
-0.001,-0.000,-0.001,0.001,0.907,-0.372,6.937,111.775,-115.307
-0.001,-0.000,0.000,0.000,0.906,-0.372,6.892,111.788,-115.220
-0.001,-0.000,0.000,0.000,0.906,-0.372,6.885,111.796,-115.160
-0.000,-0.000,-0.001,0.000,0.906,-0.372,6.943,111.785,-115.174
-0.000,0.001,-0.001,0.001,0.907,-0.372,6.951,111.783,-115.165
-0.000,-0.000,0.001,0.001,0.907,-0.372,6.966,111.780,-115.140
0.001,0.001,-0.001,0.001,0.906,-0.372,6.976,111.783,-115.117
-0.001,-0.000,0.000,0.001,0.907,-0.372,6.990,111.781,-115.126
-0.001,-0.000,0.000,0.001,0.906,-0.372,7.033,111.766,-115.254
0.002,-0.000,0.000,0.001,0.906,-0.372,7.077,111.753,-115.379
-0.001,-0.000,0.000,0.001,0.907,-0.372,7.119,111.742,-115.507
-0.000,-0.001,0.000,0.000,0.906,-0.372,7.096,111.753,-115.471
-0.000,0.001,0.000,0.000,0.906,-0.372,7.132,111.750,-115.497
-0.000,-0.000,-0.001,0.000,0.907,-0.372,7.143,111.745,-115.541
-0.003,-0.001,0.000,0.001,0.906,-0.371,7.141,111.739,-115.591
-0.000,-0.000,-0.001,0.001,0.906,-0.371,7.141,111.736,-115.604
0.002,0.001,0.000,0.001,0.907,-0.372,7.129,111.734,-115.666
0.002,-0.000,-0.001,0.000,0.906,-0.373,7.042,111.766,-115.548
-0.001,-0.003,-0.001,0.001,0.907,-0.373,7.003,111.784,-115.449
-0.003,-0.000,-0.001,0.001,0.907,-0.373,6.980,111.793,-115.411
0.002,-0.001,0.001,0.001,0.907,-0.372,7.002,111.791,-115.390
-0.001,-0.000,0.000,0.001,0.907,-0.372,6.989,111.792,-115.371
-0.000,-0.003,0.000,0.001,0.907,-0.372,6.981,111.792,-115.356
-0.001,-0.000,0.000,0.001,0.907,-0.372,7.003,111.789,-115.353
-0.001,0.002,-0.001,0.000,0.907,-0.372,6.990,111.790,-115.336
0.001,-0.001,-0.001,0.000,0.907,-0.372,6.900,111.803,-115.269
-0.003,-0.000,0.000,0.001,0.907,-0.372,6.860,111.808,-115.269
-0.001,-0.001,0.000,0.000,0.906,-0.372,6.903,111.801,-115.281
-0.001,-0.000,0.000,0.000,0.906,-0.372,6.942,111.796,-115.246
-0.001,-0.000,0.000,0.000,0.906,-0.372,7.000,111.784,-115.272
-0.000,-0.001,0.000,0.000,0.906,-0.371,7.015,111.778,-115.267
0.001,-0.000,0.000,0.000,0.906,-0.371,7.008,111.774,-115.260
-0.001,-0.000,0.000,0.000,0.907,-0.372,7.015,111.770,-115.257
-0.000,-0.001,-0.001,0.001,0.907,-0.372,6.996,111.773,-115.236
-0.000,-0.001,-0.001,0.001,0.907,-0.372,6.945,111.782,-115.214
-0.001,-0.000,-0.001,0.000,0.906,-0.372,6.923,111.788,-115.202
-0.000,-0.001,0.001,0.000,0.907,-0.372,6.837,111.801,-115.158
-0.000,-0.001,-0.001,0.000,0.907,-0.372,6.880,111.789,-115.233
-0.000,-0.000,0.000,0.000,0.907,-0.372,6.861,111.800,-115.171
-0.001,-0.001,0.001,0.001,0.906,-0.372,6.896,111.797,-115.197
-0.001,-0.001,0.000,0.000,0.906,-0.373,6.917,111.800,-115.208
0.001,-0.000,-0.001,0.000,0.906,-0.373,6.859,111.823,-115.124
-0.003,-0.000,0.000,0.000,0.906,-0.372,6.780,111.837,-115.016
-0.000,0.001,-0.001,0.001,0.906,-0.372,6.895,111.811,-115.111
0.001,-0.000,0.000,0.001,0.906,-0.372,6.884,111.824,-114.972
-0.000,-0.000,0.000,0.001,0.906,-0.372,6.860,111.826,-114.931
-0.003,0.001,0.000,0.000,0.907,-0.372,6.886,111.821,-114.886
0.001,-0.001,-0.001,0.001,0.907,-0.372,6.928,111.805,-114.955
-0.001,0.001,0.000,0.001,0.907,-0.372,6.948,111.795,-114.974
0.001,-0.000,0.001,0.001,0.907,-0.372,6.931,111.794,-114.946
-0.000,-0.000,0.000,0.001,0.907,-0.372,6.933,111.791,-114.940
-0.000,0.001,0.000,0.001,0.907,-0.372,6.933,111.790,-114.929
0.001,-0.000,0.000,0.000,0.907,-0.371,6.952,111.781,-114.912
-0.000,-0.000,0.000,0.000,0.907,-0.372,6.924,111.786,-114.869
-0.000,-0.001,0.001,0.000,0.907,-0.372,6.890,111.799,-114.809
-0.000,-0.000,-0.001,0.000,0.906,-0.372,6.910,111.797,-114.845
-0.001,-0.000,-0.001,0.000,0.906,-0.372,6.899,111.797,-114.887
-0.003,0.001,0.001,0.000,0.906,-0.372,6.952,111.786,-114.957
0.001,-0.001,0.000,0.001,0.907,-0.371,6.941,111.781,-114.960
-0.000,-0.000,-0.001,0.001,0.907,-0.371,6.908,111.781,-114.937
0.001,-0.000,-0.001,0.001,0.907,-0.371,6.903,111.775,-114.948
0.001,0.001,0.000,0.000,0.906,-0.372,6.914,111.781,-114.971
-0.000,-0.001,0.000,0.000,0.906,-0.372,6.908,111.788,-115.003
0.001,-0.000,0.000,0.000,0.906,-0.372,6.928,111.793,-115.002
0.001,0.002,-0.001,0.000,0.906,-0.372,6.967,111.785,-115.022
-0.001,-0.000,0.000,0.001,0.907,-0.372,7.033,111.774,-115.034
0.001,-0.003,-0.001,0.001,0.906,-0.372,7.110,111.755,-115.148
-0.000,-0.000,0.000,0.001,0.906,-0.372,7.115,111.749,-115.216
-0.000,-0.000,0.001,0.000,0.906,-0.372,7.080,111.756,-115.207
0.001,0.001,0.000,0.000,0.907,-0.372,7.029,111.766,-115.158
0.001,0.001,0.000,0.000,0.907,-0.372,6.917,111.792,-115.009
0.002,-0.001,-0.001,0.001,0.906,-0.372,6.882,111.799,-114.976
-0.001,-0.001,0.000,0.001,0.906,-0.372,6.877,111.803,-114.942
-0.001,-0.000,-0.001,0.000,0.906,-0.372,6.846,111.820,-114.792
-0.000,-0.000,0.000,0.000,0.906,-0.372,6.798,111.830,-114.745
-0.000,-0.001,0.000,0.000,0.906,-0.371,6.824,111.809,-114.800
-0.001,-0.001,0.000,0.000,0.907,-0.371,6.903,111.780,-114.949
-0.001,-0.000,0.000,0.000,0.907,-0.371,6.975,111.755,-115.111
-0.001,-0.001,0.000,-0.000,0.907,-0.372,7.109,111.730,-115.287
0.001,-0.000,-0.001,0.000,0.906,-0.372,7.104,111.735,-115.303
-0.001,0.001,-0.001,0.000,0.906,-0.372,7.047,111.747,-115.291
-0.001,0.001,0.000,0.001,0.906,-0.372,7.027,111.760,-115.262
-0.000,-0.000,0.000,0.001,0.906,-0.372,7.044,111.765,-115.272
-0.000,-0.000,0.000,0.001,0.906,-0.372,7.018,111.773,-115.244
-0.001,-0.001,0.001,0.000,0.907,-0.371,6.969,111.783,-115.142
-0.000,-0.000,0.001,0.000,0.906,-0.372,6.921,111.795,-115.040
-0.001,0.001,0.001,0.000,0.906,-0.372,6.926,111.800,-114.965
-0.001,-0.001,-0.001,0.001,0.906,-0.372,6.937,111.792,-115.005
-0.001,0.001,0.000,0.000,0.906,-0.372,6.903,111.797,-114.993
-0.001,-0.000,0.000,0.000,0.906,-0.372,6.910,111.796,-114.997
0.001,-0.000,0.000,0.001,0.907,-0.372,6.855,111.802,-114.986
-0.003,0.001,-0.001,0.001,0.906,-0.372,6.830,111.802,-114.989
-0.001,0.001,-0.001,0.000,0.907,-0.371,6.896,111.784,-115.058
0.001,0.001,0.000,0.000,0.907,-0.371,6.911,111.775,-115.097
0.002,-0.000,0.000,0.000,0.907,-0.372,6.848,111.796,-114.964
-0.001,0.001,0.000,0.001,0.907,-0.372,6.860,111.792,-114.982
-0.000,-0.003,0.000,0.001,0.907,-0.372,6.870,111.788,-115.011
-0.001,-0.000,0.000,0.001,0.906,-0.373,6.839,111.806,-114.935
-0.000,0.001,0.001,0.000,0.906,-0.373,6.833,111.811,-114.954
-0.000,-0.000,0.000,0.000,0.906,-0.373,6.839,111.815,-114.962
0.001,-0.000,0.000,0.000,0.906,-0.372,6.841,111.808,-114.993
-0.001,0.001,0.000,0.000,0.906,-0.372,6.830,111.809,-114.973
-0.000,0.001,0.000,0.000,0.906,-0.372,6.916,111.784,-115.175
-0.000,0.001,-0.001,0.000,0.906,-0.372,6.988,111.776,-115.226
-0.000,-0.001,0.000,0.001,0.907,-0.372,6.855,111.805,-115.055
-0.001,-0.001,0.000,0.001,0.907,-0.372,6.858,111.801,-115.044
-0.000,-0.001,0.000,0.001,0.907,-0.372,6.941,111.783,-115.100
-0.001,-0.000,0.000,0.000,0.907,-0.371,6.923,111.782,-115.076
0.001,-0.000,0.000,0.000,0.907,-0.372,6.930,111.776,-115.091
-0.000,-0.000,0.000,0.000,0.907,-0.372,6.910,111.776,-115.098
-0.001,-0.000,0.001,0.000,0.907,-0.372,6.966,111.763,-115.190
-0.000,-0.000,0.000,0.001,0.907,-0.372,6.976,111.774,-115.073
-0.000,-0.001,-0.001,0.001,0.907,-0.372,7.003,111.767,-115.102
0.002,-0.001,0.000,0.000,0.907,-0.372,7.106,111.743,-115.243
-0.003,-0.000,0.000,0.000,0.907,-0.372,7.080,111.755,-115.153
-0.000,-0.000,0.000,0.000,0.907,-0.372,7.066,111.760,-115.128
-0.000,-0.001,-0.001,0.001,0.906,-0.373,7.078,111.766,-115.114
0.001,-0.001,0.000,0.001,0.906,-0.373,7.096,111.770,-115.111
0.001,0.001,0.000,0.001,0.906,-0.373,7.131,111.769,-115.130
-0.000,-0.000,0.000,0.001,0.907,-0.373,7.152,111.762,-115.223
0.001,-0.001,0.000,0.001,0.907,-0.372,7.174,111.750,-115.359
0.001,-0.000,0.000,0.000,0.907,-0.371,7.211,111.729,-115.521
-0.000,-0.000,-0.001,0.000,0.907,-0.371,7.223,111.719,-115.588
0.001,-0.000,-0.001,0.000,0.907,-0.372,7.218,111.720,-115.583
-0.001,-0.001,0.000,0.000,0.907,-0.371,7.245,111.709,-115.667
0.001,-0.000,0.000,0.000,0.907,-0.371,7.241,111.702,-115.758
-0.003,-0.000,0.001,0.001,0.906,-0.371,7.271,111.685,-115.879
-0.003,-0.001,-0.001,0.000,0.906,-0.373,7.222,111.707,-115.770
0.001,0.001,0.000,0.000,0.906,-0.373,7.177,111.733,-115.656
-0.003,0.001,0.001,0.000,0.906,-0.372,7.159,111.745,-115.575
0.001,-0.000,0.000,0.000,0.906,-0.372,7.122,111.760,-115.452
-0.000,0.001,-0.001,0.001,0.907,-0.371,7.101,111.765,-115.366
-0.000,-0.000,0.000,0.001,0.907,-0.371,7.038,111.772,-115.306
-0.001,-0.000,0.000,0.000,0.906,-0.372,7.011,111.780,-115.286
-0.000,-0.000,0.000,0.000,0.907,-0.372,6.993,111.784,-115.247
-0.000,-0.000,-0.001,0.000,0.907,-0.372,6.992,111.780,-115.241
-0.000,-0.001,0.000,0.001,0.906,-0.372,6.965,111.789,-115.162
-0.001,-0.000,0.001,0.001,0.906,-0.372,6.913,111.790,-115.212
-0.000,-0.003,0.000,0.000,0.906,-0.372,6.935,111.789,-115.198
-0.000,-0.000,-0.002,0.000,0.906,-0.372,6.935,111.789,-115.188
-0.000,0.001,0.000,0.001,0.907,-0.372,6.939,111.790,-115.138
0.001,-0.000,0.000,0.001,0.907,-0.372,6.921,111.795,-115.080
0.001,-0.000,0.000,0.001,0.906,-0.372,6.927,111.794,-115.073
-0.001,0.001,0.000,0.001,0.906,-0.372,6.932,111.794,-115.066
-0.001,0.001,-0.001,0.001,0.906,-0.372,6.960,111.787,-115.154
0.002,-0.001,0.000,0.001,0.906,-0.372,6.961,111.783,-115.193
-0.000,-0.000,0.001,0.001,0.906,-0.371,6.987,111.772,-115.239
-0.001,-0.001,0.000,0.001,0.906,-0.371,6.976,111.762,-115.291
0.001,-0.003,0.001,0.001,0.907,-0.371,6.962,111.756,-115.352
-0.001,-0.000,0.001,0.000,0.907,-0.372,6.894,111.771,-115.295
-0.003,-0.000,0.000,0.000,0.906,-0.372,6.885,111.777,-115.264
-0.003,-0.001,0.000,0.000,0.906,-0.372,6.877,111.786,-115.181
-0.000,-0.001,0.001,0.000,0.907,-0.372,6.891,111.784,-115.208
-0.000,0.001,0.000,0.001,0.907,-0.372,6.797,111.812,-115.026
-0.000,0.001,0.000,0.001,0.907,-0.372,6.804,111.810,-115.006
0.001,-0.001,0.000,0.001,0.907,-0.372,6.803,111.807,-114.990
-0.000,-0.000,0.000,0.001,0.906,-0.372,6.792,111.808,-114.958
-0.001,-0.001,0.000,0.001,0.906,-0.372,6.815,111.797,-115.055
-0.001,-0.000,0.000,0.000,0.907,-0.372,6.847,111.794,-115.134
0.001,-0.001,0.000,0.001,0.907,-0.372,6.941,111.777,-115.234
-0.000,0.001,0.000,0.000,0.907,-0.372,7.024,111.768,-115.227
0.001,-0.000,0.000,0.000,0.907,-0.372,6.988,111.780,-115.158
-0.001,-0.000,0.000,0.000,0.906,-0.372,6.978,111.783,-115.114
-0.000,-0.001,0.000,0.000,0.906,-0.372,6.948,111.786,-115.082
0.001,-0.001,-0.001,0.000,0.907,-0.373,6.927,111.796,-115.061
-0.000,0.001,0.000,0.001,0.906,-0.371,6.831,111.816,-114.967
-0.000,-0.000,-0.001,0.001,0.906,-0.371,6.774,111.821,-114.931
0.001,-0.000,-0.001,0.000,0.906,-0.371,6.812,111.811,-114.940
-0.001,-0.001,0.001,0.001,0.906,-0.372,6.863,111.799,-114.996
-0.001,-0.000,0.000,0.001,0.906,-0.372,6.859,111.797,-115.031
-0.000,-0.000,0.001,0.001,0.906,-0.372,6.880,111.790,-115.078
0.001,-0.001,-0.001,0.000,0.907,-0.372,6.893,111.785,-115.090
0.002,-0.000,0.003,0.001,0.907,-0.372,6.875,111.788,-115.073
-0.000,-0.000,0.000,0.001,0.907,-0.372,6.838,111.794,-115.041
-0.001,-0.000,0.000,0.001,0.907,-0.372,6.905,111.781,-115.121
-0.000,0.001,0.000,0.001,0.907,-0.372,6.937,111.780,-115.092
-0.003,0.001,0.000,0.001,0.907,-0.372,6.946,111.780,-115.059
-0.000,-0.000,-0.001,0.000,0.907,-0.373,6.919,111.804,-114.946
0.001,-0.001,0.000,0.000,0.906,-0.372,6.915,111.808,-114.941
-0.000,-0.000,-0.001,0.001,0.907,-0.372,6.958,111.799,-114.973
0.001,-0.000,0.000,0.001,0.907,-0.372,6.941,111.797,-114.965
-0.003,-0.000,0.000,0.001,0.906,-0.372,6.949,111.790,-114.986
-0.000,-0.001,0.000,0.001,0.906,-0.372,6.942,111.789,-114.988
-0.000,-0.001,-0.001,0.001,0.906,-0.372,6.902,111.795,-114.967
-0.000,-0.001,0.000,0.001,0.907,-0.372,6.910,111.791,-114.984
0.001,-0.000,-0.001,0.001,0.906,-0.372,6.956,111.775,-115.078
-0.001,-0.001,0.001,0.001,0.906,-0.372,6.914,111.779,-115.080
-0.001,-0.001,0.001,0.000,0.906,-0.372,6.965,111.774,-115.107
-0.001,-0.000,0.000,0.000,0.907,-0.372,6.996,111.768,-115.097
0.002,0.001,0.001,0.000,0.906,-0.372,7.007,111.768,-115.105
-0.000,-0.001,0.000,0.000,0.906,-0.372,7.019,111.770,-115.118
0.001,-0.000,0.001,0.000,0.906,-0.372,7.055,111.765,-115.181
-0.001,0.001,0.000,0.000,0.906,-0.372,7.056,111.769,-115.179
-0.001,-0.001,0.000,0.001,0.906,-0.372,7.028,111.775,-115.121
0.001,-0.001,0.000,0.000,0.907,-0.371,6.965,111.783,-115.073
-0.001,0.001,-0.001,0.000,0.907,-0.371,6.934,111.784,-115.050
0.001,0.001,0.000,0.000,0.907,-0.371,6.912,111.774,-115.028
0.001,0.001,0.000,0.000,0.906,-0.372,6.852,111.790,-114.972
-0.000,-0.001,0.000,0.000,0.907,-0.371,6.826,111.793,-114.951
-0.000,-0.000,0.000,0.000,0.907,-0.371,6.856,111.779,-115.021
-0.000,-0.000,0.000,0.000,0.906,-0.372,6.822,111.783,-115.055
-0.000,-0.000,0.001,0.000,0.907,-0.372,6.809,111.777,-115.192
0.004,-0.000,0.000,0.000,0.907,-0.372,6.840,111.771,-115.275
-0.001,-0.000,-0.001,0.000,0.906,-0.371,6.855,111.764,-115.296
-0.000,-0.000,-0.001,0.001,0.906,-0.371,6.867,111.763,-115.269
-0.001,-0.000,0.000,0.000,0.906,-0.371,6.901,111.761,-115.235
-0.001,-0.000,-0.001,0.000,0.906,-0.371,6.939,111.757,-115.240
0.001,-0.000,0.000,0.001,0.906,-0.371,7.000,111.746,-115.278
0.001,0.001,-0.001,0.001,0.906,-0.371,6.968,111.757,-115.186
-0.003,-0.000,0.000,0.001,0.906,-0.371,6.961,111.765,-115.090
0.001,-0.000,0.001,0.001,0.906,-0.372,6.944,111.776,-115.026
-0.001,-0.000,0.001,0.001,0.907,-0.371,6.982,111.768,-115.039
-0.000,-0.000,0.000,0.001,0.907,-0.371,6.984,111.766,-115.011
-0.001,-0.000,0.000,0.000,0.907,-0.372,7.003,111.768,-115.013
-0.000,-0.000,0.000,0.001,0.906,-0.372,7.030,111.764,-115.042
-0.003,0.001,-0.001,0.001,0.906,-0.372,7.002,111.770,-115.015
0.001,-0.000,0.000,0.001,0.906,-0.372,6.998,111.776,-114.959
0.001,-0.000,0.000,0.000,0.907,-0.372,6.969,111.782,-114.937
-0.000,-0.000,0.001,0.000,0.907,-0.372,6.991,111.774,-115.012
-0.000,-0.000,0.000,0.000,0.906,-0.371,6.947,111.784,-114.935
-0.000,-0.000,0.000,0.000,0.906,-0.372,6.869,111.798,-114.902
-0.000,-0.000,-0.001,0.000,0.906,-0.372,6.845,111.810,-114.841
-0.001,-0.000,-0.001,0.001,0.907,-0.373,6.861,111.810,-114.856
-0.000,-0.000,0.001,0.001,0.907,-0.372,6.861,111.810,-114.862
0.001,-0.000,0.000,0.001,0.907,-0.372,6.831,111.806,-114.887
-0.000,-0.000,0.001,0.001,0.907,-0.372,6.805,111.802,-114.936
-0.001,-0.000,0.001,0.000,0.907,-0.371,6.797,111.796,-114.970
-0.000,-0.000,0.001,0.000,0.907,-0.372,6.811,111.794,-114.976
-0.001,-0.000,0.001,0.000,0.907,-0.372,6.764,111.807,-114.937
-0.000,-0.000,0.000,0.000,0.907,-0.372,6.689,111.826,-114.820
-0.000,0.001,0.000,0.000,0.907,-0.371,6.707,111.822,-114.789
0.001,0.001,0.000,0.000,0.907,-0.371,6.815,111.798,-114.845
-0.000,-0.000,-0.001,0.001,0.907,-0.372,6.842,111.795,-114.800
-0.000,-0.001,0.000,0.000,0.906,-0.372,6.800,111.813,-114.630
-0.000,0.002,-0.001,0.000,0.907,-0.371,6.818,111.802,-114.704
0.001,-0.000,0.000,0.000,0.907,-0.371,6.860,111.787,-114.783
-0.000,-0.000,0.000,0.001,0.906,-0.372,6.890,111.787,-114.807
-0.001,0.001,0.000,0.001,0.907,-0.372,6.914,111.784,-114.847
-0.000,-0.003,0.000,0.001,0.907,-0.372,6.935,111.779,-114.897
-0.000,-0.000,0.000,0.001,0.907,-0.372,6.939,111.774,-114.973
0.002,-0.001,0.000,0.000,0.906,-0.372,6.883,111.784,-114.984
-0.000,0.001,0.000,0.000,0.906,-0.372,6.854,111.791,-114.978
0.001,-0.003,0.001,0.001,0.907,-0.372,6.914,111.779,-115.030
0.001,-0.001,0.000,0.000,0.906,-0.372,6.947,111.780,-115.042
0.001,-0.001,0.000,0.001,0.906,-0.371,7.020,111.763,-115.133
-0.000,-0.001,0.000,0.001,0.906,-0.371,7.089,111.742,-115.229
0.001,0.001,-0.001,0.001,0.907,-0.372,7.095,111.741,-115.240
-0.000,-0.000,-0.001,0.001,0.907,-0.372,7.072,111.746,-115.245
-0.001,-0.000,0.000,0.000,0.907,-0.372,6.987,111.769,-115.144
-0.001,-0.000,0.000,0.000,0.907,-0.372,6.986,111.771,-115.149
-0.000,-0.001,0.000,0.000,0.907,-0.372,6.981,111.776,-115.118
-0.000,-0.000,0.000,0.001,0.907,-0.372,6.987,111.775,-115.124
0.001,-0.000,0.000,0.001,0.907,-0.372,6.947,111.787,-115.064
-0.001,-0.000,-0.001,0.001,0.906,-0.372,6.999,111.778,-115.119
0.001,-0.000,0.000,0.001,0.906,-0.372,6.947,111.789,-115.107
-0.003,0.001,-0.001,0.000,0.906,-0.372,7.013,111.771,-115.228
-0.000,-0.000,0.000,0.001,0.907,-0.372,7.089,111.752,-115.333
-0.000,-0.000,0.001,0.001,0.907,-0.372,7.137,111.734,-115.462
-0.000,-0.001,0.000,0.001,0.907,-0.372,7.125,111.733,-115.527
0.001,-0.001,0.000,0.000,0.907,-0.372,7.072,111.747,-115.480
-0.003,-0.001,0.000,0.000,0.907,-0.372,7.112,111.742,-115.528
0.001,0.002,0.000,0.001,0.907,-0.373,7.102,111.758,-115.471
0.001,-0.000,0.000,0.000,0.906,-0.372,7.073,111.766,-115.425
-0.000,-0.000,-0.001,0.001,0.907,-0.372,7.016,111.785,-115.277
-0.000,-0.000,0.000,0.001,0.907,-0.372,6.938,111.801,-115.188
0.001,-0.000,-0.001,0.001,0.907,-0.372,6.914,111.805,-115.175
-0.000,0.001,0.000,0.000,0.907,-0.372,6.926,111.800,-115.183
0.001,-0.001,0.000,0.000,0.907,-0.372,6.967,111.790,-115.204
-0.000,-0.000,0.000,0.001,0.907,-0.371,7.013,111.776,-115.225
0.001,-0.001,0.001,0.000,0.906,-0.372,7.024,111.770,-115.228
-0.000,-0.000,0.000,0.000,0.906,-0.372,6.986,111.776,-115.217
-0.001,-0.001,0.001,0.000,0.906,-0.372,6.965,111.780,-115.202
-0.001,-0.001,0.001,0.000,0.907,-0.372,6.994,111.775,-115.208
-0.001,-0.001,0.001,0.000,0.907,-0.372,6.957,111.789,-115.091
-0.000,-0.001,-0.001,0.000,0.906,-0.371,6.989,111.780,-115.065
0.001,-0.000,0.000,0.000,0.906,-0.372,6.971,111.783,-115.006
-0.001,-0.000,0.000,0.000,0.906,-0.372,6.909,111.797,-114.918
-0.000,0.001,0.000,0.000,0.907,-0.372,6.844,111.810,-114.811
-0.000,-0.000,-0.001,0.000,0.906,-0.372,6.834,111.810,-114.797
-0.000,-0.000,0.000,0.000,0.906,-0.372,6.916,111.791,-114.888
-0.001,0.002,0.000,0.000,0.907,-0.372,6.884,111.785,-114.955
0.001,-0.001,-0.001,0.000,0.907,-0.372,6.871,111.782,-115.025
-0.001,-0.001,0.000,0.000,0.906,-0.372,6.871,111.785,-115.009
-0.000,-0.000,0.000,0.000,0.906,-0.372,6.797,111.805,-114.905
0.001,-0.003,0.001,0.000,0.906,-0.371,6.741,111.813,-114.850
-0.004,-0.000,0.000,0.001,0.906,-0.371,6.719,111.814,-114.806
0.001,-0.001,0.000,0.001,0.906,-0.371,6.780,111.797,-114.857
-0.001,-0.000,0.000,0.000,0.907,-0.371,6.848,111.782,-114.904
0.001,-0.003,-0.001,0.000,0.907,-0.372,6.874,111.774,-114.958
0.001,0.001,0.001,0.000,0.906,-0.372,6.876,111.771,-115.046
-0.000,-0.000,0.000,0.000,0.906,-0.372,6.895,111.773,-115.078
-0.000,-0.000,-0.001,0.000,0.906,-0.372,6.861,111.784,-115.049
-0.000,-0.001,-0.001,0.000,0.906,-0.371,6.802,111.792,-115.028
-0.001,0.001,0.000,0.000,0.906,-0.371,6.793,111.792,-114.993
0.001,-0.000,0.000,0.001,0.907,-0.372,6.830,111.782,-115.049
-0.000,-0.001,-0.001,0.001,0.906,-0.372,6.885,111.771,-115.121
-0.000,-0.000,0.001,0.001,0.906,-0.372,6.874,111.780,-115.064
0.001,-0.001,0.000,0.001,0.906,-0.372,6.835,111.797,-114.985
-0.001,-0.000,0.000,0.001,0.906,-0.372,6.851,111.795,-115.025
-0.001,-0.000,0.000,0.001,0.907,-0.372,6.880,111.788,-115.088
-0.003,-0.001,0.000,0.001,0.907,-0.372,6.875,111.782,-115.156
-0.001,-0.000,0.001,0.001,0.906,-0.371,6.895,111.777,-115.167
-0.000,-0.001,0.000,0.001,0.906,-0.371,6.911,111.772,-115.176
-0.000,-0.000,-0.001,0.000,0.906,-0.372,6.872,111.782,-115.141
-0.000,0.001,0.000,0.001,0.907,-0.371,6.816,111.798,-115.028
0.001,-0.001,-0.001,0.001,0.907,-0.371,6.713,111.819,-114.871
-0.003,0.001,0.000,0.000,0.906,-0.371,6.758,111.807,-114.892
-0.000,-0.001,0.000,0.000,0.906,-0.373,6.840,111.788,-115.040
0.001,-0.000,0.000,0.000,0.907,-0.372,6.908,111.786,-115.071
-0.003,-0.000,0.000,0.000,0.907,-0.372,6.893,111.794,-114.985
-0.001,0.001,0.000,0.000,0.906,-0.372,6.931,111.795,-114.979
0.001,-0.000,-0.001,0.000,0.906,-0.372,6.995,111.781,-115.065
-0.003,-0.000,0.000,0.000,0.906,-0.372,7.014,111.773,-115.142
-0.003,-0.001,-0.001,0.000,0.907,-0.372,6.997,111.777,-115.167
-0.000,-0.000,0.000,0.001,0.907,-0.372,7.015,111.774,-115.183
-0.000,-0.000,0.000,0.001,0.907,-0.372,7.059,111.765,-115.219
-0.000,-0.001,-0.001,0.001,0.906,-0.372,7.111,111.752,-115.275
0.001,0.002,0.000,0.001,0.906,-0.371,7.185,111.732,-115.358
-0.000,-0.000,0.000,0.000,0.907,-0.372,7.142,111.746,-115.258
-0.000,-0.001,0.000,0.000,0.907,-0.372,7.102,111.758,-115.173
0.001,-0.001,0.001,0.000,0.906,-0.371,7.106,111.759,-115.117
-0.000,-0.000,-0.001,0.000,0.906,-0.372,7.105,111.755,-115.148
-0.003,-0.000,0.000,0.000,0.906,-0.372,7.012,111.771,-115.084
-0.000,0.001,0.000,0.000,0.907,-0.372,6.902,111.790,-114.996
0.001,0.001,-0.001,0.001,0.906,-0.371,6.838,111.803,-114.894
-0.000,0.001,0.000,0.001,0.906,-0.371,6.763,111.815,-114.801
-0.001,-0.001,0.000,0.000,0.907,-0.371,6.793,111.803,-114.840
-0.001,-0.000,0.000,0.000,0.906,-0.371,6.851,111.782,-114.950
-0.001,-0.003,0.000,0.000,0.906,-0.371,6.936,111.762,-115.039
-0.000,-0.001,0.000,0.001,0.907,-0.371,6.932,111.756,-115.104
-0.001,0.001,0.000,0.000,0.907,-0.372,6.966,111.752,-115.110
-0.003,0.001,-0.001,0.000,0.907,-0.372,6.947,111.762,-115.068
-0.001,-0.001,-0.001,0.000,0.907,-0.372,6.893,111.779,-115.000
-0.000,-0.001,0.001,0.000,0.907,-0.372,6.902,111.773,-115.097
-0.001,-0.000,0.000,0.000,0.907,-0.372,6.943,111.770,-115.108
0.001,-0.000,0.000,0.001,0.907,-0.372,7.021,111.758,-115.145
0.001,0.001,-0.001,0.001,0.907,-0.371,6.990,111.767,-115.038
-0.000,-0.001,0.001,0.000,0.906,-0.372,7.046,111.756,-115.096
-0.000,-0.000,0.000,0.000,0.906,-0.372,7.036,111.764,-115.095
-0.001,-0.001,-0.001,0.001,0.907,-0.372,7.062,111.761,-115.090
-0.001,0.001,0.001,0.000,0.906,-0.372,7.081,111.760,-115.081
-0.000,0.001,0.000,0.000,0.906,-0.372,7.117,111.754,-115.116
-0.001,-0.000,0.000,0.000,0.906,-0.372,7.129,111.753,-115.128
-0.000,-0.000,0.000,0.001,0.906,-0.372,7.127,111.753,-115.140
-0.001,-0.000,0.000,0.001,0.906,-0.372,7.103,111.758,-115.106
-0.003,-0.000,0.000,0.000,0.906,-0.372,7.156,111.746,-115.168
-0.000,-0.000,0.001,0.000,0.907,-0.372,7.088,111.755,-115.164
-0.000,0.001,0.001,0.000,0.906,-0.372,7.097,111.753,-115.199
-0.001,-0.000,-0.001,0.000,0.906,-0.372,7.006,111.773,-115.160
-0.000,-0.000,0.001,0.000,0.907,-0.371,6.988,111.772,-115.138
-0.001,-0.000,0.001,0.001,0.906,-0.372,6.987,111.769,-115.188
0.001,-0.000,0.001,0.001,0.906,-0.372,6.981,111.772,-115.234
-0.001,-0.003,-0.001,0.000,0.906,-0.372,6.965,111.779,-115.245
-0.001,-0.000,0.000,0.000,0.907,-0.372,6.910,111.799,-115.137
0.001,-0.000,0.000,0.000,0.907,-0.372,6.963,111.789,-115.175
0.001,0.001,0.000,0.001,0.907,-0.372,6.997,111.776,-115.205
-0.000,0.001,-0.001,0.000,0.907,-0.372,7.031,111.770,-115.198
0.001,-0.001,0.000,0.000,0.907,-0.372,7.038,111.773,-115.136
-0.001,-0.000,0.001,0.000,0.907,-0.372,7.054,111.767,-115.195
-0.001,0.001,0.000,0.000,0.907,-0.372,7.082,111.760,-115.264
0.001,-0.000,0.001,0.000,0.907,-0.372,7.078,111.761,-115.304
-0.001,-0.001,0.001,0.001,0.907,-0.371,7.043,111.764,-115.253
-0.000,-0.001,-0.002,0.001,0.907,-0.372,7.032,111.759,-115.282
-0.000,-0.000,0.000,0.001,0.907,-0.372,7.024,111.757,-115.300
-0.001,-0.000,0.000,0.001,0.906,-0.372,6.979,111.772,-115.227
-0.001,-0.000,0.000,0.000,0.906,-0.372,6.957,111.786,-115.158
-0.000,0.001,-0.001,0.000,0.906,-0.372,6.949,111.789,-115.147
-0.000,-0.001,0.000,0.000,0.906,-0.372,6.905,111.803,-115.043
0.001,0.001,0.000,0.000,0.906,-0.372,6.925,111.798,-115.027
0.001,0.001,-0.001,0.000,0.907,-0.372,7.008,111.776,-115.132
0.001,-0.001,0.001,0.000,0.907,-0.372,7.066,111.759,-115.227
-0.003,0.001,0.001,0.000,0.906,-0.372,7.157,111.738,-115.401
-0.000,-0.000,-0.001,0.001,0.906,-0.372,7.177,111.734,-115.489
-0.000,-0.001,0.001,0.001,0.906,-0.372,7.121,111.748,-115.466
0.001,-0.000,-0.001,0.001,0.906,-0.371,7.043,111.755,-115.427
-0.000,0.002,-0.001,0.000,0.907,-0.372,6.920,111.782,-115.266
0.001,-0.001,0.000,0.000,0.907,-0.372,6.877,111.794,-115.163
-0.001,-0.000,0.000,0.000,0.907,-0.372,6.847,111.790,-115.243
-0.003,-0.000,-0.001,0.001,0.906,-0.372,6.851,111.791,-115.242
-0.000,0.001,0.000,0.000,0.906,-0.372,6.841,111.801,-115.181
-0.000,-0.000,0.000,0.000,0.906,-0.372,6.894,111.796,-115.196
-0.000,-0.000,-0.001,0.001,0.907,-0.371,7.002,111.768,-115.299
0.001,-0.000,0.001,0.000,0.907,-0.371,6.992,111.765,-115.302
-0.000,-0.000,-0.001,0.000,0.907,-0.371,6.975,111.759,-115.341
-0.000,-0.001,-0.001,0.001,0.906,-0.372,6.963,111.764,-115.300
0.001,-0.000,-0.001,0.001,0.906,-0.372,6.990,111.759,-115.326
-0.000,-0.003,0.000,0.001,0.906,-0.372,7.016,111.757,-115.319
-0.001,-0.001,0.001,0.000,0.906,-0.372,7.077,111.745,-115.372
-0.001,-0.000,-0.001,0.000,0.906,-0.372,7.102,111.744,-115.343
-0.000,-0.000,0.000,0.000,0.906,-0.372,7.152,111.743,-115.280
-0.000,-0.001,0.000,0.000,0.906,-0.372,7.149,111.743,-115.271
0.001,-0.001,0.000,0.000,0.906,-0.372,7.121,111.753,-115.215
0.001,0.001,0.000,0.000,0.906,-0.372,7.113,111.760,-115.162
0.001,-0.000,0.001,0.000,0.906,-0.372,7.156,111.746,-115.277
-0.000,-0.000,0.000,0.000,0.906,-0.371,7.135,111.747,-115.273
-0.000,0.002,0.000,0.000,0.906,-0.372,7.111,111.749,-115.274
-0.000,-0.000,0.001,0.000,0.906,-0.372,7.002,111.776,-115.142
-0.001,-0.001,0.000,0.000,0.906,-0.371,6.968,111.780,-115.060
0.001,-0.000,0.000,0.000,0.906,-0.371,6.937,111.779,-115.071
-0.003,-0.001,0.001,0.000,0.906,-0.371,6.937,111.771,-115.132
0.001,-0.001,-0.001,0.000,0.907,-0.372,6.910,111.785,-115.059
-0.001,-0.001,0.000,0.000,0.906,-0.371,6.921,111.785,-115.029
0.001,-0.000,0.001,0.001,0.907,-0.372,7.030,111.748,-115.277
-0.001,0.001,0.000,0.001,0.907,-0.372,7.089,111.737,-115.310
-0.001,0.001,0.000,0.001,0.907,-0.372,7.138,111.724,-115.400
0.001,-0.000,0.000,0.000,0.907,-0.371,7.137,111.723,-115.417
-0.001,-0.000,0.001,0.000,0.907,-0.371,7.105,111.726,-115.419
0.001,-0.000,0.000,0.000,0.906,-0.372,7.079,111.732,-115.455
-0.001,0.001,-0.001,0.000,0.906,-0.371,6.987,111.754,-115.362
-0.000,-0.000,-0.001,0.000,0.906,-0.371,6.951,111.757,-115.371
-0.001,-0.000,0.000,0.000,0.907,-0.372,6.968,111.758,-115.338
-0.001,0.001,0.001,0.000,0.907,-0.372,6.936,111.768,-115.304
-0.001,0.001,0.001,0.000,0.907,-0.372,6.923,111.775,-115.282
-0.001,-0.000,-0.001,0.000,0.906,-0.372,6.920,111.785,-115.220
-0.001,-0.000,0.000,0.001,0.907,-0.372,6.921,111.786,-115.190
-0.000,0.001,-0.001,0.001,0.907,-0.372,6.958,111.771,-115.249
-0.000,0.001,0.000,0.000,0.906,-0.372,7.001,111.766,-115.249
-0.001,-0.001,0.001,0.001,0.906,-0.372,7.021,111.757,-115.344
0.001,0.001,0.000,0.001,0.906,-0.372,7.054,111.752,-115.394
-0.000,-0.000,0.001,0.001,0.906,-0.372,7.043,111.760,-115.383
0.001,-0.000,0.000,0.001,0.906,-0.372,7.025,111.764,-115.379
-0.003,0.001,0.000,0.000,0.906,-0.371,7.030,111.760,-115.373
-0.001,-0.000,-0.001,0.000,0.906,-0.371,7.004,111.753,-115.422
-0.001,-0.000,0.000,0.000,0.906,-0.371,6.971,111.755,-115.412
-0.001,0.001,-0.001,0.001,0.907,-0.372,7.000,111.749,-115.438
-0.001,-0.000,0.000,0.001,0.907,-0.372,7.043,111.741,-115.480
-0.000,-0.001,0.000,0.000,0.906,-0.372,7.091,111.740,-115.492
-0.001,0.001,-0.001,0.000,0.907,-0.372,7.120,111.741,-115.460
0.002,-0.003,0.000,0.000,0.907,-0.372,7.126,111.745,-115.420
-0.000,0.001,0.001,0.000,0.907,-0.371,7.185,111.725,-115.527
0.001,0.001,0.000,0.000,0.907,-0.372,7.172,111.734,-115.474
0.001,-0.001,0.000,0.000,0.907,-0.372,7.218,111.726,-115.518
-0.001,-0.000,0.000,0.000,0.907,-0.372,7.226,111.728,-115.499
0.001,-0.000,0.000,0.001,0.907,-0.371,7.203,111.729,-115.477
0.001,-0.000,0.001,0.001,0.907,-0.372,7.172,111.736,-115.442
0.001,-0.000,-0.001,0.001,0.907,-0.372,7.133,111.745,-115.403
-0.000,-0.000,0.000,0.001,0.907,-0.372,7.133,111.744,-115.398
-0.001,-0.000,0.001,0.000,0.906,-0.371,7.080,111.756,-115.311
-0.001,-0.001,0.000,0.000,0.906,-0.371,7.078,111.754,-115.290
0.001,-0.000,0.000,0.000,0.906,-0.372,7.104,111.748,-115.332
0.001,-0.001,-0.001,0.000,0.907,-0.371,7.085,111.752,-115.310
-0.000,-0.001,-0.001,0.000,0.907,-0.371,7.061,111.754,-115.285
-0.000,0.001,0.000,0.000,0.906,-0.371,7.120,111.741,-115.346
0.001,-0.001,-0.001,0.000,0.906,-0.372,7.071,111.756,-115.255
0.002,-0.000,0.000,0.000,0.906,-0.372,7.061,111.754,-115.297
0.001,-0.001,0.000,0.000,0.906,-0.371,7.035,111.760,-115.261
-0.000,-0.000,-0.001,0.001,0.906,-0.371,7.006,111.762,-115.276
0.001,-0.000,0.000,0.001,0.906,-0.371,7.040,111.766,-115.160
-0.000,-0.000,0.000,0.001,0.906,-0.371,7.075,111.756,-115.169
-0.000,0.001,0.001,0.000,0.907,-0.372,7.057,111.760,-115.150
0.001,-0.000,0.000,0.000,0.906,-0.372,7.011,111.762,-115.207
-0.000,-0.000,0.000,0.000,0.906,-0.372,7.022,111.762,-115.218
0.001,-0.000,-0.001,0.000,0.907,-0.372,7.007,111.763,-115.221
-0.001,-0.003,0.001,0.001,0.907,-0.373,6.993,111.768,-115.217
-0.000,-0.000,0.000,0.001,0.907,-0.373,6.956,111.785,-115.135
-0.001,-0.000,0.000,0.000,0.906,-0.372,6.939,111.789,-115.102
-0.003,-0.000,0.000,0.000,0.907,-0.372,6.873,111.802,-115.023
-0.001,0.001,0.000,0.000,0.907,-0.372,6.876,111.799,-115.027
0.001,-0.001,0.000,0.000,0.907,-0.372,6.888,111.791,-115.030
0.001,-0.001,0.000,0.001,0.906,-0.372,6.944,111.780,-115.118
-0.000,-0.001,0.000,0.000,0.906,-0.371,6.958,111.773,-115.191
-0.000,-0.000,0.000,0.000,0.906,-0.371,6.954,111.770,-115.224
-0.000,-0.000,0.000,0.000,0.906,-0.372,6.990,111.758,-115.313
-0.000,-0.000,0.000,0.000,0.907,-0.372,6.920,111.774,-115.223
-0.003,-0.001,-0.001,0.000,0.907,-0.372,6.950,111.762,-115.293
-0.000,-0.001,0.001,0.000,0.907,-0.372,6.985,111.757,-115.305
-0.000,-0.000,-0.002,0.000,0.907,-0.372,6.986,111.761,-115.263
-0.001,-0.000,0.000,0.000,0.906,-0.372,6.993,111.768,-115.212
-0.000,-0.000,-0.001,0.001,0.907,-0.372,6.986,111.768,-115.221
-0.000,-0.000,-0.001,0.000,0.907,-0.372,7.005,111.765,-115.236
-0.003,0.001,0.000,0.000,0.907,-0.372,6.959,111.780,-115.141
-0.001,-0.000,0.000,0.001,0.907,-0.372,7.022,111.766,-115.205
-0.001,-0.000,0.000,0.000,0.906,-0.372,7.036,111.768,-115.197
0.001,-0.000,0.000,0.000,0.906,-0.372,7.035,111.773,-115.203
0.001,0.001,-0.001,0.000,0.906,-0.371,6.977,111.779,-115.195
-0.001,-0.000,0.000,0.001,0.906,-0.372,6.920,111.791,-115.157
0.001,-0.001,0.001,0.001,0.906,-0.372,6.952,111.790,-115.169
0.001,-0.000,0.001,0.000,0.906,-0.373,6.980,111.792,-115.195
-0.001,-0.004,0.000,0.000,0.907,-0.372,7.028,111.776,-115.230
0.001,-0.000,0.000,0.000,0.907,-0.372,7.092,111.757,-115.327
-0.000,-0.001,0.000,0.000,0.907,-0.372,7.126,111.745,-115.433
-0.000,-0.000,0.000,0.000,0.907,-0.371,7.141,111.737,-115.471
-0.000,-0.000,0.000,0.001,0.906,-0.372,7.061,111.757,-115.342
-0.000,-0.000,0.000,0.001,0.906,-0.372,7.028,111.760,-115.350
-0.001,-0.000,-0.002,0.001,0.906,-0.371,7.018,111.760,-115.317
-0.000,-0.001,0.000,0.000,0.906,-0.372,6.992,111.766,-115.283
0.001,-0.001,0.001,0.000,0.906,-0.373,6.987,111.775,-115.248
-0.000,-0.000,0.000,0.000,0.906,-0.373,6.987,111.783,-115.231
-0.000,-0.001,0.000,0.000,0.907,-0.371,6.942,111.790,-115.129
-0.001,-0.000,-0.001,0.000,0.906,-0.372,6.930,111.790,-115.097
-0.000,0.001,0.001,0.000,0.906,-0.372,6.893,111.794,-115.073
0.001,-0.000,0.000,0.001,0.907,-0.372,6.907,111.794,-115.065
-0.000,0.001,0.000,0.001,0.907,-0.372,6.877,111.800,-115.044
-0.000,-0.003,0.001,0.000,0.906,-0.371,6.874,111.798,-115.019
-0.003,-0.000,0.001,0.000,0.907,-0.372,6.818,111.809,-114.915
-0.000,-0.001,0.000,0.000,0.907,-0.372,6.799,111.814,-114.834
-0.000,-0.000,0.000,0.000,0.907,-0.372,6.783,111.810,-114.891
-0.000,-0.000,0.001,0.000,0.907,-0.372,6.809,111.806,-114.899
0.001,0.001,-0.001,0.000,0.906,-0.372,6.875,111.795,-114.964
-0.000,0.001,0.001,0.000,0.906,-0.372,6.870,111.799,-114.962
-0.000,-0.001,0.000,0.000,0.906,-0.372,6.846,111.802,-114.962
-0.000,-0.000,0.000,0.000,0.906,-0.372,6.862,111.798,-114.981
-0.003,-0.000,0.000,0.000,0.906,-0.372,6.884,111.799,-114.931
-0.000,-0.000,0.000,0.001,0.906,-0.372,6.877,111.803,-114.878
0.001,-0.000,0.001,0.001,0.906,-0.372,6.895,111.798,-114.915
-0.001,-0.000,0.000,0.000,0.906,-0.372,6.970,111.781,-115.006
-0.001,-0.000,0.000,0.000,0.906,-0.372,6.981,111.774,-115.048
0.001,-0.000,0.000,0.001,0.907,-0.371,6.981,111.768,-115.040
-0.001,0.001,0.000,0.001,0.907,-0.371,7.012,111.758,-115.041
-0.000,-0.001,0.001,0.001,0.907,-0.371,7.028,111.751,-115.055
0.001,-0.000,0.000,0.000,0.906,-0.372,7.132,111.727,-115.239
-0.001,0.001,0.000,0.001,0.907,-0.372,7.138,111.722,-115.343
0.001,-0.000,-0.001,0.001,0.907,-0.372,7.174,111.709,-115.496
-0.001,-0.001,0.000,0.001,0.906,-0.371,7.167,111.711,-115.506
0.002,-0.000,-0.001,0.001,0.906,-0.372,7.136,111.723,-115.428
-0.000,-0.000,0.000,0.001,0.907,-0.372,7.181,111.724,-115.380
-0.000,-0.000,0.000,0.001,0.907,-0.372,7.177,111.728,-115.394
-0.003,-0.000,0.000,0.000,0.907,-0.372,7.190,111.729,-115.428
0.002,-0.000,0.000,0.000,0.906,-0.372,7.208,111.731,-115.441
-0.001,-0.000,0.000,0.000,0.906,-0.372,7.222,111.734,-115.430
-0.001,-0.001,0.000,0.000,0.907,-0.372,7.241,111.730,-115.448
-0.000,-0.000,-0.001,0.000,0.907,-0.372,7.211,111.732,-115.424
-0.001,-0.001,0.000,0.001,0.907,-0.372,7.178,111.736,-115.411
-0.001,-0.000,0.000,0.000,0.907,-0.372,7.096,111.750,-115.356
0.001,-0.001,0.000,0.000,0.907,-0.372,6.941,111.780,-115.225
0.001,-0.001,-0.002,0.000,0.907,-0.372,6.945,111.779,-115.227
0.001,-0.000,-0.001,0.001,0.907,-0.372,6.916,111.786,-115.187
0.001,-0.000,0.001,0.001,0.907,-0.372,6.900,111.790,-115.152
-0.000,-0.000,0.000,0.001,0.907,-0.372,6.885,111.787,-115.187
0.001,-0.001,-0.001,0.000,0.906,-0.372,6.914,111.783,-115.234
-0.000,0.001,-0.001,0.000,0.906,-0.373,6.966,111.782,-115.222
-0.000,-0.000,-0.001,0.000,0.906,-0.373,6.901,111.810,-115.071
-0.000,-0.000,0.001,0.000,0.906,-0.372,6.835,111.821,-114.989
-0.001,0.001,0.000,0.001,0.907,-0.372,6.814,111.818,-114.988
-0.001,-0.001,0.001,0.000,0.907,-0.371,6.886,111.796,-115.047
-0.000,0.001,0.000,0.000,0.907,-0.371,6.936,111.781,-115.074
0.001,-0.000,0.001,0.001,0.907,-0.371,7.029,111.754,-115.167
-0.000,-0.000,0.000,0.001,0.906,-0.372,7.007,111.757,-115.153
-0.000,0.001,0.001,0.001,0.906,-0.372,7.008,111.757,-115.191
-0.001,-0.001,-0.001,0.000,0.907,-0.372,7.031,111.750,-115.222
-0.000,0.001,-0.001,0.000,0.906,-0.372,6.974,111.764,-115.142
0.002,-0.000,0.001,0.000,0.906,-0.372,6.935,111.775,-115.077
0.001,-0.000,0.000,0.001,0.907,-0.371,6.941,111.762,-115.186
-0.001,-0.000,0.000,0.001,0.907,-0.372,6.988,111.756,-115.229
-0.000,-0.001,0.000,-0.000,0.907,-0.371,6.974,111.762,-115.173
-0.001,-0.000,0.000,-0.000,0.907,-0.371,7.029,111.747,-115.225
0.001,-0.000,0.000,-0.000,0.906,-0.371,7.045,111.742,-115.273
-0.000,-0.000,0.001,-0.000,0.906,-0.371,7.038,111.740,-115.317
-0.000,-0.000,0.000,0.000,0.906,-0.371,7.077,111.727,-115.415
-0.000,0.001,0.000,0.000,0.907,-0.372,7.129,111.718,-115.487
-0.001,0.001,0.000,0.000,0.907,-0.372,7.108,111.738,-115.361
-0.003,-0.001,0.000,0.001,0.907,-0.372,7.144,111.737,-115.339
-0.000,-0.000,0.000,0.001,0.906,-0.371,7.115,111.747,-115.244
-0.000,-0.001,0.000,0.001,0.907,-0.372,7.130,111.740,-115.237
-0.001,-0.000,0.000,0.001,0.907,-0.372,7.129,111.743,-115.198
-0.001,-0.000,0.000,0.000,0.907,-0.372,7.130,111.750,-115.176
-0.000,-0.003,0.001,0.001,0.907,-0.372,7.182,111.737,-115.286
-0.001,-0.000,0.000,0.001,0.907,-0.372,7.163,111.741,-115.296
-0.000,0.001,0.001,0.000,0.907,-0.372,7.089,111.762,-115.227
0.001,-0.000,0.000,0.000,0.906,-0.372,7.034,111.779,-115.160
0.001,0.001,-0.001,0.000,0.906,-0.372,6.995,111.792,-115.102
-0.000,-0.000,0.001,0.000,0.906,-0.372,6.977,111.793,-115.094
-0.000,-0.000,-0.001,0.000,0.907,-0.372,6.985,111.791,-115.089
-0.000,0.002,0.000,0.000,0.907,-0.372,7.021,111.780,-115.162
0.002,-0.000,-0.001,0.000,0.907,-0.372,7.033,111.780,-115.154
-0.003,-0.003,0.000,0.000,0.906,-0.371,7.038,111.768,-115.239
-0.000,-0.001,-0.001,0.000,0.907,-0.372,7.054,111.765,-115.219
-0.000,-0.000,-0.001,0.000,0.907,-0.372,7.069,111.760,-115.247
-0.000,0.001,0.001,0.000,0.906,-0.372,7.094,111.751,-115.297
-0.000,-0.000,-0.001,0.000,0.907,-0.372,7.074,111.756,-115.260
-0.000,-0.001,0.000,0.000,0.907,-0.372,7.035,111.763,-115.210
-0.003,0.001,-0.002,0.000,0.907,-0.371,6.958,111.778,-115.040
-0.001,0.001,0.001,0.000,0.906,-0.372,6.905,111.800,-114.900
0.001,-0.000,-0.001,0.000,0.907,-0.371,6.928,111.793,-114.915
-0.000,0.001,-0.001,0.000,0.907,-0.371,6.958,111.782,-114.948
0.001,-0.001,0.000,0.000,0.907,-0.371,6.977,111.773,-114.959
-0.001,-0.001,0.000,0.000,0.907,-0.371,7.009,111.760,-115.009
-0.001,-0.000,0.000,0.001,0.906,-0.372,6.965,111.769,-114.964
0.001,-0.000,0.000,0.000,0.907,-0.372,6.956,111.772,-114.981
0.001,-0.000,-0.001,0.000,0.907,-0.372,7.003,111.767,-115.043
0.001,-0.001,-0.001,0.001,0.907,-0.371,6.953,111.769,-115.002
-0.003,-0.000,0.000,0.001,0.907,-0.372,6.984,111.764,-115.014
0.001,0.001,0.000,0.000,0.907,-0.371,6.977,111.761,-115.034
-0.000,-0.001,0.000,0.000,0.907,-0.371,6.961,111.756,-115.082
-0.001,0.001,-0.001,0.000,0.906,-0.372,6.988,111.751,-115.167
-0.000,-0.000,0.000,0.000,0.907,-0.371,6.983,111.751,-115.188
-0.000,-0.000,-0.001,0.000,0.907,-0.371,7.032,111.746,-115.153
-0.001,0.001,0.000,0.000,0.906,-0.371,7.152,111.726,-115.203
-0.000,-0.000,-0.002,0.000,0.907,-0.372,7.208,111.720,-115.208
-0.000,-0.001,0.000,0.000,0.907,-0.372,7.218,111.717,-115.266
-0.001,-0.000,0.000,0.000,0.907,-0.373,7.075,111.761,-115.108
0.002,-0.000,-0.002,0.000,0.906,-0.371,6.960,111.773,-115.077
-0.000,-0.000,0.000,0.001,0.907,-0.372,6.875,111.788,-114.994
-0.001,-0.000,0.000,0.001,0.907,-0.372,6.911,111.778,-115.050
-0.000,0.001,0.000,0.000,0.906,-0.372,6.903,111.782,-115.045
-0.001,0.001,0.001,0.000,0.906,-0.372,6.950,111.774,-115.087
-0.000,-0.000,0.000,0.000,0.906,-0.372,6.952,111.781,-115.042
-0.000,-0.001,0.000,0.000,0.907,-0.372,7.005,111.763,-115.140
-0.000,-0.001,0.001,0.000,0.907,-0.372,6.972,111.769,-115.104
-0.000,-0.000,0.001,0.001,0.907,-0.372,6.951,111.773,-115.067
-0.000,0.001,0.001,0.001,0.907,-0.372,6.942,111.774,-115.059
0.002,0.001,0.000,0.000,0.906,-0.373,6.993,111.770,-115.128
0.001,-0.000,0.000,0.000,0.906,-0.373,7.083,111.757,-115.252
-0.001,-0.001,-0.001,0.000,0.906,-0.372,7.090,111.756,-115.271
-0.001,-0.000,0.000,0.000,0.907,-0.372,7.031,111.764,-115.258
-0.000,-0.000,0.000,0.000,0.907,-0.372,7.033,111.764,-115.234
-0.001,-0.000,0.000,-0.000,0.906,-0.372,7.025,111.772,-115.182
0.002,-0.001,-0.001,0.001,0.907,-0.372,6.966,111.786,-115.099
-0.001,-0.001,-0.001,0.001,0.907,-0.372,6.967,111.779,-115.105
-0.003,-0.000,0.000,0.000,0.906,-0.372,6.935,111.784,-115.063
-0.000,-0.001,0.000,0.000,0.906,-0.371,6.948,111.775,-115.066
-0.001,-0.000,0.000,-0.000,0.906,-0.371,7.018,111.757,-115.127
-0.000,-0.001,0.001,-0.000,0.906,-0.371,7.003,111.759,-115.097
-0.000,-0.000,0.000,0.001,0.906,-0.372,7.010,111.762,-115.073
0.001,-0.000,0.000,0.000,0.907,-0.372,7.043,111.758,-115.064
-0.000,-0.000,0.000,0.000,0.907,-0.372,7.048,111.756,-115.054
-0.001,-0.000,0.000,0.001,0.907,-0.372,7.037,111.764,-115.023
0.001,0.001,0.001,0.000,0.907,-0.373,7.000,111.774,-115.035
-0.000,-0.001,-0.001,0.000,0.906,-0.372,6.904,111.796,-114.997
0.001,0.001,-0.001,0.000,0.906,-0.372,6.900,111.794,-115.025
-0.000,0.001,0.000,0.000,0.906,-0.372,6.857,111.792,-115.098
-0.000,-0.000,0.000,0.000,0.907,-0.372,6.875,111.786,-115.116
-0.003,-0.003,0.001,0.000,0.907,-0.372,6.892,111.777,-115.187
-0.001,-0.001,0.000,0.000,0.907,-0.372,6.941,111.765,-115.282
-0.000,-0.001,0.001,0.000,0.906,-0.372,6.992,111.749,-115.434
0.001,-0.001,0.001,0.000,0.906,-0.372,7.004,111.758,-115.369
-0.003,0.001,-0.001,0.000,0.906,-0.372,7.015,111.768,-115.311
-0.001,-0.001,0.000,0.000,0.906,-0.371,7.003,111.772,-115.257
-0.000,0.001,-0.002,-0.000,0.907,-0.371,7.024,111.759,-115.298
0.001,-0.000,0.000,-0.000,0.907,-0.371,7.030,111.750,-115.304
-0.000,0.001,-0.001,0.000,0.906,-0.371,6.998,111.751,-115.289
-0.000,-0.000,0.000,0.000,0.906,-0.371,6.984,111.754,-115.273
-0.000,0.001,0.000,0.000,0.906,-0.372,7.011,111.754,-115.289
-0.001,-0.000,0.000,0.000,0.906,-0.372,7.006,111.759,-115.265
0.001,-0.001,-0.001,0.000,0.906,-0.372,6.982,111.765,-115.232
-0.000,-0.003,-0.001,0.000,0.906,-0.372,6.922,111.784,-115.171
-0.000,0.001,0.000,-0.000,0.907,-0.372,7.021,111.766,-115.308
-0.000,-0.001,0.000,0.001,0.907,-0.371,7.041,111.762,-115.295
-0.001,-0.000,0.000,0.001,0.907,-0.371,7.008,111.771,-115.168
-0.000,-0.000,0.000,0.000,0.907,-0.371,6.989,111.775,-115.089
0.001,-0.000,0.001,0.000,0.906,-0.372,6.917,111.791,-114.978
-0.000,-0.000,0.000,0.000,0.906,-0.372,6.915,111.793,-114.975
-0.001,-0.000,0.000,0.000,0.906,-0.371,6.919,111.791,-114.938
-0.000,0.001,0.000,0.000,0.907,-0.371,6.943,111.788,-114.893
-0.001,0.002,0.000,0.000,0.907,-0.371,6.986,111.780,-114.861
-0.000,-0.000,0.000,0.000,0.906,-0.372,6.993,111.778,-114.851
-0.001,-0.000,0.000,-0.000,0.907,-0.372,6.997,111.773,-114.877
-0.000,-0.000,0.000,0.000,0.907,-0.372,6.998,111.770,-114.906
-0.003,-0.000,-0.001,0.000,0.907,-0.372,6.983,111.771,-114.922
-0.001,-0.000,0.001,0.001,0.907,-0.372,6.959,111.773,-114.906
-0.001,0.001,0.001,0.000,0.906,-0.372,6.953,111.777,-114.891
-0.001,0.002,-0.001,0.000,0.906,-0.372,7.005,111.771,-114.936
-0.001,-0.001,0.001,0.001,0.906,-0.371,6.966,111.772,-114.938
0.001,-0.000,0.000,0.000,0.907,-0.373,6.928,111.776,-114.958
-0.001,-0.000,-0.001,0.000,0.907,-0.373,6.878,111.791,-114.919
0.001,-0.001,-0.001,0.001,0.907,-0.372,6.815,111.806,-114.901
-0.001,-0.001,-0.001,0.000,0.907,-0.372,6.865,111.791,-114.986
-0.001,0.002,0.000,0.000,0.907,-0.372,6.893,111.786,-115.003
-0.001,-0.000,-0.001,0.001,0.906,-0.371,6.838,111.803,-114.841
-0.001,-0.000,0.000,0.000,0.906,-0.372,6.869,111.797,-114.849
-0.001,-0.000,0.000,0.000,0.906,-0.372,6.846,111.816,-114.661
0.001,-0.000,-0.001,0.000,0.906,-0.372,6.866,111.808,-114.739
0.002,-0.001,0.000,0.000,0.906,-0.371,6.868,111.803,-114.760
-0.001,0.001,-0.001,0.000,0.906,-0.371,6.893,111.798,-114.692
-0.000,-0.001,-0.001,0.000,0.906,-0.372,6.790,111.820,-114.599
-0.000,0.001,0.000,0.001,0.906,-0.372,6.793,111.808,-114.767
-0.001,-0.001,0.000,0.000,0.907,-0.371,6.807,111.803,-114.785
0.001,-0.001,-0.001,0.000,0.907,-0.371,6.809,111.793,-114.859
-0.001,0.001,0.000,-0.000,0.906,-0.372,6.830,111.791,-114.937
-0.003,-0.001,-0.002,-0.000,0.906,-0.372,6.847,111.792,-114.943
0.001,-0.000,0.000,-0.000,0.906,-0.372,6.913,111.780,-114.994
-0.000,-0.000,0.001,0.000,0.907,-0.372,6.943,111.771,-115.039
-0.000,-0.000,0.000,0.000,0.907,-0.372,6.975,111.766,-115.060
-0.000,-0.000,0.001,0.000,0.907,-0.372,6.995,111.762,-115.094
-0.000,-0.000,0.000,0.000,0.907,-0.372,6.955,111.770,-115.057
-0.000,-0.000,0.000,-0.000,0.906,-0.372,6.962,111.769,-115.097
-0.001,-0.000,0.000,0.000,0.906,-0.371,6.969,111.768,-115.112
0.001,-0.001,0.000,0.000,0.906,-0.371,7.005,111.760,-115.150
0.001,-0.001,0.000,0.001,0.906,-0.372,7.000,111.761,-115.170
-0.001,-0.000,0.000,0.000,0.906,-0.371,6.991,111.766,-115.112
-0.000,-0.000,0.000,0.000,0.906,-0.371,7.016,111.763,-115.086
0.001,-0.001,-0.001,0.000,0.906,-0.372,7.056,111.754,-115.147
0.001,0.001,0.000,0.000,0.906,-0.371,7.055,111.752,-115.166
0.002,-0.000,-0.001,0.000,0.906,-0.371,6.978,111.764,-115.104
-0.001,-0.000,0.000,-0.000,0.906,-0.372,6.974,111.765,-115.154
-0.000,-0.000,-0.001,-0.000,0.907,-0.371,7.075,111.742,-115.272
-0.000,0.001,-0.001,-0.000,0.907,-0.371,7.095,111.738,-115.268
-0.001,-0.000,0.000,0.001,0.907,-0.371,7.031,111.750,-115.178
0.001,-0.000,0.000,0.001,0.907,-0.371,7.038,111.746,-115.163
-0.001,-0.001,0.000,0.001,0.907,-0.371,7.008,111.748,-115.134
-0.001,-0.000,0.000,0.000,0.907,-0.371,7.018,111.740,-115.176
-0.001,-0.000,-0.001,0.000,0.907,-0.371,6.892,111.765,-115.055
-0.000,0.001,0.000,0.000,0.907,-0.371,6.884,111.766,-115.040
-0.001,0.001,0.000,-0.001,0.907,-0.372,6.995,111.755,-115.066
-0.001,0.001,-0.001,-0.000,0.906,-0.372,7.019,111.749,-115.141
-0.000,-0.001,0.001,0.001,0.906,-0.372,7.085,111.734,-115.240
-0.000,-0.000,0.000,0.001,0.906,-0.372,7.171,111.718,-115.329
-0.000,0.002,-0.001,0.000,0.906,-0.372,7.123,111.733,-115.340
-0.001,-0.000,0.000,0.000,0.907,-0.372,7.081,111.745,-115.308
-0.001,-0.001,0.000,0.000,0.907,-0.372,6.970,111.759,-115.305
-0.001,-0.000,0.000,0.000,0.907,-0.371,6.970,111.758,-115.305
0.001,0.002,0.001,0.000,0.906,-0.372,6.995,111.757,-115.270
-0.000,-0.000,0.000,0.000,0.906,-0.372,7.007,111.757,-115.257
0.001,-0.000,0.000,0.000,0.906,-0.371,7.025,111.748,-115.324
-0.001,-0.001,0.000,0.001,0.907,-0.371,7.043,111.741,-115.364
-0.001,-0.000,0.000,0.000,0.907,-0.371,7.101,111.730,-115.379
-0.003,0.001,0.000,0.000,0.907,-0.371,7.144,111.722,-115.384
-0.000,-0.000,0.000,0.000,0.907,-0.372,7.210,111.710,-115.456
0.001,-0.001,0.000,0.000,0.907,-0.371,7.197,111.714,-115.443
-0.003,0.001,0.001,0.000,0.907,-0.371,7.163,111.717,-115.414
-0.000,-0.001,-0.001,0.001,0.907,-0.372,7.128,111.733,-115.346
-0.000,0.001,0.000,0.000,0.906,-0.372,7.199,111.718,-115.438
-0.001,0.003,0.001,0.000,0.906,-0.372,7.182,111.722,-115.459
-0.000,-0.001,0.000,0.001,0.906,-0.372,7.197,111.721,-115.499
0.001,0.002,0.001,0.000,0.906,-0.372,7.192,111.726,-115.496
-0.001,0.001,0.000,0.000,0.906,-0.372,7.187,111.730,-115.486
0.001,-0.000,-0.002,0.000,0.906,-0.371,7.163,111.736,-115.445
-0.001,-0.001,0.000,0.001,0.907,-0.371,7.120,111.743,-115.384
-0.001,0.001,0.000,0.001,0.907,-0.371,7.039,111.761,-115.253
0.001,-0.001,0.000,0.000,0.907,-0.372,6.997,111.776,-115.112
-0.000,-0.000,0.000,0.000,0.906,-0.371,7.055,111.762,-115.133
-0.000,0.002,0.001,0.000,0.906,-0.371,7.068,111.752,-115.167
-0.000,-0.000,0.000,-0.000,0.906,-0.371,7.077,111.745,-115.239
0.001,-0.001,0.000,0.000,0.906,-0.371,7.062,111.742,-115.262
0.001,0.001,-0.001,0.001,0.907,-0.372,7.031,111.747,-115.263
-0.000,-0.000,0.000,0.001,0.907,-0.372,7.016,111.760,-115.161
0.001,-0.001,-0.001,0.000,0.907,-0.372,7.040,111.759,-115.120
-0.000,-0.001,-0.001,-0.000,0.906,-0.372,6.981,111.771,-115.056
-0.001,-0.001,0.000,-0.000,0.906,-0.372,6.931,111.782,-115.001
0.002,-0.000,-0.001,0.000,0.907,-0.372,6.890,111.794,-114.927
-0.001,-0.001,0.000,0.000,0.906,-0.372,6.886,111.795,-114.947
-0.001,-0.001,0.001,0.000,0.906,-0.372,6.896,111.801,-114.907
-0.000,-0.000,-0.001,0.000,0.906,-0.372,6.922,111.792,-114.949
0.001,0.001,0.000,0.001,0.907,-0.372,6.897,111.801,-114.878
0.001,-0.000,0.000,0.000,0.907,-0.372,6.920,111.796,-114.907
0.002,-0.001,-0.001,0.000,0.907,-0.372,6.883,111.806,-114.828
-0.003,-0.000,0.001,0.000,0.907,-0.372,6.901,111.797,-114.878
0.001,-0.001,0.000,0.000,0.907,-0.372,6.881,111.801,-114.846
0.001,-0.001,0.000,0.000,0.907,-0.372,6.899,111.792,-114.901
-0.001,-0.000,0.000,0.000,0.907,-0.371,6.915,111.783,-114.903
-0.000,-0.000,0.001,0.000,0.907,-0.371,6.925,111.771,-114.962
-0.000,-0.001,0.001,0.000,0.907,-0.372,6.956,111.763,-115.099
-0.001,-0.000,0.000,0.001,0.907,-0.371,6.987,111.751,-115.159
-0.001,-0.001,0.000,0.000,0.907,-0.372,6.955,111.755,-115.152
-0.000,-0.001,-0.001,0.000,0.907,-0.372,6.972,111.751,-115.178
-0.000,-0.000,0.000,0.000,0.906,-0.371,6.973,111.755,-115.135
-0.000,-0.000,0.000,0.000,0.906,-0.372,6.962,111.756,-115.166
-0.001,-0.000,0.000,0.000,0.906,-0.372,6.880,111.773,-115.102
0.001,-0.000,0.000,0.001,0.906,-0.371,6.850,111.780,-115.057
0.001,-0.000,-0.001,0.001,0.906,-0.372,6.853,111.781,-115.030
-0.001,-0.000,0.000,0.001,0.906,-0.371,6.895,111.772,-115.049
-0.000,-0.001,0.000,0.001,0.906,-0.371,6.931,111.765,-115.030
-0.000,-0.000,0.001,0.000,0.906,-0.371,6.924,111.767,-115.017
-0.000,-0.000,0.000,0.000,0.906,-0.372,6.943,111.757,-115.133
0.001,-0.001,0.000,0.000,0.906,-0.372,6.977,111.750,-115.210
-0.000,-0.000,-0.002,0.000,0.906,-0.371,7.014,111.741,-115.274
-0.000,0.001,0.001,-0.000,0.906,-0.371,7.024,111.739,-115.304
0.001,-0.001,0.001,-0.000,0.906,-0.371,7.033,111.740,-115.289
-0.000,-0.000,-0.001,0.000,0.906,-0.371,7.099,111.733,-115.284
0.001,-0.001,0.000,0.001,0.907,-0.371,7.066,111.740,-115.258
-0.000,-0.000,0.000,0.001,0.906,-0.371,7.082,111.735,-115.272
-0.001,-0.001,0.000,0.001,0.906,-0.371,7.049,111.747,-115.187
0.002,-0.001,-0.001,0.001,0.907,-0.371,7.058,111.742,-115.186
-0.001,-0.000,-0.001,0.000,0.906,-0.371,7.067,111.739,-115.211
-0.003,-0.000,0.000,0.000,0.906,-0.371,7.089,111.734,-115.254
-0.000,-0.000,0.000,0.000,0.906,-0.372,6.992,111.758,-115.198
0.001,0.001,0.000,0.000,0.906,-0.372,6.984,111.763,-115.205
-0.001,-0.000,0.001,0.000,0.906,-0.372,6.959,111.770,-115.172
-0.001,-0.000,-0.001,0.000,0.907,-0.372,6.967,111.770,-115.179
-0.001,-0.000,-0.001,0.000,0.906,-0.372,7.002,111.769,-115.156
-0.000,-0.000,0.000,0.000,0.906,-0.372,7.005,111.776,-115.097
-0.000,-0.001,0.001,0.000,0.906,-0.371,6.984,111.779,-115.011
0.001,-0.001,0.000,0.001,0.906,-0.372,6.949,111.784,-114.955
-0.003,-0.001,0.000,0.001,0.906,-0.372,6.939,111.785,-114.961
-0.000,-0.000,-0.001,0.000,0.907,-0.372,6.964,111.772,-115.045
-0.000,-0.000,-0.001,0.000,0.906,-0.371,7.028,111.756,-115.098
-0.000,-0.001,0.000,0.000,0.906,-0.371,7.058,111.746,-115.101
-0.001,-0.000,-0.001,0.000,0.907,-0.372,6.996,111.766,-115.000
-0.000,-0.000,-0.001,0.000,0.906,-0.371,6.943,111.776,-114.942
-0.000,-0.001,-0.001,0.000,0.907,-0.371,6.981,111.763,-114.965
-0.001,-0.000,0.000,0.000,0.907,-0.371,7.001,111.754,-115.027
0.001,-0.000,0.000,0.001,0.906,-0.372,6.974,111.756,-115.068
-0.001,-0.000,-0.001,0.000,0.906,-0.371,7.022,111.740,-115.206
-0.000,-0.000,-0.001,0.000,0.906,-0.371,7.039,111.730,-115.336
-0.000,-0.001,0.000,0.000,0.906,-0.372,7.052,111.731,-115.393
0.001,-0.000,0.001,0.001,0.907,-0.372,7.058,111.739,-115.316
-0.000,-0.001,0.000,0.001,0.907,-0.372,7.102,111.726,-115.407
-0.001,0.001,0.000,0.000,0.906,-0.371,7.090,111.733,-115.375
-0.000,0.001,0.000,0.001,0.906,-0.371,7.106,111.726,-115.409
-0.001,-0.001,-0.001,0.000,0.906,-0.372,7.074,111.738,-115.343
-0.000,0.001,0.000,0.000,0.906,-0.372,7.061,111.746,-115.313
-0.000,-0.000,0.001,0.000,0.907,-0.372,7.053,111.751,-115.263
0.001,-0.000,-0.001,0.000,0.907,-0.371,7.056,111.748,-115.235
-0.001,-0.000,-0.001,0.000,0.907,-0.371,7.065,111.742,-115.198
-0.001,-0.000,0.000,0.000,0.906,-0.370,7.060,111.734,-115.231
-0.000,-0.001,-0.001,0.000,0.906,-0.370,7.083,111.724,-115.258
-0.003,-0.001,0.001,0.000,0.907,-0.372,7.058,111.733,-115.233
-0.000,-0.001,0.000,0.000,0.906,-0.371,6.963,111.757,-115.104
0.001,-0.000,0.000,0.001,0.907,-0.371,6.943,111.758,-115.085
-0.003,0.001,0.000,0.001,0.907,-0.371,6.961,111.752,-115.093
-0.000,0.002,0.000,0.000,0.907,-0.371,6.989,111.742,-115.145
0.001,0.001,-0.001,0.000,0.907,-0.371,6.981,111.740,-115.178
0.001,0.001,0.000,0.000,0.907,-0.371,7.005,111.733,-115.213
-0.000,-0.001,0.001,0.000,0.907,-0.371,6.998,111.732,-115.213
-0.000,0.001,0.000,0.001,0.907,-0.372,6.985,111.735,-115.211
-0.000,-0.003,0.000,0.001,0.907,-0.372,6.965,111.741,-115.211
0.001,-0.000,0.000,0.000,0.906,-0.371,6.978,111.738,-115.257
0.001,-0.000,0.000,0.000,0.906,-0.372,7.084,111.722,-115.342
-0.001,-0.000,0.000,0.000,0.906,-0.372,7.085,111.728,-115.328
-0.003,-0.000,0.000,0.000,0.906,-0.372,7.055,111.742,-115.239
-0.001,0.001,-0.001,0.000,0.907,-0.371,7.063,111.742,-115.175
0.002,-0.000,0.000,0.001,0.907,-0.370,7.087,111.736,-115.138
-0.000,-0.001,0.001,0.001,0.907,-0.370,7.085,111.727,-115.135
-0.000,-0.001,0.000,0.000,0.907,-0.371,7.113,111.712,-115.212
0.001,-0.001,-0.001,0.000,0.906,-0.372,7.156,111.701,-115.307
-0.000,0.002,0.000,0.000,0.906,-0.372,7.167,111.704,-115.331
0.001,-0.000,-0.001,0.000,0.907,-0.372,7.204,111.701,-115.386
-0.000,-0.000,0.000,0.001,0.906,-0.372,7.126,111.729,-115.262
-0.001,-0.000,0.000,0.000,0.906,-0.372,7.072,111.743,-115.215
-0.000,-0.001,0.000,0.000,0.906,-0.372,6.998,111.763,-115.141
-0.001,-0.001,0.000,0.001,0.907,-0.372,7.053,111.755,-115.209
-0.001,-0.000,-0.001,0.001,0.907,-0.372,7.026,111.767,-115.172
0.001,-0.001,0.001,0.001,0.907,-0.372,6.984,111.782,-115.074
-0.000,-0.000,0.000,0.000,0.907,-0.372,6.975,111.785,-115.035
-0.000,-0.000,0.000,0.000,0.907,-0.372,6.982,111.781,-115.054
0.001,-0.001,-0.001,0.001,0.907,-0.371,6.974,111.772,-115.049
-0.001,-0.000,-0.001,0.000,0.906,-0.372,6.999,111.766,-115.056
-0.001,-0.000,-0.001,0.000,0.906,-0.372,7.013,111.764,-115.058
-0.000,-0.001,0.000,0.000,0.906,-0.372,7.029,111.760,-115.072
-0.001,-0.000,0.000,0.000,0.906,-0.371,7.052,111.745,-115.190
-0.001,-0.001,0.000,0.000,0.907,-0.372,7.086,111.738,-115.253
-0.001,-0.001,0.000,0.000,0.907,-0.372,7.077,111.748,-115.224
-0.001,-0.001,0.001,-0.000,0.906,-0.372,7.089,111.747,-115.259
-0.001,-0.001,0.000,0.000,0.907,-0.372,7.147,111.739,-115.258
0.001,0.001,0.000,0.000,0.907,-0.372,7.142,111.746,-115.161
0.001,-0.000,-0.001,0.000,0.906,-0.371,7.106,111.756,-115.080
0.001,-0.001,-0.001,0.000,0.906,-0.372,7.084,111.762,-115.100
-0.000,-0.000,0.001,0.001,0.906,-0.371,7.111,111.753,-115.180
0.001,-0.000,0.000,0.001,0.906,-0.371,7.125,111.745,-115.246
-0.000,-0.000,0.001,0.000,0.907,-0.372,7.062,111.751,-115.266
-0.001,0.001,0.000,0.000,0.906,-0.371,7.114,111.741,-115.294
-0.001,0.001,-0.001,0.000,0.906,-0.371,7.069,111.744,-115.310
-0.000,-0.000,-0.001,0.000,0.907,-0.371,7.001,111.751,-115.248
0.001,-0.000,0.000,0.000,0.907,-0.372,6.942,111.764,-115.167
-0.000,0.001,0.000,0.000,0.907,-0.372,6.950,111.765,-115.173
-0.000,-0.000,0.000,0.001,0.906,-0.372,7.009,111.754,-115.310
-0.001,0.001,0.000,0.000,0.906,-0.372,7.047,111.752,-115.275
0.001,-0.000,0.000,0.000,0.907,-0.371,7.164,111.732,-115.307
-0.001,-0.000,0.000,0.000,0.907,-0.371,7.139,111.735,-115.286
-0.000,-0.001,0.000,0.001,0.907,-0.372,7.167,111.725,-115.358
-0.000,0.001,0.000,0.001,0.907,-0.372,7.170,111.721,-115.397
-0.000,-0.001,-0.001,0.000,0.907,-0.371,7.189,111.715,-115.444
0.001,-0.000,-0.001,0.000,0.907,-0.371,7.138,111.724,-115.393
-0.003,-0.000,-0.001,0.000,0.907,-0.371,7.033,111.747,-115.236
-0.001,-0.000,0.000,0.000,0.906,-0.371,7.062,111.739,-115.261
-0.000,-0.000,0.000,0.000,0.906,-0.372,7.061,111.735,-115.370
-0.001,-0.000,0.000,0.001,0.907,-0.372,7.066,111.736,-115.374
-0.001,0.001,0.000,0.001,0.907,-0.372,7.112,111.728,-115.401
0.001,0.002,-0.001,0.000,0.907,-0.372,7.105,111.737,-115.339
-0.000,0.001,-0.001,0.000,0.906,-0.372,7.077,111.753,-115.224
0.002,-0.000,0.000,0.000,0.906,-0.372,7.083,111.755,-115.225
-0.000,-0.001,0.000,0.000,0.906,-0.372,7.085,111.748,-115.305
-0.000,0.002,-0.001,0.000,0.906,-0.372,7.080,111.745,-115.371
-0.000,-0.000,0.001,0.000,0.906,-0.372,7.112,111.741,-115.401
-0.000,-0.000,0.000,0.000,0.907,-0.371,7.088,111.744,-115.361
-0.000,-0.000,0.000,0.000,0.906,-0.372,7.003,111.765,-115.291
-0.001,-0.000,0.001,0.000,0.906,-0.372,6.974,111.769,-115.301
-0.003,-0.000,0.001,0.000,0.906,-0.372,6.930,111.772,-115.346
-0.000,0.001,0.000,-0.000,0.906,-0.371,6.958,111.769,-115.284
-0.000,0.001,-0.001,0.001,0.906,-0.371,7.033,111.753,-115.317
0.001,-0.000,0.000,0.001,0.906,-0.371,7.090,111.743,-115.330
-0.003,-0.000,0.001,0.001,0.907,-0.372,7.120,111.740,-115.308
-0.000,0.001,0.000,0.000,0.907,-0.371,7.107,111.737,-115.330
-0.000,-0.000,0.000,-0.000,0.906,-0.372,7.110,111.732,-115.360
-0.000,-0.001,0.000,-0.000,0.906,-0.372,7.144,111.730,-115.364
-0.001,-0.001,0.000,0.000,0.906,-0.371,7.136,111.732,-115.360
-0.001,-0.000,0.000,0.000,0.906,-0.371,7.165,111.721,-115.453
-0.000,-0.001,0.000,0.000,0.906,-0.371,7.112,111.728,-115.449
-0.003,-0.001,0.000,0.000,0.906,-0.372,7.051,111.745,-115.379
-0.001,-0.000,-0.001,0.000,0.906,-0.372,6.956,111.764,-115.373
-0.001,-0.000,0.000,0.000,0.907,-0.372,6.971,111.767,-115.340
-0.000,0.001,0.000,0.000,0.906,-0.371,6.997,111.755,-115.445
-0.000,0.001,-0.001,-0.000,0.907,-0.372,6.988,111.748,-115.541
0.001,0.001,0.001,-0.000,0.907,-0.372,7.040,111.732,-115.661
-0.001,0.001,0.000,0.000,0.908,-0.371,7.019,111.736,-115.582
-0.000,-0.001,0.000,0.000,0.906,-0.372,7.010,111.738,-115.557
-0.001,0.001,0.001,0.000,0.906,-0.372,7.006,111.742,-115.563
0.002,-0.000,0.000,0.001,0.907,-0.372,6.963,111.762,-115.452
-0.003,-0.000,0.001,0.000,0.906,-0.371,6.992,111.760,-115.428
-0.001,-0.000,0.000,0.000,0.906,-0.371,7.013,111.756,-115.427
-0.001,-0.000,0.000,0.000,0.907,-0.371,7.032,111.746,-115.436
-0.000,0.001,0.000,0.000,0.907,-0.371,7.057,111.740,-115.428
-0.000,0.001,0.000,-0.000,0.907,-0.371,7.023,111.742,-115.420
-0.001,-0.000,-0.001,-0.000,0.907,-0.371,7.046,111.738,-115.433
0.001,0.001,-0.001,0.000,0.907,-0.371,7.066,111.733,-115.431
0.001,-0.001,0.000,0.000,0.906,-0.372,7.096,111.730,-115.435
-0.000,-0.001,0.000,0.000,0.906,-0.372,7.056,111.747,-115.350
-0.001,-0.001,0.000,0.000,0.907,-0.372,7.048,111.751,-115.314
-0.000,-0.000,0.000,0.000,0.906,-0.371,7.037,111.749,-115.351
0.001,0.001,0.000,0.000,0.906,-0.371,7.097,111.736,-115.399
-0.000,-0.000,0.000,-0.000,0.906,-0.371,7.056,111.746,-115.340
0.001,-0.001,-0.001,0.000,0.907,-0.372,7.135,111.730,-115.390
-0.001,-0.000,-0.001,0.000,0.907,-0.371,7.188,111.715,-115.467
-0.000,0.001,0.000,0.000,0.907,-0.371,7.153,111.715,-115.480
0.002,0.001,-0.001,0.000,0.906,-0.371,7.122,111.723,-115.433
-0.003,-0.000,-0.001,0.000,0.906,-0.371,7.108,111.726,-115.415
0.002,0.001,0.000,0.001,0.907,-0.371,7.065,111.730,-115.440
-0.000,-0.001,0.000,0.000,0.906,-0.371,7.121,111.725,-115.415
-0.000,0.001,0.000,0.000,0.906,-0.371,7.096,111.735,-115.342
-0.000,-0.001,0.000,0.000,0.906,-0.371,7.096,111.734,-115.353
-0.003,-0.003,0.000,0.000,0.906,-0.371,7.182,111.708,-115.533
0.002,-0.001,0.000,0.000,0.906,-0.371,7.171,111.713,-115.539
0.001,-0.000,-0.001,0.000,0.906,-0.371,7.133,111.727,-115.469
-0.000,-0.000,0.000,-0.001,0.907,-0.372,7.134,111.734,-115.431
0.001,-0.001,-0.001,0.000,0.907,-0.371,7.188,111.724,-115.479
-0.001,0.001,-0.001,0.000,0.907,-0.371,7.225,111.712,-115.539
-0.000,-0.001,-0.001,0.000,0.906,-0.371,7.167,111.727,-115.479
-0.000,0.001,-0.001,0.000,0.906,-0.371,7.130,111.729,-115.499
-0.000,0.001,-0.001,0.000,0.906,-0.371,7.064,111.739,-115.451
-0.000,-0.000,0.000,0.001,0.906,-0.372,7.013,111.750,-115.446
-0.000,-0.000,0.000,0.000,0.906,-0.371,7.045,111.749,-115.403
-0.000,-0.000,0.000,0.000,0.906,-0.372,7.024,111.759,-115.322
-0.001,-0.000,0.000,0.000,0.906,-0.372,6.987,111.775,-115.211
-0.000,-0.000,0.000,0.000,0.906,-0.372,7.049,111.761,-115.289
-0.001,0.001,-0.001,0.000,0.906,-0.371,7.040,111.762,-115.275
-0.000,0.001,0.001,0.000,0.906,-0.371,7.019,111.761,-115.274
-0.000,-0.003,0.000,0.000,0.907,-0.372,7.014,111.769,-115.225
-0.000,0.001,0.000,-0.000,0.906,-0.371,6.976,111.781,-115.134
0.001,-0.000,-0.001,-0.000,0.906,-0.371,6.914,111.791,-115.059
-0.004,-0.001,0.000,0.000,0.906,-0.371,6.866,111.795,-115.018
-0.001,0.001,-0.001,0.000,0.906,-0.371,6.897,111.782,-115.057
0.001,-0.001,0.000,0.000,0.906,-0.371,6.930,111.771,-115.118
-0.001,-0.000,0.000,0.000,0.906,-0.371,6.954,111.762,-115.173
-0.000,-0.000,0.000,0.000,0.906,-0.371,6.914,111.772,-115.094
0.001,-0.000,-0.001,0.000,0.906,-0.371,6.947,111.758,-115.203
-0.000,0.002,0.000,0.000,0.906,-0.372,6.929,111.766,-115.166
-0.000,-0.001,-0.001,0.001,0.906,-0.371,6.989,111.757,-115.174
-0.001,0.001,-0.001,0.001,0.906,-0.371,7.019,111.750,-115.176
-0.001,0.001,-0.001,0.000,0.907,-0.371,7.018,111.747,-115.176
-0.000,-0.000,-0.001,-0.000,0.907,-0.372,7.049,111.737,-115.293
-0.001,-0.000,0.001,-0.000,0.907,-0.372,7.082,111.738,-115.284
-0.000,-0.000,0.000,-0.000,0.907,-0.372,7.093,111.745,-115.226
0.001,-0.001,0.001,0.000,0.907,-0.372,7.116,111.737,-115.288
-0.001,-0.001,0.000,0.000,0.907,-0.372,7.093,111.744,-115.261
-0.001,-0.001,0.000,0.000,0.907,-0.372,7.104,111.743,-115.302
-0.000,-0.000,0.000,0.000,0.906,-0.371,7.073,111.742,-115.360
0.001,-0.001,-0.001,0.000,0.906,-0.372,7.036,111.750,-115.349
0.001,-0.001,0.000,0.000,0.906,-0.372,7.042,111.749,-115.428
-0.000,-0.001,0.000,-0.000,0.907,-0.371,7.054,111.745,-115.414
0.001,-0.001,0.000,0.000,0.906,-0.372,6.985,111.772,-115.256
0.001,-0.000,0.000,0.000,0.907,-0.372,6.976,111.776,-115.241
0.001,0.001,0.000,0.000,0.907,-0.372,6.971,111.778,-115.187
-0.000,-0.001,0.000,0.000,0.906,-0.371,6.982,111.771,-115.222
-0.000,-0.000,0.000,0.001,0.907,-0.371,6.904,111.785,-115.126
-0.000,0.001,0.000,0.001,0.907,-0.371,6.931,111.772,-115.161
0.002,-0.001,-0.001,0.000,0.907,-0.372,6.988,111.767,-115.185
-0.001,-0.001,0.000,0.000,0.906,-0.372,7.005,111.768,-115.167
-0.003,-0.000,-0.001,0.000,0.906,-0.372,7.031,111.764,-115.204
-0.000,-0.001,0.000,0.000,0.907,-0.371,7.032,111.748,-115.262
-0.000,-0.001,0.000,0.000,0.907,-0.371,7.002,111.748,-115.256
-0.000,-0.000,0.001,0.000,0.907,-0.371,6.970,111.748,-115.256
-0.000,-0.000,0.000,-0.000,0.907,-0.372,7.024,111.736,-115.389
-0.000,-0.000,-0.001,0.000,0.906,-0.372,7.091,111.725,-115.472
0.001,-0.000,0.001,0.000,0.906,-0.372,7.107,111.729,-115.433
-0.000,-0.000,0.000,0.000,0.907,-0.371,7.059,111.735,-115.414
0.001,-0.000,0.000,0.000,0.907,-0.372,7.007,111.745,-115.381
0.002,-0.000,-0.001,0.000,0.907,-0.372,7.079,111.734,-115.414
-0.000,0.002,0.001,0.000,0.906,-0.371,7.063,111.737,-115.386
-0.000,-0.000,0.000,0.000,0.906,-0.371,7.068,111.736,-115.364
0.001,-0.000,-0.001,0.000,0.906,-0.371,7.072,111.741,-115.292
-0.001,-0.000,0.000,0.000,0.906,-0.371,7.059,111.741,-115.295
-0.000,0.001,-0.001,-0.000,0.906,-0.371,7.058,111.740,-115.332
0.001,0.001,0.000,0.000,0.906,-0.372,7.050,111.741,-115.354
-0.003,-0.000,0.001,0.000,0.906,-0.372,7.156,111.724,-115.406
-0.000,-0.001,0.001,0.000,0.907,-0.371,7.220,111.710,-115.470
-0.001,-0.000,0.000,0.000,0.907,-0.371,7.164,111.718,-115.444
-0.001,-0.000,0.001,0.000,0.907,-0.371,7.146,111.719,-115.440
-0.003,0.003,0.001,0.000,0.907,-0.371,7.193,111.709,-115.469
-0.000,-0.000,0.001,0.000,0.907,-0.371,7.137,111.723,-115.392
-0.000,-0.000,0.000,0.000,0.907,-0.372,7.087,111.738,-115.331
0.002,-0.001,-0.001,0.000,0.907,-0.372,7.068,111.751,-115.256
-0.001,-0.000,0.001,0.001,0.906,-0.371,6.995,111.766,-115.137
0.002,-0.000,0.001,0.001,0.907,-0.372,7.050,111.757,-115.128
-0.000,0.001,0.000,0.001,0.907,-0.372,7.046,111.761,-115.109
-0.001,-0.000,0.000,0.000,0.907,-0.371,7.036,111.759,-115.108
-0.001,0.001,0.000,-0.000,0.907,-0.371,7.009,111.767,-115.025
-0.000,-0.001,0.000,-0.000,0.907,-0.371,6.966,111.762,-115.088
-0.001,-0.000,-0.001,0.000,0.907,-0.371,7.011,111.750,-115.140
-0.000,-0.000,-0.001,0.000,0.907,-0.371,7.011,111.741,-115.238
-0.001,-0.000,0.000,0.000,0.907,-0.371,7.108,111.720,-115.326
-0.001,-0.000,0.000,0.000,0.906,-0.372,7.141,111.719,-115.413
-0.001,-0.003,-0.002,-0.000,0.906,-0.372,7.115,111.732,-115.401
-0.000,0.001,0.001,-0.000,0.906,-0.372,7.079,111.744,-115.361
-0.000,-0.000,0.000,0.001,0.907,-0.372,7.008,111.754,-115.328
-0.001,-0.001,-0.001,0.000,0.907,-0.371,6.954,111.758,-115.327
-0.001,-0.000,-0.001,0.000,0.907,-0.371,6.895,111.767,-115.278
0.001,0.001,0.000,-0.000,0.906,-0.371,6.950,111.770,-115.185
-0.001,-0.000,0.001,0.001,0.908,-0.372,6.975,111.764,-115.174
-0.000,-0.000,0.001,-0.000,0.906,-0.370,7.032,111.748,-115.228
-0.000,-0.000,-0.002,-0.000,0.906,-0.370,7.099,111.726,-115.321
0.001,-0.001,0.000,0.000,0.906,-0.371,7.155,111.711,-115.404
-0.000,-0.000,-0.001,0.001,0.907,-0.372,7.128,111.718,-115.375
-0.000,0.001,-0.001,0.001,0.907,-0.372,7.131,111.719,-115.368
-0.000,-0.000,0.001,0.000,0.906,-0.372,7.134,111.725,-115.356
-0.001,-0.000,0.001,0.000,0.906,-0.372,7.101,111.733,-115.354
-0.000,-0.003,0.000,-0.000,0.906,-0.371,7.126,111.725,-115.418
0.001,-0.001,0.000,-0.000,0.906,-0.371,7.143,111.722,-115.427
-0.000,-0.001,-0.001,0.000,0.907,-0.372,7.155,111.727,-115.423
0.001,0.001,0.001,0.001,0.906,-0.372,7.170,111.735,-115.341
-0.001,0.001,0.000,0.001,0.906,-0.372,7.254,111.712,-115.487
-0.000,-0.001,0.000,0.001,0.906,-0.371,7.214,111.717,-115.453
-0.001,-0.004,0.000,0.000,0.906,-0.371,7.166,111.724,-115.445
-0.001,-0.000,-0.001,0.000,0.906,-0.371,7.145,111.730,-115.416
0.001,-0.000,0.000,0.000,0.906,-0.372,7.129,111.738,-115.358
-0.000,-0.000,-0.001,0.000,0.906,-0.372,7.198,111.725,-115.420
-0.000,-0.001,0.000,0.000,0.906,-0.371,7.208,111.717,-115.468
-0.000,0.001,-0.001,-0.000,0.906,-0.372,7.151,111.740,-115.379
-0.001,-0.001,0.000,0.001,0.907,-0.371,7.111,111.748,-115.341
-0.000,-0.001,0.000,0.001,0.907,-0.371,7.110,111.741,-115.365
-0.001,0.001,0.000,0.001,0.907,-0.371,7.108,111.735,-115.413
0.001,-0.001,0.001,0.000,0.906,-0.371,7.092,111.738,-115.390
0.001,-0.001,-0.001,0.000,0.906,-0.371,7.152,111.725,-115.445
-0.001,-0.001,0.000,0.000,0.907,-0.371,7.055,111.742,-115.368
-0.000,-0.000,0.001,-0.000,0.906,-0.371,7.092,111.736,-115.385
0.001,-0.000,0.000,0.001,0.906,-0.371,7.019,111.749,-115.362
-0.001,-0.001,0.001,0.001,0.906,-0.371,6.925,111.761,-115.317
-0.000,-0.001,0.000,0.000,0.907,-0.372,6.877,111.771,-115.278
-0.000,0.001,0.000,0.000,0.907,-0.372,6.890,111.770,-115.268
-0.000,-0.001,0.000,0.000,0.907,-0.372,6.890,111.769,-115.263
-0.000,0.001,0.000,0.000,0.907,-0.371,6.845,111.785,-115.115
-0.000,0.001,0.001,0.000,0.907,-0.371,6.816,111.795,-115.005
-0.001,-0.001,0.000,0.000,0.907,-0.371,6.833,111.792,-114.958
-0.001,-0.000,-0.001,0.000,0.906,-0.372,6.896,111.777,-115.049
0.001,-0.000,0.001,-0.000,0.906,-0.373,6.818,111.795,-115.020
-0.001,-0.000,0.000,-0.000,0.907,-0.372,6.917,111.785,-115.092
-0.001,-0.000,0.000,-0.000,0.907,-0.372,6.966,111.774,-115.141
-0.001,-0.003,0.001,0.000,0.907,-0.372,6.942,111.780,-115.085
-0.000,-0.000,0.000,0.000,0.906,-0.372,6.993,111.766,-115.174
-0.000,-0.000,0.001,0.000,0.906,-0.372,7.033,111.763,-115.188
-0.000,-0.001,0.000,0.000,0.906,-0.372,7.029,111.770,-115.158
0.001,-0.000,0.000,0.000,0.907,-0.371,7.046,111.767,-115.125
-0.000,-0.000,0.000,0.000,0.907,-0.371,7.064,111.759,-115.089
-0.000,-0.000,0.000,0.000,0.906,-0.372,7.167,111.732,-115.216
-0.000,-0.000,0.000,0.000,0.907,-0.371,7.108,111.739,-115.237
-0.003,0.001,0.000,0.000,0.907,-0.371,7.076,111.743,-115.218
-0.000,-0.000,0.001,0.001,0.907,-0.372,7.100,111.734,-115.289
-0.003,-0.003,0.000,0.000,0.907,-0.371,7.132,111.719,-115.378
-0.000,-0.001,0.001,0.000,0.907,-0.371,7.138,111.710,-115.433
0.001,-0.000,0.000,-0.000,0.907,-0.371,7.061,111.718,-115.421
-0.000,-0.001,0.000,0.000,0.906,-0.372,6.952,111.747,-115.256
0.002,-0.000,0.000,0.000,0.906,-0.372,7.004,111.740,-115.318
-0.000,-0.001,0.001,0.000,0.906,-0.371,7.029,111.735,-115.350
-0.001,-0.000,0.000,-0.000,0.907,-0.371,7.064,111.727,-115.388
0.001,-0.001,-0.001,0.001,0.906,-0.371,7.073,111.723,-115.422
0.001,-0.000,-0.001,0.001,0.906,-0.371,7.066,111.721,-115.486
-0.000,-0.000,0.000,0.000,0.906,-0.371,7.066,111.723,-115.511
-0.000,-0.000,0.000,0.000,0.907,-0.371,7.038,111.726,-115.531
-0.001,-0.000,0.000,0.000,0.907,-0.371,7.037,111.724,-115.574
0.002,0.001,0.000,0.000,0.907,-0.371,7.018,111.726,-115.600
0.002,-0.001,0.000,-0.000,0.906,-0.372,7.017,111.731,-115.580
0.001,-0.000,0.000,-0.000,0.906,-0.372,7.145,111.712,-115.677
0.001,-0.000,0.000,-0.000,0.906,-0.372,7.202,111.710,-115.682
0.001,-0.001,0.000,-0.000,0.906,-0.371,7.136,111.722,-115.655
-0.001,-0.000,-0.002,0.000,0.907,-0.371,7.129,111.723,-115.622
-0.000,-0.001,0.000,0.000,0.907,-0.371,7.084,111.734,-115.511
-0.001,0.002,0.001,0.000,0.906,-0.372,7.101,111.737,-115.467
-0.001,-0.000,-0.001,0.000,0.906,-0.372,7.056,111.750,-115.395
-0.000,-0.000,0.000,0.000,0.906,-0.372,7.050,111.754,-115.374
-0.000,-0.000,-0.001,-0.000,0.906,-0.371,7.016,111.762,-115.345
0.001,-0.000,-0.001,-0.000,0.906,-0.371,6.986,111.773,-115.270
-0.001,-0.000,-0.001,0.000,0.907,-0.371,7.016,111.756,-115.376
-0.001,0.001,0.000,0.001,0.906,-0.371,7.097,111.730,-115.540
-0.001,-0.000,0.000,0.000,0.906,-0.371,7.054,111.737,-115.497
-0.000,-0.001,0.000,0.000,0.906,-0.371,7.030,111.734,-115.529
-0.003,0.001,0.000,0.001,0.907,-0.371,6.968,111.745,-115.467
0.002,-0.000,-0.001,0.000,0.907,-0.372,6.945,111.754,-115.393
-0.000,-0.000,0.000,0.000,0.907,-0.372,7.028,111.744,-115.376
-0.000,-0.001,0.000,0.000,0.906,-0.371,7.064,111.743,-115.328
-0.001,-0.000,-0.001,-0.000,0.905,-0.372,7.123,111.739,-115.318
0.001,-0.001,-0.001,-0.000,0.905,-0.372,7.133,111.745,-115.279
-0.000,-0.000,0.000,0.001,0.906,-0.372,7.136,111.747,-115.303
0.001,-0.000,0.000,0.000,0.906,-0.371,7.151,111.741,-115.358
0.001,0.001,0.001,0.000,0.907,-0.371,7.073,111.748,-115.351
0.001,-0.000,-0.001,0.000,0.907,-0.371,7.050,111.749,-115.324
-0.003,0.001,0.000,0.000,0.906,-0.371,7.062,111.736,-115.430
0.001,0.001,-0.001,0.000,0.907,-0.372,7.069,111.739,-115.389
-0.000,-0.003,-0.002,0.000,0.907,-0.372,7.102,111.736,-115.383
-0.000,-0.001,0.000,0.000,0.907,-0.371,7.126,111.730,-115.377
-0.000,-0.000,0.000,0.000,0.907,-0.372,7.121,111.730,-115.367
-0.000,-0.001,0.000,0.000,0.907,-0.372,7.103,111.732,-115.363
-0.001,-0.000,0.000,0.000,0.907,-0.371,7.069,111.733,-115.309
0.001,0.001,0.000,-0.001,0.906,-0.371,7.083,111.732,-115.309
-0.000,-0.003,0.001,0.000,0.906,-0.372,7.060,111.737,-115.322
-0.000,-0.000,0.001,0.000,0.906,-0.372,7.050,111.743,-115.317
-0.003,-0.000,0.000,-0.000,0.906,-0.371,7.018,111.753,-115.252
-0.001,-0.000,0.001,0.000,0.906,-0.371,7.017,111.752,-115.262
-0.001,-0.000,0.000,0.000,0.906,-0.371,7.046,111.748,-115.259
-0.001,-0.001,-0.001,0.000,0.906,-0.371,7.082,111.739,-115.299
-0.001,-0.000,0.000,0.000,0.906,-0.371,7.135,111.724,-115.362
0.001,-0.000,0.000,0.000,0.907,-0.372,7.153,111.720,-115.394
0.001,0.002,0.000,0.000,0.907,-0.372,7.129,111.727,-115.412
-0.001,-0.000,0.000,-0.000,0.907,-0.372,7.165,111.721,-115.466
0.001,-0.001,-0.001,-0.000,0.907,-0.372,7.190,111.710,-115.586
-0.001,-0.000,0.000,0.000,0.907,-0.372,7.197,111.719,-115.571
0.001,0.002,-0.001,0.000,0.906,-0.371,7.194,111.729,-115.491
0.002,-0.000,0.001,0.000,0.906,-0.371,7.189,111.729,-115.450
-0.000,-0.001,0.000,0.001,0.907,-0.371,7.191,111.723,-115.432
-0.000,-0.001,-0.001,0.001,0.906,-0.371,7.179,111.725,-115.382
-0.000,-0.001,0.000,0.001,0.906,-0.371,7.224,111.713,-115.441
0.001,-0.000,0.000,0.000,0.906,-0.372,7.241,111.720,-115.441
-0.001,-0.001,0.000,0.000,0.906,-0.372,7.315,111.705,-115.559
-0.001,-0.000,0.001,0.000,0.906,-0.372,7.296,111.713,-115.544
-0.001,-0.001,0.000,0.000,0.906,-0.372,7.314,111.713,-115.548
-0.000,-0.000,0.001,0.000,0.906,-0.372,7.311,111.721,-115.451
-0.000,-0.000,0.000,-0.000,0.906,-0.371,7.360,111.715,-115.402
-0.001,-0.001,0.001,-0.000,0.906,-0.371,7.385,111.702,-115.454
-0.000,-0.001,0.000,0.000,0.907,-0.371,7.297,111.718,-115.377
-0.001,-0.000,-0.001,0.000,0.907,-0.372,7.204,111.739,-115.260
0.002,-0.000,0.000,0.000,0.907,-0.372,7.138,111.754,-115.183
0.001,0.001,0.000,0.000,0.907,-0.372,7.040,111.768,-115.111
-0.001,-0.001,0.001,0.000,0.906,-0.372,7.003,111.774,-115.085
0.002,-0.000,0.000,0.000,0.906,-0.371,7.024,111.763,-115.145
0.001,0.001,0.001,0.000,0.906,-0.371,6.931,111.776,-115.065
-0.003,-0.000,0.001,0.000,0.907,-0.372,6.967,111.769,-115.062
-0.000,-0.000,0.000,0.000,0.907,-0.372,6.967,111.762,-115.127
-0.000,-0.000,-0.001,0.000,0.906,-0.371,6.990,111.750,-115.183
-0.000,0.001,-0.001,0.000,0.907,-0.372,6.989,111.749,-115.196
-0.000,-0.001,0.001,0.000,0.907,-0.372,7.009,111.747,-115.225
-0.000,0.001,-0.001,0.001,0.907,-0.372,6.937,111.766,-115.223
-0.003,0.002,0.000,0.000,0.906,-0.372,6.912,111.773,-115.221
-0.000,-0.000,0.000,0.000,0.907,-0.372,6.856,111.779,-115.250
-0.001,-0.000,0.000,0.000,0.907,-0.372,6.892,111.776,-115.230
0.002,-0.000,-0.001,-0.000,0.907,-0.371,6.902,111.777,-115.150
-0.001,-0.000,-0.001,0.000,0.906,-0.372,6.909,111.779,-115.087
0.001,-0.000,0.000,0.000,0.906,-0.372,6.894,111.784,-115.059
-0.000,-0.001,0.000,-0.000,0.907,-0.371,6.920,111.776,-115.070
-0.001,-0.000,0.000,0.000,0.907,-0.371,6.933,111.770,-115.087
-0.000,-0.001,0.000,0.000,0.907,-0.371,6.998,111.748,-115.233
0.001,-0.000,-0.001,0.000,0.906,-0.372,7.036,111.741,-115.431
-0.000,-0.000,0.000,0.000,0.907,-0.371,7.089,111.729,-115.468
-0.000,-0.001,0.001,0.001,0.906,-0.372,7.145,111.719,-115.497
-0.000,0.001,0.001,0.001,0.906,-0.372,7.158,111.721,-115.485
-0.001,-0.001,0.000,0.000,0.907,-0.372,7.160,111.716,-115.585
0.001,-0.000,-0.002,0.000,0.907,-0.371,7.123,111.722,-115.569
0.001,0.002,-0.001,0.000,0.907,-0.371,7.022,111.746,-115.412
-0.000,-0.001,0.000,0.000,0.907,-0.372,6.973,111.765,-115.289
-0.000,0.001,0.000,0.000,0.906,-0.372,6.929,111.781,-115.180
-0.001,0.001,-0.001,0.000,0.907,-0.371,6.865,111.794,-115.081
-0.000,-0.000,0.000,0.000,0.907,-0.371,6.830,111.792,-115.101
-0.001,-0.000,0.000,0.000,0.907,-0.372,6.846,111.788,-115.092
-0.000,-0.000,0.000,0.000,0.907,-0.372,6.964,111.764,-115.162
0.001,-0.001,-0.001,0.000,0.907,-0.372,6.949,111.763,-115.211
-0.003,0.001,0.000,0.000,0.906,-0.371,7.009,111.750,-115.278
-0.001,-0.000,-0.001,0.000,0.906,-0.371,6.997,111.757,-115.204
-0.000,-0.001,-0.002,0.000,0.906,-0.372,7.019,111.752,-115.249
-0.000,0.001,0.001,0.000,0.907,-0.371,7.045,111.744,-115.301
-0.000,-0.001,0.001,0.000,0.907,-0.371,7.093,111.733,-115.325
0.001,-0.000,-0.001,0.000,0.907,-0.371,7.144,111.722,-115.360
-0.003,0.001,0.000,0.000,0.907,-0.372,7.188,111.717,-115.383
0.002,-0.001,0.001,0.000,0.907,-0.371,7.143,111.723,-115.351
0.001,-0.000,-0.001,0.000,0.907,-0.371,7.088,111.729,-115.287
-0.000,-0.000,0.000,0.000,0.907,-0.372,7.048,111.740,-115.248
-0.000,-0.000,0.000,0.000,0.906,-0.371,7.053,111.731,-115.367
-0.000,-0.001,0.000,0.000,0.906,-0.371,7.071,111.728,-115.381
-0.000,-0.000,0.001,-0.000,0.907,-0.372,7.049,111.733,-115.411
-0.001,-0.000,0.000,-0.000,0.906,-0.371,7.036,111.737,-115.415
-0.000,0.001,-0.001,0.000,0.906,-0.371,7.046,111.731,-115.495
0.001,-0.000,-0.001,0.000,0.906,-0.371,7.071,111.731,-115.466
-0.001,-0.001,0.000,0.000,0.907,-0.371,7.099,111.725,-115.490
-0.004,0.001,0.000,0.000,0.906,-0.371,7.083,111.725,-115.538
0.001,0.001,0.001,0.000,0.906,-0.371,7.190,111.709,-115.593
-0.000,0.001,-0.001,0.000,0.906,-0.372,7.159,111.729,-115.466
-0.001,0.001,-0.001,0.001,0.906,-0.372,7.117,111.746,-115.345
-0.001,-0.000,-0.001,0.001,0.906,-0.372,7.102,111.754,-115.255
-0.001,-0.000,0.001,0.000,0.906,-0.371,7.076,111.760,-115.174
-0.000,0.001,0.000,0.000,0.906,-0.372,7.038,111.769,-115.121
-0.001,-0.001,0.001,0.000,0.906,-0.371,7.008,111.781,-114.992
-0.001,-0.001,-0.001,0.000,0.906,-0.371,7.033,111.773,-114.981
0.002,-0.000,-0.001,0.000,0.907,-0.371,7.077,111.756,-115.059
-0.000,0.001,0.000,0.000,0.907,-0.371,7.073,111.748,-115.101
-0.001,-0.000,-0.001,0.000,0.907,-0.372,7.019,111.758,-115.056
-0.001,-0.001,0.000,0.000,0.907,-0.371,6.956,111.768,-114.986
-0.000,-0.001,0.000,0.000,0.907,-0.371,7.006,111.759,-114.922
-0.000,-0.000,-0.001,0.000,0.907,-0.371,6.984,111.755,-114.986
0.001,-0.001,0.001,0.001,0.906,-0.371,7.030,111.742,-115.040
-0.000,-0.000,-0.001,0.000,0.906,-0.371,7.008,111.745,-115.023
-0.000,-0.000,0.000,0.000,0.906,-0.371,7.022,111.739,-115.072
-0.001,0.001,0.001,-0.000,0.907,-0.371,7.025,111.738,-115.070
-0.001,-0.001,0.000,-0.000,0.906,-0.371,7.020,111.736,-115.093
-0.001,0.001,0.000,-0.000,0.906,-0.371,7.003,111.735,-115.139
-0.001,0.001,0.000,0.000,0.907,-0.371,6.954,111.744,-115.112
-0.000,-0.001,0.000,0.000,0.907,-0.371,7.003,111.733,-115.150
-0.001,-0.000,-0.001,0.000,0.907,-0.371,7.064,111.719,-115.218
0.001,-0.000,-0.002,0.000,0.907,-0.372,7.114,111.721,-115.201
-0.000,-0.000,-0.001,0.000,0.907,-0.371,7.140,111.717,-115.219
-0.000,-0.000,-0.001,0.000,0.907,-0.371,7.140,111.712,-115.293
-0.000,-0.000,0.001,0.000,0.907,-0.371,7.120,111.714,-115.325
-0.001,-0.000,0.000,0.000,0.907,-0.372,7.086,111.721,-115.321
0.001,-0.003,0.000,0.001,0.907,-0.371,7.121,111.702,-115.510
-0.001,-0.000,0.000,0.001,0.907,-0.371,7.129,111.707,-115.441
-0.001,-0.001,0.000,0.000,0.906,-0.371,7.165,111.707,-115.412
-0.001,-0.000,-0.001,0.000,0.907,-0.371,7.191,111.707,-115.394
0.001,-0.000,-0.002,0.000,0.907,-0.371,7.205,111.705,-115.393
-0.000,-0.000,0.001,0.000,0.907,-0.372,7.200,111.716,-115.359
-0.000,-0.000,0.001,-0.000,0.906,-0.371,7.225,111.708,-115.444
0.001,0.001,0.000,-0.000,0.906,-0.371,7.227,111.702,-115.559
-0.000,-0.001,0.000,0.000,0.906,-0.372,7.237,111.709,-115.541
-0.001,-0.000,0.001,0.000,0.906,-0.371,7.226,111.715,-115.510
0.001,0.001,0.001,0.000,0.906,-0.371,7.205,111.721,-115.436
-0.001,-0.003,-0.001,0.000,0.906,-0.372,7.191,111.724,-115.442
-0.000,-0.000,0.000,-0.000,0.906,-0.371,7.216,111.719,-115.462
-0.000,-0.001,0.000,-0.000,0.906,-0.371,7.120,111.743,-115.340
-0.000,-0.000,-0.001,0.000,0.906,-0.372,7.109,111.753,-115.225
0.004,-0.001,-0.001,0.000,0.906,-0.372,7.109,111.759,-115.165
-0.001,-0.001,0.000,0.000,0.907,-0.372,7.127,111.756,-115.181
-0.001,0.001,0.000,0.000,0.907,-0.372,7.120,111.754,-115.228
-0.000,-0.000,0.000,0.000,0.906,-0.371,7.093,111.751,-115.226
-0.001,0.001,-0.001,0.000,0.907,-0.371,7.076,111.744,-115.270
-0.001,-0.001,0.000,0.000,0.907,-0.371,7.016,111.750,-115.238
-0.000,-0.001,-0.001,-0.000,0.907,-0.371,7.072,111.737,-115.286
-0.001,-0.000,-0.001,0.001,0.907,-0.371,7.176,111.712,-115.399
0.001,-0.000,-0.001,0.001,0.907,-0.371,7.220,111.699,-115.470
-0.000,-0.000,0.000,0.000,0.907,-0.371,7.145,111.712,-115.433
-0.001,-0.000,0.000,0.000,0.907,-0.372,7.147,111.718,-115.390
-0.000,-0.000,0.000,0.001,0.907,-0.372,7.129,111.728,-115.320
-0.001,-0.000,0.001,0.001,0.907,-0.372,7.215,111.706,-115.453
-0.001,-0.001,0.001,0.000,0.907,-0.371,7.207,111.703,-115.438
-0.000,-0.001,0.000,-0.000,0.907,-0.371,7.147,111.718,-115.339
-0.000,-0.001,0.000,-0.000,0.907,-0.371,7.121,111.727,-115.285
-0.001,0.001,0.000,0.000,0.906,-0.372,7.056,111.742,-115.236
-0.000,-0.001,-0.001,0.001,0.907,-0.372,7.037,111.749,-115.197
-0.001,-0.000,0.000,0.000,0.907,-0.371,7.108,111.724,-115.387
-0.001,-0.000,0.000,0.000,0.907,-0.371,7.073,111.735,-115.311
0.001,-0.001,0.001,0.000,0.906,-0.372,7.059,111.740,-115.299
-0.000,-0.000,-0.001,0.000,0.906,-0.372,7.052,111.746,-115.280
-0.000,0.001,-0.001,0.000,0.906,-0.372,7.072,111.742,-115.330
-0.000,-0.000,0.000,0.000,0.906,-0.371,7.137,111.729,-115.393
0.001,0.001,0.000,0.000,0.906,-0.371,7.256,111.706,-115.466
-0.000,-0.000,0.000,0.000,0.906,-0.371,7.308,111.696,-115.516
-0.001,-0.000,-0.001,0.000,0.906,-0.371,7.217,111.718,-115.415
-0.000,-0.001,0.000,0.000,0.906,-0.371,7.161,111.736,-115.299
0.001,-0.001,0.000,0.000,0.907,-0.371,7.085,111.746,-115.187
-0.000,0.001,0.001,0.000,0.906,-0.371,7.044,111.749,-115.144
-0.000,0.002,-0.002,0.000,0.906,-0.372,7.043,111.749,-115.161
-0.000,-0.000,0.001,0.000,0.906,-0.372,7.043,111.754,-115.185
-0.000,-0.000,0.000,0.000,0.906,-0.371,6.980,111.770,-115.061
0.001,0.001,0.000,0.000,0.906,-0.371,6.912,111.782,-114.968
-0.001,-0.001,-0.001,0.000,0.906,-0.371,6.934,111.769,-115.032
-0.001,0.001,0.000,0.000,0.907,-0.371,6.976,111.751,-115.170
-0.000,-0.001,-0.001,0.000,0.907,-0.372,6.924,111.755,-115.272
0.001,-0.001,0.000,0.000,0.907,-0.371,6.941,111.755,-115.263
-0.001,0.001,0.001,0.000,0.907,-0.371,6.900,111.767,-115.159
-0.000,-0.000,0.001,0.000,0.906,-0.371,6.939,111.760,-115.185
-0.001,-0.000,-0.001,0.000,0.907,-0.372,6.874,111.779,-115.071
0.002,0.001,0.000,0.000,0.907,-0.372,6.872,111.781,-115.064
-0.003,-0.001,-0.001,0.000,0.907,-0.371,6.956,111.758,-115.127
-0.000,0.001,0.000,0.000,0.907,-0.372,6.964,111.764,-115.008
-0.001,-0.001,0.000,0.000,0.907,-0.372,6.937,111.769,-114.998
0.001,0.001,0.001,-0.000,0.906,-0.372,6.941,111.769,-115.001
-0.000,0.001,-0.001,-0.000,0.907,-0.371,6.929,111.769,-114.989
-0.000,-0.000,0.000,-0.000,0.907,-0.371,6.977,111.751,-115.095
-0.000,0.001,0.000,0.000,0.907,-0.372,7.007,111.745,-115.159
-0.000,-0.000,0.000,0.000,0.907,-0.372,7.025,111.742,-115.198
-0.001,-0.000,0.000,0.000,0.907,-0.372,7.101,111.721,-115.330
-0.004,-0.000,0.001,0.000,0.906,-0.372,7.124,111.713,-115.463
-0.001,-0.000,0.000,-0.000,0.907,-0.371,7.193,111.703,-115.520
-0.000,0.001,0.000,-0.000,0.907,-0.371,7.243,111.687,-115.679
-0.001,0.001,-0.001,-0.000,0.907,-0.371,7.184,111.706,-115.582
-0.001,-0.001,0.000,0.000,0.907,-0.371,7.069,111.739,-115.381
-0.000,0.001,0.000,0.000,0.907,-0.371,6.980,111.764,-115.186
0.001,0.001,-0.001,0.000,0.907,-0.371,6.960,111.765,-115.136
0.001,-0.000,-0.001,0.001,0.907,-0.371,6.965,111.762,-115.086
-0.001,-0.001,-0.001,0.000,0.907,-0.372,6.923,111.772,-114.987
0.001,-0.000,0.000,0.000,0.907,-0.372,6.895,111.777,-114.931
-0.001,-0.000,0.000,0.000,0.907,-0.372,6.947,111.764,-115.001
-0.000,-0.000,0.000,0.001,0.907,-0.372,6.995,111.754,-115.062
0.002,0.001,-0.001,0.001,0.907,-0.372,7.037,111.738,-115.237
-0.001,-0.001,-0.001,0.000,0.907,-0.372,7.117,111.729,-115.317
-0.001,-0.000,-0.001,0.000,0.907,-0.371,7.152,111.717,-115.385
0.001,-0.000,0.000,0.000,0.906,-0.371,7.165,111.713,-115.405
0.001,-0.001,0.000,0.000,0.906,-0.371,7.146,111.710,-115.469
0.001,-0.000,-0.001,0.000,0.907,-0.371,7.100,111.714,-115.516
-0.000,-0.003,0.000,0.000,0.907,-0.372,7.111,111.716,-115.502
-0.000,-0.000,0.000,0.000,0.907,-0.372,7.085,111.726,-115.454
0.001,-0.000,0.000,0.001,0.906,-0.371,7.035,111.746,-115.319
-0.000,0.001,0.001,0.000,0.907,-0.372,7.099,111.728,-115.437
-0.003,-0.000,0.000,0.000,0.907,-0.372,7.130,111.721,-115.502
-0.000,-0.000,0.001,0.000,0.907,-0.371,7.045,111.732,-115.434
-0.000,0.001,0.000,0.000,0.907,-0.372,6.944,111.763,-115.217
-0.001,0.001,-0.001,0.000,0.907,-0.372,6.860,111.790,-115.037
-0.001,-0.001,0.001,0.001,0.907,-0.372,6.856,111.790,-114.992
-0.000,-0.000,0.001,0.001,0.907,-0.371,6.854,111.794,-114.888
-0.001,-0.000,0.000,0.001,0.907,-0.371,6.930,111.778,-114.852
0.001,-0.001,0.000,0.001,0.906,-0.371,6.885,111.787,-114.770
-0.000,0.001,-0.001,0.000,0.906,-0.371,6.913,111.778,-114.804
0.001,-0.000,-0.001,0.000,0.906,-0.371,6.938,111.770,-114.855
-0.001,-0.001,0.000,0.000,0.907,-0.372,6.979,111.767,-114.897
-0.001,-0.000,0.000,0.000,0.907,-0.372,6.991,111.761,-114.962
-0.000,-0.001,0.001,0.000,0.907,-0.371,7.026,111.746,-115.069
0.001,-0.000,-0.001,0.000,0.907,-0.371,7.116,111.715,-115.250
-0.001,0.001,0.001,-0.000,0.907,-0.372,7.174,111.705,-115.328
-0.000,-0.000,-0.001,0.000,0.907,-0.372,7.185,111.707,-115.354
-0.000,0.001,0.000,0.000,0.907,-0.372,7.168,111.717,-115.322
0.001,-0.001,0.000,0.000,0.907,-0.371,7.147,111.724,-115.274
-0.000,0.001,-0.001,0.000,0.906,-0.371,7.088,111.742,-115.163
-0.000,-0.000,0.000,0.000,0.906,-0.371,7.051,111.748,-115.137
-0.001,-0.001,0.000,-0.000,0.906,-0.371,7.082,111.737,-115.197
0.001,-0.001,0.001,0.000,0.907,-0.371,7.159,111.720,-115.281
-0.000,-0.000,0.000,0.001,0.906,-0.371,7.177,111.709,-115.390
-0.000,-0.000,0.001,0.001,0.906,-0.371,7.194,111.702,-115.470
-0.001,-0.001,0.001,0.000,0.907,-0.371,7.175,111.705,-115.486
-0.001,-0.001,0.000,0.000,0.907,-0.371,7.116,111.723,-115.377
-0.000,-0.000,0.000,0.000,0.907,-0.371,7.150,111.717,-115.405
-0.001,-0.000,0.000,0.000,0.907,-0.371,7.077,111.734,-115.271
-0.000,0.001,0.000,-0.000,0.907,-0.371,7.029,111.739,-115.216
-0.000,-0.000,0.001,-0.000,0.907,-0.371,7.006,111.734,-115.233
-0.000,0.002,0.001,-0.000,0.906,-0.372,6.976,111.748,-115.192
-0.000,-0.000,-0.001,0.000,0.907,-0.371,6.968,111.752,-115.161
-0.001,0.002,0.001,0.000,0.907,-0.371,7.004,111.739,-115.190
-0.000,-0.000,0.000,0.000,0.906,-0.371,7.000,111.743,-115.174
-0.000,-0.001,0.000,0.000,0.907,-0.371,7.007,111.736,-115.239
-0.000,0.001,0.000,0.000,0.907,-0.371,7.042,111.719,-115.376
0.001,-0.001,0.000,0.000,0.907,-0.370,7.070,111.703,-115.437
-0.001,0.001,0.000,0.000,0.906,-0.371,7.118,111.690,-115.515
0.001,-0.000,0.000,0.000,0.906,-0.371,7.069,111.710,-115.429
-0.000,-0.001,-0.001,0.000,0.907,-0.371,7.073,111.719,-115.379
0.001,-0.001,0.000,-0.000,0.906,-0.372,7.115,111.721,-115.380
-0.001,-0.000,0.001,0.000,0.907,-0.371,7.121,111.729,-115.310
0.002,-0.001,0.000,0.000,0.907,-0.371,7.086,111.743,-115.189
-0.000,-0.000,0.001,0.000,0.906,-0.371,7.086,111.745,-115.155
-0.001,0.001,0.001,0.000,0.907,-0.371,7.088,111.741,-115.176
0.001,-0.000,0.000,0.000,0.907,-0.371,7.036,111.744,-115.203
-0.003,0.001,-0.001,0.000,0.907,-0.372,7.001,111.757,-115.171
-0.000,-0.000,0.001,0.000,0.907,-0.372,6.938,111.771,-115.118
0.001,-0.001,-0.001,0.000,0.907,-0.371,6.877,111.779,-115.060
-0.000,-0.000,0.003,0.000,0.907,-0.371,6.883,111.780,-114.972
0.002,0.001,0.000,0.000,0.907,-0.371,6.902,111.783,-114.875
-0.000,-0.001,0.000,0.000,0.907,-0.371,6.958,111.772,-114.852
-0.003,-0.001,0.000,0.000,0.907,-0.371,7.000,111.756,-114.915
0.001,-0.000,-0.001,-0.000,0.907,-0.372,7.029,111.748,-114.987
-0.001,-0.000,0.000,-0.000,0.907,-0.372,7.064,111.741,-115.049
-0.000,-0.000,-0.001,-0.000,0.907,-0.372,7.055,111.742,-115.097
-0.000,-0.001,-0.001,0.001,0.907,-0.372,6.992,111.751,-115.092
-0.000,-0.000,-0.001,0.001,0.907,-0.372,7.081,111.736,-115.131
0.001,-0.000,0.000,0.000,0.907,-0.372,7.142,111.727,-115.224
-0.000,-0.003,0.000,0.000,0.907,-0.371,7.071,111.732,-115.254
-0.001,-0.001,0.000,-0.000,0.907,-0.371,7.104,111.721,-115.334
0.001,-0.000,0.000,-0.000,0.907,-0.371,7.014,111.734,-115.316
0.002,0.002,0.000,-0.000,0.907,-0.372,6.981,111.746,-115.253
-0.001,-0.001,-0.001,0.000,0.907,-0.372,6.936,111.762,-115.168
-0.003,-0.001,0.001,0.000,0.907,-0.372,6.961,111.761,-115.170
-0.000,-0.000,-0.001,-0.000,0.906,-0.372,7.016,111.754,-115.192
-0.000,-0.001,-0.001,-0.000,0.906,-0.371,7.051,111.748,-115.201
0.001,-0.000,0.000,0.000,0.906,-0.372,7.053,111.753,-115.139
0.001,0.001,0.000,0.000,0.906,-0.372,7.000,111.767,-115.084
-0.000,-0.000,0.000,0.000,0.907,-0.371,7.010,111.765,-115.057
-0.003,-0.000,0.000,0.000,0.906,-0.371,7.048,111.750,-115.123
-0.001,-0.001,0.000,0.000,0.906,-0.371,7.047,111.746,-115.123
-0.000,-0.001,0.000,0.000,0.907,-0.372,7.016,111.755,-115.070
-0.001,-0.000,0.001,0.000,0.907,-0.371,6.946,111.769,-115.004
-0.001,-0.003,0.000,0.000,0.907,-0.371,6.924,111.773,-114.955
-0.000,0.002,0.001,-0.000,0.907,-0.371,6.972,111.756,-115.005
0.001,-0.000,0.000,0.000,0.907,-0.371,7.012,111.743,-115.064
-0.000,-0.001,0.001,0.000,0.906,-0.372,6.895,111.774,-114.885
-0.000,-0.000,0.000,0.000,0.906,-0.372,6.876,111.779,-114.900
-0.000,-0.000,0.001,0.000,0.907,-0.371,6.867,111.777,-114.880
0.001,-0.001,-0.001,0.000,0.907,-0.371,6.923,111.756,-115.030
-0.000,-0.000,0.000,0.000,0.907,-0.371,6.916,111.760,-114.977
-0.000,-0.000,0.000,0.000,0.907,-0.372,6.902,111.765,-114.947
-0.000,-0.000,0.000,0.000,0.906,-0.372,6.909,111.769,-114.916
-0.001,-0.001,0.000,0.000,0.906,-0.372,6.934,111.766,-114.962
-0.000,-0.001,-0.002,0.001,0.907,-0.372,7.043,111.746,-115.085
0.001,-0.000,-0.001,-0.000,0.907,-0.372,7.076,111.739,-115.218
-0.000,-0.000,0.000,-0.000,0.907,-0.372,7.119,111.730,-115.274
-0.001,-0.000,0.000,0.000,0.907,-0.371,7.126,111.726,-115.302
-0.001,-0.000,-0.001,0.000,0.907,-0.371,7.090,111.733,-115.246
-0.000,-0.001,0.000,0.000,0.907,-0.371,7.043,111.741,-115.169
0.001,-0.000,0.000,0.000,0.906,-0.372,6.925,111.772,-115.003
-0.003,-0.001,0.000,0.001,0.907,-0.371,6.869,111.781,-114.934
0.001,-0.000,0.001,0.001,0.907,-0.371,6.922,111.767,-114.917
0.001,0.001,-0.001,0.000,0.907,-0.372,6.943,111.763,-114.957
-0.001,-0.000,0.000,0.000,0.907,-0.372,6.963,111.761,-114.954
0.001,-0.001,0.000,0.000,0.907,-0.372,6.992,111.757,-114.983
0.001,-0.001,-0.001,0.000,0.907,-0.372,7.002,111.755,-115.054
-0.003,0.001,0.000,0.000,0.907,-0.371,7.008,111.749,-115.069
0.001,-0.000,-0.001,0.000,0.907,-0.371,7.025,111.740,-115.130
-0.001,-0.001,-0.001,0.000,0.907,-0.371,7.036,111.737,-115.160
-0.000,-0.003,0.000,-0.000,0.907,-0.371,7.002,111.740,-115.130
-0.001,-0.001,0.000,0.000,0.907,-0.371,6.977,111.744,-115.091
-0.000,-0.000,0.000,0.000,0.907,-0.371,6.942,111.754,-115.013
0.001,-0.001,-0.001,0.000,0.906,-0.372,6.913,111.765,-114.959
0.001,-0.001,-0.001,0.000,0.907,-0.371,6.861,111.769,-114.994
0.001,-0.000,0.000,0.000,0.907,-0.372,6.878,111.767,-115.002
-0.001,-0.000,0.001,0.000,0.907,-0.372,6.961,111.752,-115.108
-0.001,-0.000,0.000,0.000,0.907,-0.372,6.961,111.753,-115.141
-0.001,0.001,0.000,0.000,0.907,-0.371,6.973,111.753,-115.152
-0.000,-0.001,-0.001,0.000,0.907,-0.371,6.976,111.753,-115.136
-0.001,-0.000,0.000,-0.000,0.906,-0.371,7.005,111.756,-115.067
0.001,-0.000,0.001,-0.000,0.906,-0.371,7.032,111.753,-115.065
-0.000,-0.000,-0.001,0.000,0.907,-0.372,7.053,111.746,-115.123
-0.000,-0.000,0.000,-0.000,0.907,-0.371,7.094,111.736,-115.179
-0.001,-0.001,0.000,0.000,0.906,-0.371,7.078,111.732,-115.255
0.001,-0.001,-0.001,0.000,0.906,-0.371,7.083,111.736,-115.222
0.001,-0.000,0.000,0.000,0.906,-0.371,7.061,111.745,-115.143
0.001,-0.000,0.000,0.000,0.906,-0.372,7.035,111.755,-115.072
-0.000,-0.000,-0.001,0.000,0.906,-0.372,7.016,111.757,-115.095
-0.001,-0.000,0.000,0.000,0.907,-0.372,7.066,111.747,-115.135
-0.001,-0.000,0.000,0.000,0.907,-0.372,7.123,111.738,-115.136
0.001,0.001,0.000,0.000,0.907,-0.372,7.183,111.723,-115.229
0.001,0.001,0.000,0.000,0.907,-0.371,7.257,111.700,-115.389
-0.001,-0.000,-0.001,0.000,0.906,-0.372,7.298,111.693,-115.473
-0.001,-0.000,-0.001,0.001,0.907,-0.372,7.267,111.701,-115.454
-0.000,0.001,0.000,0.001,0.907,-0.372,7.242,111.705,-115.453
-0.000,0.001,0.000,0.001,0.906,-0.371,7.212,111.703,-115.480
-0.001,0.001,-0.001,0.000,0.906,-0.372,7.228,111.700,-115.507
-0.000,-0.001,0.000,0.000,0.906,-0.372,7.228,111.709,-115.455
-0.000,0.001,0.000,0.000,0.907,-0.372,7.218,111.718,-115.374
-0.000,-0.000,0.000,-0.000,0.906,-0.371,7.196,111.725,-115.327
-0.000,-0.001,0.000,-0.000,0.906,-0.371,7.179,111.726,-115.344
0.001,-0.000,0.000,0.001,0.906,-0.372,7.142,111.740,-115.312
-0.001,-0.001,0.000,0.001,0.906,-0.372,7.097,111.748,-115.300
0.001,-0.000,0.000,0.000,0.907,-0.371,7.095,111.737,-115.400
-0.001,-0.000,0.000,0.000,0.907,-0.371,7.083,111.731,-115.408
-0.000,0.001,0.001,0.000,0.907,-0.370,7.077,111.718,-115.430
-0.000,-0.001,0.000,-0.000,0.906,-0.372,7.105,111.711,-115.478
-0.000,-0.000,0.001,-0.000,0.906,-0.372,7.137,111.716,-115.489
-0.001,-0.003,0.000,0.000,0.906,-0.371,7.174,111.713,-115.502
-0.001,-0.000,0.001,0.000,0.906,-0.371,7.231,111.701,-115.536
-0.000,0.001,0.000,0.000,0.906,-0.372,7.335,111.686,-115.618
0.002,-0.000,0.000,-0.000,0.906,-0.371,7.246,111.707,-115.520
-0.001,-0.000,0.000,0.000,0.907,-0.371,7.244,111.706,-115.512
0.001,-0.000,-0.001,0.000,0.907,-0.371,7.250,111.704,-115.504
0.001,0.001,0.000,-0.000,0.907,-0.372,7.265,111.701,-115.601
-0.000,-0.001,-0.001,0.001,0.907,-0.372,7.320,111.696,-115.652
-0.000,-0.000,-0.001,0.001,0.907,-0.372,7.263,111.711,-115.625
-0.001,-0.001,0.001,0.000,0.906,-0.371,7.245,111.712,-115.607
-0.000,-0.001,-0.002,0.000,0.907,-0.371,7.186,111.721,-115.571
-0.000,0.001,-0.001,0.000,0.907,-0.371,7.111,111.734,-115.518
-0.000,-0.000,0.000,0.000,0.906,-0.371,7.078,111.743,-115.455
0.002,-0.000,-0.002,0.000,0.907,-0.371,7.023,111.748,-115.408
0.002,-0.001,-0.001,0.000,0.907,-0.371,6.948,111.766,-115.271
0.001,-0.001,0.000,0.000,0.907,-0.371,6.928,111.769,-115.229
0.002,0.001,0.000,0.000,0.906,-0.372,6.950,111.770,-115.207
-0.000,-0.000,-0.001,0.000,0.907,-0.371,6.937,111.775,-115.158
-0.000,-0.000,-0.001,0.000,0.907,-0.371,6.940,111.769,-115.169
-0.000,-0.000,0.000,0.001,0.907,-0.371,6.951,111.760,-115.195
0.001,-0.001,-0.001,0.000,0.907,-0.372,7.006,111.747,-115.230
-0.000,0.001,0.000,0.000,0.907,-0.371,7.055,111.733,-115.329
0.002,-0.000,-0.001,0.000,0.907,-0.371,7.099,111.714,-115.504
-0.001,-0.000,0.000,0.000,0.907,-0.371,7.164,111.696,-115.598
0.001,-0.001,0.000,0.000,0.906,-0.372,7.149,111.708,-115.515
-0.000,-0.003,0.001,0.000,0.906,-0.372,7.101,111.725,-115.442
-0.003,-0.000,0.003,0.000,0.907,-0.372,7.015,111.746,-115.356
-0.000,-0.001,0.000,0.000,0.907,-0.372,7.003,111.752,-115.312
-0.001,-0.000,0.000,0.000,0.906,-0.372,7.050,111.746,-115.352
-0.001,0.001,0.000,-0.000,0.906,-0.371,7.056,111.748,-115.328
-0.001,-0.001,0.000,-0.000,0.906,-0.371,7.032,111.750,-115.302
-0.003,-0.000,0.001,0.000,0.906,-0.371,7.066,111.737,-115.357
-0.000,-0.000,-0.002,0.000,0.907,-0.371,7.083,111.732,-115.338
0.001,-0.000,0.001,-0.001,0.906,-0.371,7.034,111.744,-115.236
-0.001,0.001,0.000,-0.001,0.906,-0.371,7.093,111.735,-115.198
-0.001,-0.001,-0.001,0.000,0.906,-0.372,7.120,111.724,-115.332
-0.000,-0.000,0.000,0.000,0.907,-0.371,7.125,111.724,-115.335
0.001,-0.001,0.001,0.000,0.907,-0.371,7.044,111.743,-115.217
-0.000,-0.000,0.000,0.000,0.907,-0.372,6.996,111.758,-115.095
-0.001,-0.000,0.001,0.000,0.907,-0.371,7.018,111.755,-115.071
-0.001,-0.000,0.000,-0.000,0.907,-0.372,7.033,111.745,-115.142
0.001,0.001,0.000,-0.000,0.907,-0.372,7.040,111.744,-115.171
0.001,-0.001,-0.001,-0.001,0.907,-0.371,7.079,111.720,-115.370
-0.000,-0.000,0.000,-0.000,0.907,-0.371,7.014,111.731,-115.313
0.001,-0.001,0.001,-0.000,0.907,-0.371,7.039,111.725,-115.316
-0.000,-0.001,0.000,0.000,0.906,-0.372,7.064,111.732,-115.297
-0.000,-0.000,0.000,0.001,0.907,-0.372,7.134,111.721,-115.401
-0.001,-0.000,0.000,0.001,0.907,-0.372,7.201,111.713,-115.463
0.001,-0.001,-0.001,0.000,0.907,-0.371,7.144,111.721,-115.408
-0.000,-0.001,-0.001,-0.000,0.907,-0.371,7.135,111.719,-115.378
-0.000,0.001,0.000,-0.001,0.907,-0.371,7.193,111.697,-115.463
-0.000,0.001,0.001,-0.001,0.907,-0.371,7.203,111.696,-115.446
-0.001,-0.001,0.000,-0.000,0.906,-0.372,7.187,111.707,-115.427
-0.000,-0.001,0.000,-0.000,0.906,-0.372,7.171,111.721,-115.356
-0.000,-0.001,0.000,0.001,0.906,-0.372,7.185,111.727,-115.364
-0.000,-0.001,0.000,0.001,0.907,-0.371,7.216,111.723,-115.361
-0.000,0.002,0.000,0.001,0.907,-0.371,7.124,111.734,-115.318
-0.000,-0.000,0.000,-0.000,0.906,-0.371,7.094,111.736,-115.316
-0.001,0.001,0.001,0.000,0.907,-0.371,7.095,111.733,-115.309
-0.000,0.001,-0.001,0.000,0.907,-0.371,7.060,111.733,-115.289
0.001,-0.000,0.000,0.000,0.907,-0.371,7.114,111.724,-115.297
-0.000,-0.001,0.000,-0.000,0.906,-0.372,7.139,111.735,-115.194
0.001,-0.000,0.000,0.000,0.906,-0.372,7.086,111.757,-115.072
-0.001,-0.000,0.000,0.000,0.906,-0.372,7.074,111.764,-115.027
-0.000,-0.001,0.000,0.000,0.907,-0.372,7.066,111.756,-115.090
-0.000,-0.001,0.000,0.000,0.907,-0.371,7.091,111.742,-115.186
-0.000,-0.001,0.001,0.000,0.907,-0.371,7.162,111.716,-115.364
-0.000,-0.000,-0.001,-0.000,0.907,-0.370,7.124,111.712,-115.374
-0.000,-0.001,0.001,0.000,0.907,-0.371,7.118,111.713,-115.318
-0.000,-0.000,-0.001,-0.000,0.907,-0.372,7.062,111.729,-115.218
0.001,0.001,0.001,-0.000,0.907,-0.372,7.032,111.738,-115.203
0.001,-0.001,0.000,0.001,0.906,-0.371,7.043,111.733,-115.248
-0.001,0.001,0.000,0.000,0.907,-0.371,7.078,111.725,-115.281
-0.001,-0.000,0.000,0.000,0.907,-0.371,7.045,111.735,-115.206
-0.001,-0.000,0.001,0.000,0.907,-0.371,7.064,111.723,-115.244
-0.000,-0.000,0.000,0.000,0.907,-0.372,7.096,111.717,-115.264
-0.000,-0.001,0.000,0.000,0.907,-0.372,7.132,111.716,-115.280
-0.001,0.001,-0.001,0.000,0.907,-0.372,7.130,111.727,-115.215
-0.000,-0.000,0.000,0.001,0.906,-0.372,7.096,111.740,-115.173
-0.001,-0.001,0.000,0.001,0.907,-0.371,7.104,111.736,-115.196
-0.000,-0.000,-0.001,0.001,0.907,-0.371,7.121,111.729,-115.221
-0.001,-0.000,0.000,-0.001,0.907,-0.371,7.133,111.721,-115.274
-0.001,-0.001,0.000,-0.001,0.907,-0.371,7.154,111.712,-115.322
-0.000,-0.000,-0.001,-0.000,0.907,-0.371,7.178,111.706,-115.352
0.001,-0.001,-0.001,0.000,0.907,-0.371,7.136,111.711,-115.329
-0.001,-0.000,0.000,0.000,0.907,-0.371,7.088,111.716,-115.291
-0.000,-0.000,-0.001,0.000,0.906,-0.372,7.137,111.714,-115.299
-0.000,-0.001,0.000,0.000,0.906,-0.372,7.070,111.737,-115.219
-0.000,0.001,0.000,0.000,0.906,-0.372,7.113,111.738,-115.195
-0.000,-0.000,0.001,0.000,0.906,-0.372,7.122,111.733,-115.310
0.001,-0.000,0.001,-0.000,0.908,-0.371,7.106,111.725,-115.345
-0.001,-0.001,0.000,0.000,0.906,-0.371,7.102,111.721,-115.375
-0.000,0.001,0.000,0.000,0.906,-0.371,7.101,111.719,-115.407
-0.000,-0.000,0.001,0.000,0.906,-0.372,7.129,111.723,-115.367
-0.000,-0.003,-0.001,0.000,0.906,-0.372,7.129,111.723,-115.411
-0.000,-0.000,0.001,0.000,0.906,-0.372,7.050,111.747,-115.289
-0.000,-0.001,-0.001,0.001,0.907,-0.372,7.012,111.752,-115.288
-0.000,-0.001,-0.001,0.000,0.906,-0.371,6.957,111.757,-115.276
-0.001,-0.001,-0.001,0.000,0.907,-0.371,6.937,111.752,-115.316
-0.000,-0.000,0.000,0.000,0.907,-0.371,6.952,111.741,-115.368
-0.000,0.001,-0.001,-0.000,0.907,-0.371,7.044,111.721,-115.432
0.001,-0.001,0.000,0.001,0.906,-0.371,7.107,111.710,-115.477
0.001,-0.000,0.001,0.001,0.906,-0.371,7.073,111.722,-115.433
-0.001,0.001,-0.001,0.001,0.907,-0.372,7.103,111.724,-115.394
-0.001,-0.000,-0.001,-0.001,0.906,-0.371,7.138,111.720,-115.386
-0.000,-0.001,0.000,-0.001,0.906,-0.371,7.183,111.711,-115.388
0.001,-0.000,-0.001,0.000,0.907,-0.371,7.201,111.706,-115.382
-0.000,0.001,0.001,0.000,0.907,-0.372,7.208,111.710,-115.383
-0.000,-0.001,0.000,0.000,0.907,-0.372,7.240,111.697,-115.558
-0.000,-0.000,0.000,0.001,0.907,-0.372,7.269,111.692,-115.617
-0.003,-0.000,0.001,0.001,0.907,-0.371,7.290,111.680,-115.740
-0.000,0.001,0.000,0.001,0.907,-0.371,7.280,111.678,-115.786
-0.000,-0.000,0.000,-0.000,0.906,-0.371,7.275,111.684,-115.735
-0.001,-0.000,0.001,-0.000,0.906,-0.372,7.306,111.683,-115.733
-0.000,0.001,0.000,-0.000,0.906,-0.372,7.235,111.720,-115.483
0.001,0.001,0.000,0.000,0.906,-0.372,7.223,111.736,-115.349
0.001,-0.001,0.000,0.000,0.907,-0.371,7.143,111.748,-115.296
-0.000,-0.003,-0.001,-0.000,0.907,-0.372,7.181,111.737,-115.346
-0.001,-0.000,0.000,-0.000,0.907,-0.372,7.187,111.739,-115.324
-0.001,-0.000,0.001,0.000,0.907,-0.371,7.186,111.729,-115.385
-0.001,-0.000,0.000,0.000,0.906,-0.371,7.172,111.727,-115.388
-0.000,-0.001,0.000,0.000,0.906,-0.371,7.162,111.725,-115.370
0.001,-0.000,0.001,0.000,0.907,-0.372,7.115,111.741,-115.265
-0.000,0.001,0.000,0.000,0.907,-0.371,7.087,111.741,-115.244
-0.001,-0.000,0.000,0.000,0.907,-0.371,7.119,111.729,-115.246
0.001,-0.000,0.000,-0.000,0.907,-0.372,7.110,111.736,-115.200
0.001,0.001,-0.001,-0.000,0.907,-0.372,7.155,111.724,-115.282
-0.003,0.001,-0.001,0.000,0.906,-0.372,7.168,111.721,-115.338
-0.000,-0.000,-0.001,0.000,0.906,-0.372,7.053,111.751,-115.209
-0.001,0.001,0.000,0.000,0.907,-0.371,7.019,111.753,-115.134
-0.001,0.001,0.000,-0.000,0.906,-0.372,7.021,111.749,-115.152
-0.000,0.001,-0.001,-0.000,0.906,-0.372,7.026,111.749,-115.175
-0.000,-0.000,-0.001,-0.000,0.907,-0.371,7.047,111.735,-115.252
-0.000,0.001,0.000,-0.000,0.907,-0.371,7.058,111.729,-115.229
-0.000,-0.000,-0.001,0.000,0.906,-0.372,6.988,111.733,-115.242
-0.000,-0.000,-0.001,0.000,0.906,-0.372,7.026,111.728,-115.307
-0.000,-0.000,-0.001,-0.000,0.907,-0.371,7.022,111.730,-115.322
-0.000,0.001,0.001,-0.000,0.907,-0.371,6.969,111.743,-115.247
0.001,-0.000,-0.002,0.000,0.907,-0.371,6.940,111.749,-115.186
-0.001,0.001,0.000,0.001,0.907,-0.372,6.966,111.743,-115.227
-0.000,-0.000,-0.001,0.001,0.907,-0.372,7.025,111.733,-115.319
-0.000,-0.000,-0.001,-0.000,0.907,-0.371,7.008,111.742,-115.220
0.001,-0.001,0.000,0.000,0.906,-0.371,6.974,111.748,-115.200
-0.001,0.002,0.000,0.000,0.906,-0.371,6.966,111.750,-115.188
0.002,-0.001,0.000,0.000,0.906,-0.371,6.933,111.754,-115.141
-0.001,-0.000,0.000,0.000,0.907,-0.371,7.014,111.732,-115.234
-0.001,-0.000,0.001,-0.000,0.907,-0.371,7.103,111.712,-115.321
0.002,0.001,0.000,-0.000,0.907,-0.371,7.148,111.704,-115.385
-0.000,0.001,0.001,0.000,0.907,-0.372,7.188,111.702,-115.404
0.001,-0.000,-0.001,0.000,0.907,-0.371,7.182,111.703,-115.421
0.001,0.001,-0.001,0.000,0.907,-0.371,7.165,111.709,-115.385
0.001,-0.000,-0.001,0.000,0.906,-0.371,7.150,111.714,-115.358
0.001,0.001,0.000,0.000,0.907,-0.371,7.163,111.715,-115.326
0.002,0.001,-0.001,-0.000,0.906,-0.371,7.077,111.740,-115.171
-0.000,-0.000,0.000,-0.000,0.906,-0.371,7.051,111.748,-115.118
0.002,-0.003,0.000,0.000,0.907,-0.371,7.052,111.748,-115.109
0.001,0.002,0.001,-0.001,0.907,-0.371,7.042,111.741,-115.168
-0.000,-0.000,0.001,-0.001,0.907,-0.371,7.065,111.730,-115.235
0.001,-0.000,0.000,0.001,0.906,-0.371,7.077,111.726,-115.258
-0.000,0.001,0.001,0.001,0.907,-0.371,7.110,111.718,-115.271
0.001,-0.000,0.000,0.001,0.907,-0.371,7.142,111.709,-115.302
0.001,-0.001,0.001,0.000,0.907,-0.371,7.056,111.730,-115.156
-0.000,-0.000,0.001,0.000,0.906,-0.371,7.067,111.739,-115.037
0.001,-0.001,-0.001,0.000,0.906,-0.371,7.114,111.732,-115.069
-0.000,0.001,0.000,-0.000,0.906,-0.372,7.143,111.726,-115.132
-0.000,-0.001,-0.001,0.001,0.907,-0.371,7.126,111.730,-115.120
-0.003,-0.000,0.000,0.001,0.907,-0.371,7.119,111.727,-115.141
-0.000,-0.000,0.000,0.000,0.907,-0.371,7.119,111.726,-115.157
-0.000,0.001,0.001,-0.001,0.906,-0.371,7.106,111.724,-115.233
-0.000,-0.000,0.000,-0.001,0.906,-0.371,7.094,111.723,-115.308
-0.001,0.002,0.000,0.000,0.907,-0.371,7.094,111.711,-115.420
0.001,-0.000,0.000,0.000,0.907,-0.371,7.128,111.702,-115.486
0.002,-0.000,0.000,0.000,0.907,-0.372,7.155,111.701,-115.490
-0.000,0.001,0.000,0.000,0.907,-0.372,7.261,111.686,-115.555
-0.000,-0.000,0.000,0.001,0.907,-0.371,7.252,111.687,-115.515
-0.001,-0.001,-0.001,-0.000,0.907,-0.371,7.214,111.694,-115.460
-0.001,0.001,0.001,-0.000,0.907,-0.371,7.250,111.689,-115.444
-0.000,-0.001,0.000,-0.001,0.907,-0.371,7.231,111.693,-115.410
-0.001,-0.001,0.000,-0.000,0.907,-0.372,7.193,111.706,-115.341
0.001,0.001,0.000,-0.000,0.907,-0.372,7.169,111.716,-115.293
0.002,-0.001,0.000,0.000,0.906,-0.372,7.079,111.737,-115.273
-0.000,-0.000,0.000,-0.000,0.906,-0.372,7.045,111.745,-115.279
0.002,0.001,0.000,0.001,0.907,-0.371,7.060,111.740,-115.325
0.001,-0.001,-0.001,0.001,0.907,-0.371,7.047,111.744,-115.271
-0.003,-0.000,0.000,0.000,0.907,-0.372,7.136,111.723,-115.376
0.001,-0.000,0.000,0.000,0.907,-0.370,7.194,111.708,-115.427
-0.003,0.001,0.000,0.000,0.907,-0.370,7.258,111.687,-115.481
-0.000,-0.000,0.000,-0.000,0.906,-0.371,7.273,111.690,-115.484
0.001,-0.001,0.000,-0.000,0.906,-0.371,7.284,111.691,-115.487
-0.000,-0.000,0.000,-0.000,0.906,-0.371,7.288,111.695,-115.455
-0.001,-0.001,0.000,0.000,0.907,-0.372,7.313,111.694,-115.473
0.001,-0.000,-0.001,0.000,0.907,-0.372,7.253,111.705,-115.471
-0.001,0.001,0.000,0.000,0.907,-0.372,7.179,111.720,-115.456
0.002,-0.000,-0.001,-0.000,0.907,-0.371,7.095,111.731,-115.384
-0.000,-0.000,-0.001,0.000,0.907,-0.372,7.098,111.728,-115.389
-0.001,-0.001,0.000,0.000,0.907,-0.372,7.167,111.718,-115.421
-0.001,-0.000,-0.001,0.000,0.906,-0.372,7.147,111.725,-115.397
-0.000,-0.000,-0.001,0.000,0.906,-0.372,7.151,111.725,-115.435
-0.000,0.001,0.001,0.000,0.906,-0.372,7.160,111.727,-115.449
-0.000,-0.000,0.000,0.000,0.907,-0.371,7.142,111.723,-115.491
-0.001,-0.000,0.000,0.000,0.906,-0.371,7.140,111.721,-115.531
0.001,-0.000,-0.001,0.000,0.907,-0.372,7.095,111.732,-115.482
-0.003,-0.000,0.000,0.000,0.907,-0.372,7.059,111.737,-115.509
-0.000,0.001,0.001,-0.001,0.907,-0.371,7.098,111.724,-115.528
0.001,-0.003,0.000,-0.000,0.906,-0.371,7.107,111.726,-115.472
-0.001,-0.000,0.001,-0.000,0.906,-0.371,7.142,111.722,-115.462
0.001,-0.000,0.000,0.000,0.906,-0.371,7.220,111.703,-115.527
-0.001,-0.000,-0.001,-0.000,0.907,-0.371,7.203,111.706,-115.510
-0.001,-0.000,0.001,-0.000,0.907,-0.371,7.149,111.725,-115.386
-0.001,-0.000,0.000,-0.000,0.907,-0.371,7.184,111.708,-115.422
-0.001,-0.000,-0.001,0.000,0.907,-0.372,7.183,111.704,-115.506
-0.001,-0.000,-0.001,0.001,0.907,-0.371,7.166,111.711,-115.476
0.001,-0.003,0.000,0.001,0.907,-0.371,7.107,111.721,-115.443
-0.001,-0.000,0.000,0.000,0.906,-0.371,7.070,111.729,-115.399
-0.000,0.001,0.000,0.000,0.907,-0.371,7.032,111.732,-115.422
-0.000,-0.001,-0.001,0.000,0.907,-0.371,7.014,111.736,-115.409
-0.001,-0.000,0.000,0.000,0.907,-0.371,7.033,111.728,-115.460
0.001,-0.001,-0.001,0.000,0.907,-0.371,7.003,111.736,-115.428
0.001,-0.000,0.000,0.000,0.907,-0.371,7.016,111.737,-115.413
-0.000,-0.001,0.000,0.000,0.906,-0.371,7.083,111.723,-115.469
0.001,-0.000,0.000,0.000,0.907,-0.371,7.153,111.712,-115.478
-0.001,-0.000,0.000,0.000,0.907,-0.371,7.210,111.703,-115.467
-0.003,-0.000,-0.001,0.000,0.907,-0.372,7.200,111.707,-115.500
-0.000,-0.000,-0.001,0.000,0.907,-0.371,7.169,111.720,-115.410
-0.000,-0.000,0.000,0.000,0.907,-0.371,7.134,111.723,-115.382
-0.001,-0.001,0.000,-0.000,0.906,-0.371,7.103,111.731,-115.321
-0.001,-0.000,0.000,0.000,0.906,-0.372,7.071,111.739,-115.283
-0.003,-0.000,-0.001,0.000,0.906,-0.372,7.070,111.738,-115.317
-0.000,-0.000,0.000,0.001,0.907,-0.371,7.050,111.740,-115.284
-0.000,-0.001,-0.001,0.000,0.907,-0.372,7.080,111.733,-115.323
0.001,-0.000,0.000,0.000,0.907,-0.371,7.063,111.746,-115.177
0.002,0.001,-0.001,0.000,0.907,-0.371,7.089,111.736,-115.212
-0.001,-0.000,0.000,0.000,0.906,-0.371,7.089,111.729,-115.254
-0.000,-0.000,0.000,-0.000,0.907,-0.371,7.151,111.710,-115.353
-0.000,-0.000,-0.001,-0.000,0.907,-0.371,7.195,111.698,-115.419
-0.000,-0.001,0.000,0.000,0.907,-0.371,7.160,111.706,-115.393
-0.000,-0.000,-0.001,0.000,0.907,-0.372,7.116,111.711,-115.441
-0.000,-0.000,0.000,0.000,0.907,-0.371,7.055,111.726,-115.416
-0.000,-0.001,0.000,0.000,0.907,-0.371,7.026,111.726,-115.423
-0.000,0.001,0.000,0.000,0.906,-0.371,7.060,111.724,-115.413
-0.000,-0.001,0.000,0.000,0.907,-0.371,7.024,111.737,-115.331
-0.000,-0.000,-0.001,0.000,0.907,-0.371,6.987,111.751,-115.222
-0.001,-0.000,0.000,-0.000,0.907,-0.372,6.989,111.758,-115.127
-0.000,-0.003,0.000,0.000,0.908,-0.371,7.004,111.748,-115.168
-0.001,-0.000,0.001,0.000,0.908,-0.371,7.017,111.738,-115.163
-0.000,-0.001,-0.001,0.000,0.906,-0.371,7.052,111.737,-115.152
-0.000,-0.001,0.000,0.000,0.907,-0.371,7.095,111.739,-115.061
-0.001,0.001,-0.001,0.000,0.907,-0.371,7.038,111.747,-115.011
0.001,-0.003,-0.001,0.000,0.906,-0.371,6.955,111.767,-114.901
-0.001,-0.000,-0.001,-0.001,0.907,-0.371,6.932,111.772,-114.812
-0.000,-0.001,0.000,-0.001,0.907,-0.371,6.964,111.761,-114.802
-0.000,-0.001,0.000,0.000,0.907,-0.371,7.024,111.743,-114.908
-0.000,-0.000,0.000,0.000,0.907,-0.372,7.010,111.739,-114.984
-0.000,-0.001,0.000,0.000,0.907,-0.372,7.046,111.729,-115.100
-0.000,-0.000,0.001,0.000,0.907,-0.371,7.049,111.725,-115.160
0.001,-0.000,0.000,0.000,0.907,-0.372,7.065,111.725,-115.197
0.001,-0.000,0.001,0.000,0.906,-0.371,7.080,111.730,-115.204
-0.001,0.001,0.000,0.000,0.906,-0.371,7.108,111.721,-115.227
-0.000,-0.001,0.000,0.000,0.907,-0.371,7.077,111.721,-115.239
-0.001,-0.000,0.000,0.000,0.907,-0.371,7.125,111.706,-115.306
-0.003,-0.000,0.000,0.000,0.907,-0.371,7.095,111.708,-115.279
-0.001,-0.000,0.000,-0.000,0.907,-0.371,7.046,111.716,-115.211
-0.003,-0.000,0.001,-0.000,0.907,-0.371,6.974,111.743,-114.985
-0.000,-0.001,0.000,-0.000,0.907,-0.371,7.031,111.728,-115.065
-0.001,0.001,-0.001,0.000,0.907,-0.371,7.046,111.726,-115.065
-0.003,-0.000,0.001,0.000,0.906,-0.371,7.040,111.731,-115.055
-0.001,0.001,0.001,0.000,0.907,-0.371,7.022,111.733,-115.090
-0.000,-0.000,0.001,0.000,0.907,-0.371,7.060,111.724,-115.136
-0.001,-0.000,0.001,0.000,0.906,-0.371,7.043,111.727,-115.137
-0.000,-0.000,-0.001,0.000,0.907,-0.371,7.049,111.722,-115.180
-0.001,0.001,0.000,0.000,0.907,-0.371,7.000,111.728,-115.181
-0.001,-0.001,0.001,0.000,0.907,-0.371,6.967,111.732,-115.146
0.001,-0.000,-0.001,-0.000,0.907,-0.371,7.038,111.713,-115.236
-0.000,-0.001,0.000,-0.000,0.907,-0.371,7.050,111.707,-115.284
-0.000,-0.001,0.000,-0.000,0.906,-0.371,6.996,111.722,-115.234
0.001,-0.001,-0.001,0.001,0.906,-0.372,7.069,111.715,-115.310
-0.001,-0.000,-0.002,0.001,0.906,-0.372,7.042,111.722,-115.330
-0.000,-0.000,0.000,0.001,0.907,-0.371,7.063,111.717,-115.377
-0.003,-0.000,0.000,-0.000,0.907,-0.371,7.081,111.714,-115.377
-0.000,0.001,-0.001,-0.000,0.907,-0.371,7.057,111.718,-115.345
-0.000,-0.000,0.001,-0.000,0.907,-0.372,6.998,111.736,-115.292
-0.001,0.001,0.000,0.000,0.907,-0.371,7.033,111.732,-115.289
-0.000,-0.000,-0.001,0.000,0.907,-0.371,6.953,111.749,-115.184
-0.000,0.001,0.000,0.001,0.907,-0.372,6.992,111.750,-115.194
-0.000,-0.000,0.000,0.001,0.907,-0.371,7.163,111.713,-115.380
0.001,-0.000,-0.001,-0.000,0.907,-0.371,7.183,111.702,-115.440
-0.000,-0.000,-0.001,-0.000,0.907,-0.371,7.208,111.686,-115.539
-0.000,-0.001,0.000,-0.001,0.906,-0.371,7.206,111.693,-115.530
-0.000,0.001,0.000,-0.000,0.906,-0.371,7.183,111.698,-115.567
-0.001,-0.000,0.000,-0.000,0.906,-0.371,7.128,111.712,-115.539
-0.001,-0.001,0.000,0.001,0.907,-0.371,7.133,111.706,-115.575
0.001,-0.001,-0.001,0.000,0.906,-0.372,7.150,111.709,-115.530
0.001,0.001,-0.002,0.000,0.906,-0.372,7.194,111.709,-115.526
0.001,-0.001,0.000,0.000,0.907,-0.371,7.243,111.699,-115.562
0.001,-0.001,0.000,-0.000,0.906,-0.370,7.276,111.684,-115.624
-0.000,-0.000,0.000,-0.000,0.907,-0.372,7.250,111.691,-115.597
0.001,-0.000,0.000,-0.000,0.907,-0.372,7.218,111.705,-115.534
-0.001,-0.001,0.001,0.000,0.907,-0.372,7.094,111.737,-115.381
-0.000,-0.000,0.001,0.000,0.907,-0.371,7.106,111.738,-115.340
-0.000,-0.001,0.000,0.000,0.907,-0.371,7.148,111.725,-115.400
-0.000,-0.000,-0.001,0.000,0.907,-0.371,7.178,111.704,-115.529
0.001,-0.000,-0.001,0.000,0.907,-0.371,7.195,111.689,-115.634
-0.000,-0.000,0.000,-0.000,0.907,-0.372,7.281,111.677,-115.700
-0.000,0.002,0.000,0.000,0.906,-0.371,7.295,111.681,-115.652
-0.001,0.001,-0.001,0.000,0.907,-0.372,7.218,111.699,-115.580
-0.001,0.001,0.000,0.000,0.907,-0.372,7.150,111.718,-115.505
-0.001,-0.000,0.000,-0.000,0.906,-0.371,7.124,111.731,-115.370
-0.000,-0.000,-0.001,0.000,0.907,-0.371,7.103,111.732,-115.382
0.001,-0.001,0.000,0.000,0.907,-0.371,7.134,111.719,-115.484
-0.001,0.001,-0.001,0.000,0.907,-0.371,7.145,111.715,-115.490
-0.000,-0.000,0.000,0.000,0.907,-0.371,7.122,111.717,-115.467
-0.001,0.001,0.001,0.000,0.907,-0.371,7.120,111.714,-115.470
-0.000,-0.000,0.000,0.000,0.907,-0.371,7.117,111.710,-115.475
0.001,-0.000,0.000,0.000,0.906,-0.372,7.110,111.714,-115.489
-0.001,0.001,-0.001,0.000,0.906,-0.372,7.124,111.720,-115.457
-0.001,-0.000,0.001,0.000,0.906,-0.372,7.079,111.736,-115.368
-0.001,0.001,0.000,-0.000,0.907,-0.371,7.034,111.746,-115.263
0.001,-0.000,0.000,0.000,0.907,-0.371,7.008,111.756,-115.122
-0.001,-0.000,0.000,0.000,0.907,-0.371,6.941,111.759,-115.122
-0.003,-0.001,0.001,0.000,0.906,-0.371,6.960,111.749,-115.163
-0.000,0.001,0.000,-0.000,0.907,-0.372,6.947,111.751,-115.164
-0.000,-0.000,0.000,-0.000,0.907,-0.372,6.983,111.744,-115.235
-0.001,-0.001,0.001,0.000,0.907,-0.371,6.975,111.746,-115.203
0.001,0.001,0.001,0.000,0.907,-0.372,7.048,111.738,-115.224
0.001,-0.000,-0.001,0.000,0.907,-0.372,7.116,111.722,-115.363
-0.000,-0.000,0.001,0.000,0.907,-0.372,7.175,111.709,-115.463
0.001,-0.001,0.000,0.001,0.906,-0.372,7.210,111.703,-115.532
0.002,-0.001,0.000,0.001,0.906,-0.371,7.209,111.705,-115.537
-0.001,0.001,0.000,0.001,0.906,-0.371,7.242,111.698,-115.570
0.001,0.001,-0.001,-0.000,0.907,-0.371,7.218,111.701,-115.569
-0.000,0.001,0.000,-0.000,0.907,-0.371,7.160,111.712,-115.511
-0.001,-0.001,0.000,-0.000,0.906,-0.371,7.149,111.715,-115.470
0.001,-0.001,0.001,0.000,0.907,-0.372,7.093,111.726,-115.447
-0.001,0.001,-0.001,0.000,0.906,-0.372,7.066,111.741,-115.354
0.001,-0.000,0.000,0.000,0.906,-0.372,7.061,111.750,-115.306
0.002,-0.000,-0.001,0.001,0.906,-0.372,7.015,111.770,-115.217
-0.000,-0.000,-0.001,0.000,0.907,-0.371,6.947,111.787,-115.095
-0.000,-0.000,-0.001,0.000,0.907,-0.371,6.939,111.779,-115.113
-0.003,-0.003,0.000,-0.000,0.907,-0.371,6.946,111.769,-115.115
-0.000,-0.003,0.001,-0.000,0.906,-0.371,6.968,111.759,-115.128
-0.001,-0.001,0.000,-0.000,0.906,-0.371,6.950,111.761,-115.071
-0.000,-0.000,0.001,0.000,0.907,-0.371,7.005,111.745,-115.130
-0.003,-0.000,0.000,0.000,0.906,-0.372,7.060,111.742,-115.210
0.001,-0.000,0.000,-0.000,0.906,-0.372,7.084,111.740,-115.279
-0.000,-0.000,-0.001,-0.000,0.906,-0.372,7.099,111.738,-115.339
0.001,-0.000,0.000,-0.001,0.906,-0.371,7.103,111.726,-115.418
0.002,-0.000,-0.001,-0.001,0.907,-0.371,7.141,111.713,-115.497
-0.001,-0.001,0.000,-0.001,0.907,-0.371,7.135,111.719,-115.437
0.001,-0.001,0.000,0.000,0.907,-0.372,7.104,111.724,-115.461
-0.000,-0.000,0.000,0.001,0.907,-0.371,7.108,111.722,-115.473
-0.000,-0.001,0.001,0.001,0.907,-0.371,7.094,111.712,-115.592
-0.001,-0.000,-0.001,-0.000,0.907,-0.372,7.072,111.726,-115.519
-0.001,-0.000,0.000,0.000,0.906,-0.372,7.073,111.732,-115.487
0.001,0.002,-0.001,0.000,0.906,-0.371,6.992,111.755,-115.362
-0.000,-0.000,0.001,0.000,0.906,-0.371,6.985,111.758,-115.322
-0.000,-0.000,-0.001,-0.000,0.907,-0.371,6.995,111.748,-115.357
0.001,-0.001,0.000,-0.000,0.907,-0.371,6.982,111.741,-115.419
-0.000,-0.001,-0.001,0.000,0.906,-0.371,7.010,111.731,-115.510
-0.000,-0.000,0.000,0.000,0.907,-0.371,7.025,111.729,-115.507
-0.000,-0.000,-0.001,0.000,0.907,-0.371,7.016,111.734,-115.450
-0.000,-0.001,0.000,-0.000,0.906,-0.371,7.022,111.742,-115.392
0.001,-0.001,0.000,-0.000,0.907,-0.372,7.065,111.743,-115.366
-0.000,-0.000,0.000,0.001,0.906,-0.372,7.107,111.742,-115.373
-0.000,0.002,0.000,0.001,0.906,-0.372,7.088,111.756,-115.329
-0.000,0.001,0.001,-0.000,0.907,-0.371,7.069,111.757,-115.282
-0.000,-0.001,0.000,-0.001,0.907,-0.370,6.997,111.767,-115.176
-0.000,-0.000,0.000,-0.001,0.907,-0.370,6.929,111.769,-115.112
0.001,-0.001,0.000,-0.000,0.907,-0.371,6.984,111.749,-115.164
-0.000,0.001,0.000,0.000,0.907,-0.372,6.989,111.745,-115.178
-0.000,0.001,0.000,0.000,0.906,-0.371,7.022,111.739,-115.233
-0.001,0.001,0.000,0.000,0.906,-0.371,7.059,111.733,-115.259
-0.000,0.002,0.001,-0.000,0.906,-0.371,7.091,111.724,-115.316
-0.000,-0.000,0.000,-0.000,0.906,-0.371,7.051,111.730,-115.323
0.001,0.001,-0.002,-0.000,0.906,-0.371,7.117,111.718,-115.398
-0.000,0.002,0.001,0.000,0.907,-0.371,7.143,111.711,-115.429
-0.000,-0.000,0.000,0.000,0.907,-0.371,7.146,111.708,-115.413
-0.003,0.001,0.000,0.000,0.907,-0.371,7.092,111.712,-115.394
0.001,-0.000,0.001,0.000,0.906,-0.371,7.026,111.723,-115.333
0.001,0.001,0.000,0.000,0.907,-0.371,7.024,111.715,-115.411
-0.000,-0.000,0.001,-0.000,0.907,-0.372,7.134,111.689,-115.584
-0.001,-0.000,0.000,-0.000,0.907,-0.372,7.221,111.671,-115.741
0.001,-0.000,0.000,0.000,0.907,-0.371,7.216,111.684,-115.637
-0.001,-0.000,0.000,0.000,0.907,-0.371,7.210,111.691,-115.586
0.001,-0.001,-0.001,0.000,0.907,-0.371,7.200,111.695,-115.534
-0.000,-0.001,0.000,0.000,0.907,-0.371,7.287,111.680,-115.558
0.001,0.001,-0.001,0.000,0.907,-0.371,7.273,111.683,-115.545
0.002,0.001,0.001,0.000,0.906,-0.371,7.302,111.681,-115.545
-0.003,-0.000,0.001,-0.000,0.906,-0.371,7.299,111.679,-115.568
-0.001,-0.000,-0.001,0.000,0.906,-0.371,7.291,111.684,-115.543
-0.001,-0.000,-0.001,0.000,0.906,-0.371,7.279,111.689,-115.507
0.001,-0.000,0.000,0.000,0.907,-0.372,7.275,111.693,-115.532
-0.000,0.001,-0.001,0.001,0.907,-0.372,7.262,111.702,-115.493
-0.000,-0.000,0.000,0.001,0.907,-0.372,7.213,111.707,-115.524
-0.000,0.002,0.000,0.000,0.907,-0.371,7.188,111.705,-115.509
0.002,-0.000,0.000,-0.001,0.907,-0.371,7.165,111.706,-115.477
-0.001,-0.000,0.000,-0.001,0.907,-0.371,7.175,111.703,-115.421
0.002,0.001,0.000,0.000,0.907,-0.371,7.153,111.712,-115.372
0.001,0.001,-0.001,0.000,0.907,-0.372,7.142,111.726,-115.299
-0.000,-0.000,0.001,0.000,0.906,-0.372,7.156,111.726,-115.324
-0.000,-0.000,0.000,0.000,0.906,-0.372,7.132,111.732,-115.313
0.001,-0.001,-0.001,0.000,0.907,-0.371,7.144,111.716,-115.434
-0.000,-0.001,-0.001,-0.000,0.907,-0.371,7.087,111.720,-115.426
-0.000,0.001,0.000,-0.000,0.907,-0.371,7.052,111.722,-115.408
-0.000,-0.000,-0.001,0.000,0.907,-0.371,7.068,111.713,-115.468
-0.000,-0.000,-0.001,0.000,0.906,-0.371,7.074,111.717,-115.434
-0.000,-0.003,0.000,0.000,0.906,-0.371,7.049,111.723,-115.452
-0.001,0.001,-0.001,0.000,0.907,-0.372,7.060,111.724,-115.488
0.001,-0.000,-0.001,-0.000,0.907,-0.372,7.076,111.731,-115.451
0.001,-0.000,0.000,-0.000,0.907,-0.371,7.089,111.733,-115.390
-0.001,-0.001,0.001,-0.000,0.907,-0.371,7.086,111.731,-115.362
-0.000,-0.000,0.000,-0.000,0.907,-0.371,7.101,111.724,-115.352
-0.000,-0.001,0.001,-0.000,0.907,-0.371,7.103,111.718,-115.350
-0.000,-0.000,0.000,0.000,0.907,-0.371,7.089,111.729,-115.236
-0.001,-0.000,-0.001,0.001,0.907,-0.371,7.063,111.731,-115.232
-0.001,-0.001,0.001,0.001,0.907,-0.371,7.048,111.731,-115.223
-0.000,-0.000,-0.001,0.001,0.906,-0.371,7.060,111.728,-115.236
0.001,-0.000,0.000,-0.000,0.907,-0.371,7.036,111.733,-115.228
-0.001,-0.003,0.000,-0.000,0.906,-0.372,7.032,111.743,-115.165
0.001,-0.001,0.001,-0.000,0.906,-0.372,7.018,111.754,-115.108
0.001,-0.000,-0.001,0.000,0.907,-0.371,7.024,111.749,-115.151
-0.000,-0.000,0.001,0.000,0.907,-0.371,7.046,111.742,-115.175
-0.000,-0.001,0.001,0.000,0.907,-0.371,7.072,111.735,-115.181
-0.000,-0.001,0.000,0.001,0.907,-0.370,7.127,111.711,-115.243
-0.000,-0.001,-0.001,0.000,0.906,-0.371,7.162,111.695,-115.345
0.001,0.001,0.000,0.000,0.906,-0.371,7.204,111.686,-115.425
-0.000,-0.000,0.001,-0.000,0.907,-0.372,7.164,111.703,-115.400
-0.001,0.001,0.000,-0.000,0.906,-0.372,7.138,111.719,-115.399
0.001,-0.001,0.000,0.000,0.906,-0.371,7.134,111.721,-115.424
-0.003,0.001,0.000,0.000,0.906,-0.371,7.159,111.713,-115.474
-0.001,-0.001,0.000,0.000,0.907,-0.371,7.219,111.695,-115.548
-0.000,-0.000,0.000,0.000,0.907,-0.371,7.241,111.687,-115.581
-0.001,-0.000,0.000,0.000,0.907,-0.371,7.315,111.671,-115.656
-0.000,0.001,0.000,0.000,0.907,-0.371,7.389,111.659,-115.721
-0.001,0.001,0.000,0.000,0.906,-0.372,7.379,111.667,-115.708
0.001,0.001,0.001,0.000,0.906,-0.372,7.354,111.680,-115.656
0.001,0.001,0.000,0.000,0.907,-0.372,7.324,111.694,-115.629
0.001,-0.001,0.000,0.000,0.906,-0.372,7.272,111.701,-115.658
-0.003,0.001,0.001,0.000,0.906,-0.372,7.236,111.709,-115.655
0.001,-0.000,-0.001,0.000,0.907,-0.371,7.273,111.699,-115.668
-0.001,-0.000,0.000,-0.000,0.907,-0.371,7.286,111.699,-115.615
-0.000,-0.000,0.000,-0.000,0.907,-0.371,7.304,111.692,-115.626
-0.001,-0.001,-0.001,-0.000,0.907,-0.371,7.313,111.688,-115.635
-0.001,0.001,0.000,0.000,0.907,-0.371,7.278,111.695,-115.596
-0.001,-0.001,0.001,0.000,0.907,-0.371,7.356,111.673,-115.717
-0.003,-0.000,0.000,0.000,0.907,-0.372,7.300,111.687,-115.709
-0.003,0.001,-0.001,0.000,0.907,-0.372,7.303,111.695,-115.678
0.001,0.001,-0.001,0.000,0.906,-0.372,7.240,111.712,-115.608
-0.000,-0.000,0.000,0.000,0.906,-0.372,7.235,111.717,-115.577
-0.000,-0.001,0.000,-0.000,0.907,-0.371,7.234,111.717,-115.538
-0.001,-0.001,0.000,-0.000,0.907,-0.371,7.204,111.719,-115.500
-0.003,-0.000,0.000,-0.000,0.907,-0.371,7.180,111.720,-115.474
-0.001,-0.001,0.000,0.001,0.907,-0.371,7.098,111.737,-115.345
-0.001,-0.000,-0.001,0.000,0.907,-0.371,7.183,111.719,-115.387
-0.000,-0.001,0.000,0.000,0.907,-0.371,7.132,111.731,-115.309
-0.000,-0.001,-0.001,0.000,0.907,-0.372,7.094,111.738,-115.284
-0.001,-0.000,0.000,0.000,0.907,-0.372,7.084,111.746,-115.210
-0.000,-0.000,-0.001,0.000,0.906,-0.371,7.064,111.753,-115.159
-0.000,-0.000,0.000,0.000,0.906,-0.371,7.074,111.748,-115.189
-0.003,-0.000,0.000,-0.000,0.907,-0.371,7.091,111.741,-115.225
-0.000,-0.001,-0.001,0.000,0.907,-0.371,7.148,111.714,-115.458
-0.001,0.001,-0.001,0.000,0.907,-0.371,7.209,111.698,-115.540
-0.001,-0.001,-0.001,0.000,0.907,-0.371,7.254,111.682,-115.631
-0.001,-0.000,0.000,-0.000,0.906,-0.371,7.246,111.683,-115.638
0.001,0.001,0.000,-0.000,0.906,-0.371,7.224,111.690,-115.621
-0.001,-0.000,-0.001,0.000,0.906,-0.371,7.153,111.717,-115.464
-0.000,-0.001,0.000,0.000,0.907,-0.371,7.095,111.728,-115.400
-0.001,-0.000,0.001,0.000,0.907,-0.371,7.125,111.717,-115.426
-0.001,-0.001,0.001,0.000,0.907,-0.371,7.149,111.709,-115.447
0.001,-0.001,0.000,0.000,0.907,-0.371,7.079,111.718,-115.426
-0.000,-0.000,0.000,0.000,0.907,-0.371,6.997,111.733,-115.358
-0.000,-0.000,0.000,-0.000,0.907,-0.371,6.982,111.744,-115.275
-0.001,0.001,0.000,0.000,0.906,-0.371,7.010,111.742,-115.258
-0.000,0.001,0.000,0.000,0.906,-0.371,7.035,111.739,-115.273
-0.000,-0.000,-0.002,-0.000,0.907,-0.371,7.149,111.716,-115.362
0.001,-0.001,0.001,0.000,0.907,-0.371,7.169,111.718,-115.314
-0.001,-0.001,0.001,0.000,0.907,-0.371,7.113,111.734,-115.187
0.001,0.001,0.000,0.000,0.907,-0.371,7.059,111.747,-115.072
-0.000,0.002,0.000,0.000,0.906,-0.371,7.007,111.753,-114.995
-0.001,0.002,0.000,0.000,0.906,-0.371,6.984,111.754,-114.978
-0.001,-0.000,-0.001,0.000,0.906,-0.371,7.052,111.737,-115.088
-0.003,-0.000,0.000,-0.000,0.907,-0.371,7.017,111.744,-115.060
0.002,0.001,-0.001,-0.000,0.907,-0.371,7.023,111.739,-115.122
-0.000,-0.000,0.000,-0.000,0.907,-0.371,7.062,111.728,-115.208
-0.001,0.001,-0.001,-0.000,0.906,-0.371,7.143,111.709,-115.281
-0.000,-0.000,0.001,0.000,0.907,-0.371,7.144,111.706,-115.307
-0.003,-0.000,0.000,0.000,0.908,-0.371,7.243,111.681,-115.395
-0.000,-0.000,0.000,0.000,0.908,-0.371,7.205,111.683,-115.384
0.001,-0.000,0.001,-0.000,0.906,-0.372,7.161,111.701,-115.343
-0.003,0.001,0.000,0.000,0.907,-0.370,7.147,111.699,-115.387
0.001,-0.000,-0.001,0.000,0.907,-0.370,7.132,111.690,-115.461
-0.001,-0.001,0.000,0.000,0.907,-0.371,7.090,111.695,-115.473
0.001,0.001,0.001,0.000,0.907,-0.371,7.071,111.707,-115.376
0.002,-0.000,0.000,0.000,0.907,-0.371,7.090,111.706,-115.384
-0.001,0.001,0.000,-0.000,0.907,-0.371,7.050,111.712,-115.395
-0.000,-0.001,0.000,-0.000,0.907,-0.372,7.067,111.716,-115.350
0.001,-0.001,0.000,-0.000,0.907,-0.372,7.052,111.724,-115.331
-0.000,0.001,0.000,0.000,0.907,-0.372,7.080,111.723,-115.350
-0.000,-0.000,0.000,0.000,0.907,-0.372,7.083,111.727,-115.334
0.001,0.001,0.000,0.000,0.907,-0.372,7.054,111.738,-115.269
0.001,-0.000,0.000,0.000,0.907,-0.371,7.150,111.718,-115.338
0.002,-0.000,0.000,0.000,0.907,-0.371,7.160,111.711,-115.389
0.001,-0.000,0.000,0.000,0.907,-0.372,7.158,111.709,-115.408
-0.001,-0.000,0.000,0.000,0.907,-0.372,7.184,111.707,-115.444
-0.001,0.001,0.001,-0.000,0.907,-0.371,7.182,111.702,-115.465
-0.000,-0.000,0.000,0.000,0.907,-0.371,7.173,111.702,-115.439
-0.000,-0.000,-0.002,0.000,0.907,-0.371,7.108,111.708,-115.452
-0.001,-0.000,0.000,-0.000,0.907,-0.371,7.137,111.701,-115.469
-0.000,-0.001,0.000,-0.000,0.907,-0.371,7.167,111.694,-115.512
-0.000,-0.000,0.000,-0.000,0.907,-0.371,7.151,111.701,-115.492
0.001,0.001,0.000,-0.000,0.906,-0.371,7.124,111.711,-115.438
-0.001,0.001,0.000,-0.001,0.907,-0.371,7.113,111.718,-115.396
0.001,0.001,-0.002,-0.000,0.907,-0.371,7.098,111.723,-115.360
0.001,-0.001,0.000,-0.000,0.907,-0.371,7.077,111.729,-115.317
-0.001,-0.000,-0.001,0.000,0.906,-0.372,7.012,111.744,-115.306
-0.000,-0.000,0.000,0.000,0.907,-0.371,7.048,111.732,-115.389
-0.001,0.001,0.000,0.000,0.907,-0.371,7.037,111.732,-115.362
-0.000,-0.000,0.000,0.000,0.907,-0.372,7.031,111.738,-115.328
-0.000,-0.001,0.000,-0.000,0.907,-0.372,7.082,111.730,-115.341
-0.000,-0.000,0.001,-0.000,0.907,-0.372,7.113,111.726,-115.344
-0.000,-0.000,0.000,0.000,0.906,-0.371,7.093,111.721,-115.435
0.001,-0.001,0.000,-0.000,0.907,-0.371,6.976,111.737,-115.428
-0.003,-0.000,0.001,-0.000,0.907,-0.371,7.025,111.725,-115.492
-0.000,-0.001,-0.001,0.000,0.907,-0.372,7.058,111.725,-115.479
-0.000,-0.001,0.000,0.000,0.907,-0.371,7.096,111.713,-115.542
-0.001,-0.001,0.000,0.000,0.907,-0.371,7.092,111.705,-115.586
-0.000,-0.000,-0.001,0.000,0.907,-0.371,7.148,111.694,-115.669
0.001,-0.000,0.000,0.000,0.907,-0.371,7.101,111.715,-115.517
-0.000,-0.000,0.001,0.000,0.907,-0.371,7.029,111.730,-115.433
-0.003,0.001,0.000,0.000,0.906,-0.372,7.012,111.740,-115.395
-0.000,-0.001,0.000,0.000,0.906,-0.371,7.022,111.745,-115.281
-0.001,-0.001,-0.001,-0.000,0.907,-0.371,7.041,111.740,-115.282
-0.000,-0.000,-0.001,-0.000,0.907,-0.371,7.056,111.739,-115.277
-0.000,0.001,0.000,-0.000,0.907,-0.371,7.087,111.731,-115.294
-0.001,-0.000,0.000,-0.000,0.907,-0.371,7.121,111.721,-115.328
-0.001,0.001,0.000,-0.000,0.907,-0.371,7.166,111.708,-115.373
0.001,-0.000,0.000,-0.000,0.907,-0.371,7.121,111.720,-115.317
0.001,-0.001,-0.001,0.000,0.907,-0.371,7.127,111.720,-115.302
-0.000,0.001,0.000,0.000,0.907,-0.371,7.128,111.718,-115.305
-0.000,-0.001,0.000,0.000,0.907,-0.371,7.090,111.725,-115.268
-0.003,-0.001,0.000,-0.000,0.907,-0.371,6.983,111.746,-115.144
0.001,-0.000,0.000,-0.000,0.907,-0.371,7.074,111.726,-115.205
0.002,0.002,0.000,-0.000,0.907,-0.371,7.083,111.720,-115.255
-0.003,-0.001,0.000,0.000,0.906,-0.371,7.078,111.721,-115.264
0.002,-0.003,0.000,0.000,0.906,-0.371,7.026,111.734,-115.185
0.001,-0.001,0.000,0.000,0.906,-0.371,6.997,111.740,-115.143
-0.000,-0.001,0.001,0.000,0.907,-0.371,7.000,111.744,-115.089
-0.000,-0.000,0.000,0.000,0.907,-0.371,7.011,111.741,-115.109
-0.001,-0.000,0.001,0.000,0.907,-0.371,7.144,111.714,-115.195
0.001,-0.000,-0.001,0.000,0.907,-0.372,7.282,111.691,-115.281
-0.000,0.001,0.000,0.000,0.907,-0.372,7.342,111.687,-115.271
-0.000,-0.003,-0.001,0.000,0.907,-0.372,7.282,111.702,-115.223
-0.001,-0.000,0.001,0.000,0.907,-0.371,7.253,111.710,-115.160
-0.001,-0.001,0.000,0.000,0.907,-0.371,7.204,111.711,-115.200
-0.001,-0.000,0.000,0.000,0.907,-0.371,7.272,111.696,-115.214
-0.000,-0.000,-0.001,-0.000,0.907,-0.371,7.276,111.683,-115.315
-0.001,0.001,0.001,0.000,0.906,-0.371,7.214,111.698,-115.241
0.001,0.001,-0.001,0.000,0.906,-0.371,7.171,111.711,-115.188
0.001,-0.001,0.000,0.000,0.907,-0.371,7.154,111.713,-115.209
0.001,0.001,-0.001,0.000,0.906,-0.371,7.169,111.713,-115.232
-0.001,-0.000,-0.001,0.000,0.907,-0.372,7.160,111.722,-115.165
-0.000,-0.001,0.000,0.000,0.907,-0.372,7.140,111.731,-115.094
-0.001,-0.001,0.000,-0.000,0.907,-0.372,7.170,111.725,-115.149
0.001,-0.001,0.000,-0.000,0.907,-0.371,7.207,111.709,-115.299
-0.001,-0.001,0.000,-0.000,0.907,-0.371,7.297,111.678,-115.525
-0.001,-0.001,0.000,0.000,0.907,-0.371,7.324,111.667,-115.644
0.002,-0.000,0.001,-0.000,0.907,-0.372,7.293,111.666,-115.781
-0.001,-0.001,0.000,-0.000,0.907,-0.372,7.290,111.674,-115.768
-0.000,0.002,-0.001,0.000,0.906,-0.371,7.190,111.710,-115.533
0.001,-0.001,0.000,0.000,0.907,-0.371,7.179,111.719,-115.427
0.002,-0.000,0.000,0.000,0.907,-0.372,7.187,111.714,-115.468
-0.000,-0.000,0.000,0.000,0.907,-0.372,7.129,111.724,-115.454
-0.000,-0.000,0.000,0.001,0.907,-0.371,7.090,111.728,-115.421
-0.001,-0.001,0.000,0.000,0.906,-0.371,7.156,111.711,-115.517
-0.001,0.001,0.000,0.000,0.906,-0.371,7.075,111.734,-115.397
0.001,-0.000,-0.001,0.000,0.907,-0.372,7.121,111.726,-115.428
0.001,0.001,0.000,0.000,0.907,-0.372,7.100,111.732,-115.384
-0.001,-0.000,0.000,-0.000,0.908,-0.371,7.010,111.744,-115.311
-0.000,-0.000,0.000,-0.000,0.907,-0.371,7.062,111.735,-115.331
-0.001,-0.000,0.000,-0.000,0.907,-0.371,7.119,111.723,-115.375
0.001,-0.000,-0.001,-0.000,0.907,-0.371,7.114,111.723,-115.381
0.001,0.001,0.000,0.000,0.907,-0.371,7.108,111.724,-115.306
-0.003,0.001,0.000,-0.000,0.906,-0.371,7.155,111.719,-115.263
-0.000,0.001,-0.001,-0.000,0.906,-0.371,7.177,111.714,-115.303
-0.001,0.002,0.000,-0.000,0.906,-0.372,7.187,111.714,-115.341
0.001,-0.001,0.000,0.000,0.907,-0.371,7.173,111.718,-115.346
-0.001,0.001,0.000,0.000,0.907,-0.371,7.242,111.699,-115.466
-0.001,0.001,0.000,0.000,0.907,-0.371,7.176,111.713,-115.362
0.001,-0.000,0.000,-0.000,0.907,-0.370,7.102,111.723,-115.250
-0.001,-0.000,0.000,0.000,0.907,-0.371,7.081,111.724,-115.200
-0.001,-0.000,-0.001,0.000,0.907,-0.371,7.061,111.727,-115.150
0.001,-0.001,-0.001,0.000,0.907,-0.371,7.097,111.721,-115.146
-0.003,-0.001,0.000,-0.000,0.907,-0.371,7.158,111.707,-115.196
-0.001,-0.000,-0.001,-0.000,0.907,-0.371,7.152,111.710,-115.168
0.001,-0.001,-0.001,0.000,0.907,-0.372,7.246,111.688,-115.314
0.001,-0.000,-0.001,0.001,0.906,-0.372,7.248,111.693,-115.316
-0.001,-0.000,0.000,0.000,0.907,-0.372,7.193,111.712,-115.278
-0.000,0.001,-0.001,0.000,0.907,-0.372,7.218,111.703,-115.390
-0.000,-0.000,-0.001,0.000,0.907,-0.371,7.229,111.700,-115.431
0.002,-0.001,0.000,-0.000,0.907,-0.370,7.178,111.705,-115.412
-0.001,-0.000,0.000,-0.000,0.907,-0.370,7.179,111.695,-115.444
-0.003,-0.000,-0.001,0.000,0.907,-0.371,7.117,111.708,-115.406
-0.001,-0.001,0.000,0.000,0.907,-0.371,7.107,111.711,-115.415
0.001,-0.000,0.001,0.000,0.907,-0.371,7.091,111.717,-115.393
0.001,0.001,0.000,0.000,0.907,-0.371,7.096,111.714,-115.388
-0.003,-0.001,0.000,0.000,0.907,-0.371,7.121,111.702,-115.423
-0.001,-0.001,0.000,0.000,0.907,-0.371,7.177,111.696,-115.465
-0.000,-0.000,-0.001,0.000,0.907,-0.371,7.134,111.711,-115.371
0.001,-0.000,-0.001,0.000,0.907,-0.371,7.122,111.723,-115.239
-0.000,-0.001,0.000,0.000,0.907,-0.371,7.084,111.730,-115.184
-0.001,0.001,-0.001,0.000,0.906,-0.372,7.108,111.728,-115.206
-0.003,0.001,0.000,0.000,0.907,-0.372,7.079,111.733,-115.213
0.002,-0.000,0.000,0.000,0.907,-0.372,7.061,111.737,-115.227
0.002,-0.000,-0.001,0.000,0.907,-0.371,7.061,111.732,-115.300
-0.000,0.002,0.000,0.000,0.907,-0.371,7.063,111.731,-115.290
-0.001,-0.000,0.000,0.000,0.907,-0.371,7.088,111.721,-115.283
-0.000,0.001,0.000,0.000,0.907,-0.371,7.146,111.703,-115.349
-0.001,-0.000,0.001,-0.001,0.907,-0.372,7.181,111.703,-115.349
0.001,-0.000,0.000,0.000,0.907,-0.371,7.190,111.705,-115.341
-0.000,-0.000,-0.001,0.000,0.907,-0.371,7.168,111.713,-115.265
0.001,0.001,-0.001,-0.000,0.907,-0.372,7.157,111.723,-115.195
0.001,-0.001,-0.001,-0.001,0.907,-0.371,7.155,111.727,-115.170
-0.000,-0.000,-0.001,-0.001,0.907,-0.371,7.151,111.724,-115.215
0.001,-0.003,-0.002,0.000,0.907,-0.371,7.166,111.713,-115.266
-0.000,0.001,0.000,0.000,0.906,-0.371,7.238,111.686,-115.454
-0.001,-0.000,0.000,-0.001,0.907,-0.372,7.213,111.698,-115.406
0.001,-0.001,0.000,-0.001,0.907,-0.372,7.160,111.714,-115.386
-0.001,-0.001,-0.001,-0.000,0.907,-0.371,7.108,111.725,-115.341
-0.001,-0.000,0.000,0.000,0.907,-0.371,7.098,111.731,-115.273
0.001,0.001,0.000,0.000,0.907,-0.371,7.095,111.736,-115.202
-0.001,-0.000,0.001,0.000,0.907,-0.371,7.098,111.728,-115.220
-0.003,-0.000,-0.001,0.000,0.907,-0.371,7.037,111.736,-115.165
0.001,-0.000,0.000,0.000,0.907,-0.372,7.008,111.741,-115.170
0.001,0.001,0.000,0.000,0.906,-0.371,6.985,111.752,-115.092
-0.001,-0.000,0.000,0.000,0.907,-0.371,7.039,111.738,-115.157
-0.000,0.001,-0.002,0.000,0.907,-0.371,7.076,111.727,-115.211
-0.000,-0.000,0.000,0.000,0.907,-0.371,7.028,111.736,-115.140
-0.001,0.001,-0.001,0.000,0.906,-0.371,7.010,111.737,-115.147
-0.000,-0.000,-0.001,0.000,0.906,-0.371,6.982,111.745,-115.099
-0.000,-0.000,-0.001,0.000,0.906,-0.371,7.005,111.738,-115.154
-0.001,-0.000,0.000,0.000,0.906,-0.371,6.946,111.742,-115.203
-0.003,-0.000,0.001,0.000,0.906,-0.371,6.999,111.728,-115.295
-0.000,-0.000,0.000,-0.000,0.907,-0.372,7.057,111.714,-115.418
-0.000,-0.000,-0.001,-0.000,0.907,-0.370,6.938,111.737,-115.259
-0.001,-0.000,0.000,-0.000,0.907,-0.372,6.913,111.737,-115.274
-0.000,-0.000,0.000,-0.000,0.907,-0.372,6.798,111.773,-115.084
-0.000,-0.001,0.001,0.000,0.906,-0.370,6.792,111.770,-115.029
-0.001,-0.001,0.000,0.000,0.906,-0.371,6.849,111.756,-115.072
-0.001,-0.003,0.000,0.000,0.906,-0.371,6.935,111.739,-115.158
-0.001,-0.001,-0.001,0.000,0.907,-0.371,6.929,111.741,-115.092
-0.001,0.001,0.000,0.000,0.907,-0.371,7.006,111.725,-115.119
-0.000,-0.000,0.001,0.000,0.907,-0.371,7.031,111.719,-115.149
-0.001,-0.001,0.000,-0.000,0.907,-0.371,7.066,111.716,-115.142
-0.003,-0.001,-0.001,0.000,0.907,-0.371,7.069,111.714,-115.152
-0.000,-0.000,0.000,0.000,0.907,-0.371,7.054,111.713,-115.151
-0.001,0.001,-0.001,0.000,0.907,-0.371,7.037,111.710,-115.162
-0.000,0.001,0.000,-0.000,0.907,-0.371,7.028,111.716,-115.169
-0.001,-0.000,0.000,0.000,0.907,-0.372,7.018,111.719,-115.216
-0.001,-0.000,0.001,0.000,0.907,-0.372,6.992,111.730,-115.187
-0.000,-0.003,0.000,-0.000,0.907,-0.371,7.004,111.727,-115.226
-0.000,-0.000,0.000,-0.000,0.907,-0.371,7.008,111.722,-115.306
0.001,-0.000,0.000,0.000,0.907,-0.371,7.061,111.709,-115.404
-0.001,-0.000,0.001,0.000,0.907,-0.371,7.154,111.683,-115.590
-0.001,-0.001,0.000,0.000,0.907,-0.370,7.112,111.692,-115.503
-0.000,-0.000,0.000,0.000,0.907,-0.370,7.064,111.699,-115.416
0.002,-0.000,0.000,-0.000,0.907,-0.371,7.014,111.711,-115.367
-0.001,-0.000,0.000,0.000,0.906,-0.372,7.031,111.712,-115.391
-0.000,0.001,-0.001,0.000,0.906,-0.372,7.035,111.720,-115.377
-0.000,-0.000,0.000,-0.000,0.906,-0.372,7.061,111.723,-115.415
-0.000,-0.001,0.000,0.000,0.906,-0.372,7.019,111.740,-115.350
0.001,-0.000,-0.001,0.000,0.906,-0.372,7.024,111.748,-115.287
-0.003,-0.001,0.000,0.000,0.907,-0.371,7.066,111.732,-115.274
0.001,0.001,0.000,0.001,0.907,-0.371,7.166,111.703,-115.371
0.001,-0.001,0.001,0.000,0.907,-0.371,7.231,111.685,-115.435
-0.000,-0.001,0.001,0.000,0.907,-0.371,7.201,111.690,-115.375
-0.000,-0.001,0.000,0.000,0.907,-0.371,7.142,111.691,-115.445
-0.000,-0.000,0.000,0.000,0.907,-0.371,7.151,111.686,-115.505
0.001,-0.000,0.000,0.000,0.907,-0.371,7.162,111.686,-115.540
-0.000,-0.001,0.000,0.000,0.906,-0.371,7.181,111.681,-115.584
-0.000,-0.000,0.000,0.000,0.907,-0.370,7.184,111.680,-115.561
-0.000,-0.000,0.000,0.000,0.907,-0.370,7.032,111.706,-115.409
-0.001,-0.000,0.000,-0.000,0.906,-0.370,6.985,111.716,-115.312
-0.001,0.001,-0.001,0.000,0.907,-0.371,6.978,111.715,-115.330
0.001,-0.000,-0.001,-0.000,0.907,-0.372,7.013,111.717,-115.285
-0.000,-0.000,-0.001,-0.000,0.907,-0.372,7.029,111.729,-115.186
-0.001,-0.001,0.001,0.000,0.907,-0.372,7.115,111.712,-115.301
-0.000,-0.001,0.000,0.000,0.907,-0.372,7.153,111.706,-115.355
-0.003,-0.001,0.003,-0.000,0.907,-0.371,7.191,111.700,-115.368
-0.001,-0.000,0.000,0.000,0.907,-0.371,7.190,111.702,-115.334
0.001,0.001,0.000,0.000,0.907,-0.371,7.267,111.687,-115.369
-0.000,-0.000,0.000,-0.000,0.906,-0.371,7.178,111.705,-115.260
-0.000,-0.000,0.000,-0.000,0.907,-0.371,7.055,111.722,-115.225
-0.003,-0.000,-0.001,-0.000,0.907,-0.371,7.054,111.715,-115.284
-0.001,-0.000,0.000,-0.000,0.907,-0.371,7.056,111.711,-115.321
0.002,-0.000,-0.001,0.000,0.907,-0.371,7.081,111.709,-115.352
-0.001,-0.000,0.000,0.000,0.907,-0.371,7.053,111.723,-115.259
-0.000,-0.000,0.000,0.000,0.907,-0.371,7.045,111.726,-115.237
-0.000,-0.000,0.000,0.000,0.907,-0.371,7.014,111.731,-115.185
-0.003,-0.001,0.000,-0.000,0.907,-0.372,7.028,111.728,-115.209
-0.000,-0.000,-0.001,-0.000,0.907,-0.372,7.077,111.723,-115.241
-0.000,-0.000,0.000,0.000,0.907,-0.372,7.127,111.716,-115.271
-0.001,0.001,-0.001,0.000,0.907,-0.372,7.115,111.724,-115.224
0.001,0.001,-0.001,0.000,0.906,-0.372,7.117,111.725,-115.248
0.001,-0.001,0.000,0.000,0.906,-0.372,7.133,111.729,-115.225
-0.001,0.001,0.001,0.000,0.907,-0.371,7.188,111.716,-115.291
0.001,0.001,-0.001,0.000,0.907,-0.371,7.212,111.710,-115.317
0.001,-0.001,0.000,0.000,0.907,-0.371,7.206,111.710,-115.313
-0.001,-0.001,0.000,-0.000,0.907,-0.371,7.200,111.711,-115.279
-0.001,-0.001,0.001,-0.000,0.906,-0.371,7.191,111.708,-115.293
0.001,-0.000,0.000,0.000,0.907,-0.371,7.216,111.700,-115.309
-0.000,0.001,0.000,0.000,0.907,-0.371,7.264,111.689,-115.358
-0.000,-0.003,-0.001,0.000,0.907,-0.371,7.232,111.686,-115.425
-0.003,0.002,-0.001,0.000,0.907,-0.371,7.170,111.689,-115.479
-0.001,-0.001,-0.001,-0.000,0.907,-0.371,7.106,111.701,-115.500
-0.000,0.001,0.000,-0.000,0.907,-0.371,7.064,111.714,-115.453
-0.000,-0.000,0.000,-0.000,0.907,-0.371,7.070,111.718,-115.399
0.002,0.001,0.000,0.000,0.907,-0.371,7.121,111.706,-115.446
-0.000,-0.001,-0.001,0.000,0.907,-0.371,7.074,111.721,-115.350
-0.000,-0.001,-0.001,0.000,0.907,-0.371,7.045,111.730,-115.313
-0.000,-0.000,0.000,0.000,0.907,-0.371,6.981,111.739,-115.220
0.001,-0.000,-0.001,-0.000,0.907,-0.371,6.975,111.741,-115.173
-0.000,-0.000,0.000,-0.000,0.907,-0.371,7.014,111.732,-115.189
0.001,-0.000,0.001,-0.000,0.907,-0.371,7.050,111.723,-115.210
0.002,-0.001,0.000,-0.000,0.908,-0.371,7.090,111.714,-115.242
0.001,-0.000,0.000,0.000,0.907,-0.372,7.094,111.713,-115.304
-0.001,-0.000,0.000,0.000,0.907,-0.372,7.094,111.715,-115.351
-0.000,-0.000,-0.001,0.000,0.906,-0.371,7.079,111.720,-115.348
0.001,-0.000,0.000,0.000,0.907,-0.371,7.044,111.727,-115.327
-0.001,0.001,-0.002,-0.000,0.907,-0.371,7.041,111.719,-115.377
-0.001,-0.000,0.000,-0.000,0.907,-0.371,6.983,111.729,-115.339
0.001,-0.000,-0.001,-0.000,0.907,-0.371,6.984,111.734,-115.314
-0.001,-0.001,0.000,-0.000,0.906,-0.371,7.060,111.717,-115.416
-0.000,0.001,0.000,-0.000,0.906,-0.371,7.132,111.707,-115.439
-0.000,-0.000,0.000,0.000,0.907,-0.371,7.195,111.694,-115.515
-0.001,-0.000,0.000,0.001,0.907,-0.371,7.199,111.691,-115.557
-0.001,-0.000,0.000,0.001,0.907,-0.371,7.157,111.700,-115.495
-0.003,-0.000,0.000,0.000,0.907,-0.371,7.152,111.707,-115.388
-0.000,-0.001,0.000,-0.000,0.907,-0.371,7.134,111.712,-115.357
-0.000,-0.003,0.000,-0.000,0.907,-0.372,7.120,111.722,-115.297
-0.000,-0.000,0.000,-0.000,0.907,-0.372,7.080,111.732,-115.272
0.001,-0.001,0.000,0.000,0.907,-0.371,7.038,111.742,-115.232
-0.000,-0.000,0.000,0.000,0.907,-0.371,6.991,111.747,-115.198
0.001,-0.001,0.001,0.000,0.907,-0.371,6.979,111.742,-115.217
-0.001,-0.000,-0.001,0.000,0.907,-0.371,6.950,111.748,-115.157
-0.000,-0.000,0.000,0.000,0.907,-0.371,6.941,111.752,-115.099
0.001,-0.001,0.000,-0.000,0.906,-0.370,7.001,111.736,-115.120
0.001,0.001,0.000,0.000,0.907,-0.371,7.054,111.720,-115.184
-0.000,0.001,0.001,0.000,0.907,-0.371,7.075,111.721,-115.132
-0.001,-0.000,0.000,0.000,0.907,-0.371,7.019,111.739,-115.030
-0.000,-0.000,-0.002,0.000,0.907,-0.372,6.993,111.745,-115.036
0.001,-0.000,0.000,-0.000,0.907,-0.372,7.037,111.739,-115.080
-0.001,0.001,0.000,-0.000,0.907,-0.372,7.045,111.743,-115.035
0.002,-0.000,0.000,0.000,0.907,-0.371,7.090,111.737,-115.023
0.001,-0.000,0.000,-0.000,0.906,-0.371,7.092,111.737,-115.027
0.001,-0.000,0.000,-0.000,0.906,-0.371,7.111,111.731,-115.080
-0.001,-0.000,-0.001,0.000,0.907,-0.371,7.138,111.728,-115.041
-0.000,0.002,0.001,0.000,0.907,-0.371,7.169,111.714,-115.099
-0.000,-0.000,-0.001,-0.000,0.907,-0.371,7.108,111.723,-115.000
0.001,-0.001,0.000,-0.000,0.907,-0.371,7.114,111.718,-115.042
-0.001,0.001,0.000,-0.000,0.906,-0.371,7.078,111.729,-115.024
0.004,-0.000,0.001,-0.000,0.907,-0.372,7.081,111.730,-115.061
-0.003,-0.001,0.000,-0.000,0.907,-0.372,7.094,111.726,-115.112
0.001,-0.000,0.001,0.000,0.906,-0.372,7.113,111.725,-115.168
-0.001,-0.000,0.000,0.000,0.907,-0.372,7.087,111.728,-115.250
0.001,-0.001,0.000,0.000,0.907,-0.372,7.025,111.743,-115.216
0.001,-0.000,0.000,-0.000,0.907,-0.371,7.005,111.747,-115.184
-0.000,-0.000,0.000,-0.000,0.907,-0.371,7.027,111.741,-115.209
0.001,-0.001,-0.002,-0.000,0.907,-0.371,7.092,111.726,-115.297
0.002,-0.000,0.001,0.000,0.907,-0.371,7.137,111.715,-115.315
-0.000,-0.001,0.000,0.000,0.907,-0.371,7.092,111.717,-115.337
-0.001,-0.003,0.000,0.000,0.907,-0.371,7.075,111.724,-115.261
0.001,-0.000,0.001,0.000,0.907,-0.371,6.999,111.745,-115.138
-0.003,0.001,0.000,-0.000,0.907,-0.371,6.975,111.750,-115.110
-0.000,0.001,-0.001,-0.000,0.907,-0.371,6.996,111.746,-115.094
0.001,-0.001,-0.001,0.000,0.907,-0.371,7.048,111.730,-115.118
-0.001,-0.003,0.000,0.000,0.907,-0.372,6.993,111.739,-115.100
-0.000,-0.001,0.000,0.000,0.907,-0.371,6.977,111.740,-115.163
-0.001,-0.004,-0.002,0.000,0.907,-0.371,6.966,111.736,-115.228
0.001,-0.001,0.000,0.000,0.907,-0.370,7.032,111.711,-115.307
0.001,-0.001,0.000,-0.000,0.907,-0.371,7.099,111.698,-115.334
-0.001,-0.000,0.000,-0.000,0.907,-0.371,7.121,111.698,-115.335
-0.000,-0.000,-0.001,0.000,0.907,-0.371,7.162,111.691,-115.336
-0.001,0.001,0.000,-0.001,0.907,-0.371,7.178,111.687,-115.334
-0.000,0.001,0.000,-0.001,0.907,-0.371,7.141,111.692,-115.302
-0.000,0.001,0.000,0.000,0.906,-0.371,7.149,111.691,-115.352
-0.003,-0.000,-0.001,0.001,0.907,-0.371,7.217,111.681,-115.413
-0.000,0.001,0.000,0.000,0.907,-0.371,7.211,111.688,-115.346
-0.000,0.001,-0.001,0.000,0.907,-0.371,7.158,111.698,-115.289
0.001,-0.000,0.000,0.000,0.907,-0.371,7.112,111.703,-115.272
0.001,0.001,-0.001,-0.000,0.907,-0.371,7.147,111.696,-115.302
-0.000,-0.000,-0.001,-0.000,0.907,-0.371,7.150,111.700,-115.273
-0.001,0.001,-0.001,0.000,0.907,-0.371,7.157,111.697,-115.288
-0.000,-0.000,0.000,0.000,0.907,-0.371,7.184,111.692,-115.304
-0.001,-0.000,0.001,0.000,0.907,-0.371,7.165,111.691,-115.340
-0.000,0.001,0.000,0.000,0.907,-0.371,7.145,111.688,-115.383
-0.000,-0.001,0.000,0.001,0.907,-0.371,7.125,111.692,-115.376
-0.001,0.001,0.000,0.001,0.907,-0.371,7.126,111.699,-115.317
0.001,0.001,0.000,-0.000,0.907,-0.371,7.077,111.713,-115.289
-0.000,-0.003,-0.001,-0.000,0.907,-0.371,7.107,111.709,-115.308
0.001,0.001,0.001,-0.000,0.907,-0.371,7.130,111.703,-115.366
0.001,-0.001,0.000,-0.000,0.907,-0.370,7.163,111.687,-115.416
-0.000,-0.000,0.000,0.000,0.906,-0.370,7.201,111.673,-115.488
-0.000,0.001,0.000,0.000,0.906,-0.370,7.228,111.666,-115.533
-0.000,-0.000,0.000,0.000,0.907,-0.370,7.174,111.681,-115.412
0.001,-0.001,0.001,-0.000,0.907,-0.371,7.134,111.691,-115.407
0.002,0.001,-0.001,0.000,0.907,-0.371,7.044,111.717,-115.294
-0.000,-0.001,0.000,0.000,0.907,-0.371,7.055,111.717,-115.289
0.001,-0.000,0.000,0.000,0.907,-0.371,7.037,111.727,-115.218
0.001,-0.000,0.000,-0.000,0.907,-0.371,6.971,111.743,-115.112
-0.001,-0.000,0.000,-0.000,0.907,-0.371,6.950,111.745,-115.074
-0.000,-0.001,-0.001,0.000,0.907,-0.371,7.020,111.726,-115.150
-0.001,-0.001,-0.001,-0.000,0.906,-0.371,7.013,111.725,-115.177
-0.001,0.001,0.000,-0.000,0.906,-0.371,7.001,111.729,-115.177
-0.003,-0.000,0.000,-0.000,0.907,-0.370,7.027,111.714,-115.200
0.002,-0.000,0.001,0.000,0.906,-0.371,7.056,111.711,-115.224
-0.003,0.001,0.001,0.000,0.906,-0.371,7.124,111.699,-115.254
-0.000,0.001,-0.001,0.000,0.906,-0.371,7.171,111.689,-115.300
-0.000,-0.000,-0.001,0.000,0.907,-0.371,7.214,111.682,-115.322
-0.003,-0.000,-0.001,-0.000,0.907,-0.371,7.177,111.696,-115.224
0.001,-0.003,0.001,-0.000,0.907,-0.371,7.150,111.702,-115.218
-0.000,0.001,0.001,0.000,0.907,-0.371,7.109,111.716,-115.147
-0.001,-0.001,0.000,0.000,0.907,-0.371,7.103,111.721,-115.089
-0.003,-0.000,0.000,0.000,0.907,-0.371,7.126,111.713,-115.133
-0.000,-0.001,0.000,-0.000,0.907,-0.372,7.122,111.714,-115.165
-0.000,-0.000,-0.001,0.001,0.907,-0.371,7.158,111.702,-115.241
-0.000,-0.001,-0.001,0.001,0.907,-0.371,7.099,111.708,-115.236
-0.003,-0.000,0.001,0.001,0.906,-0.371,7.096,111.712,-115.233
-0.001,-0.000,-0.001,0.000,0.907,-0.371,7.089,111.709,-115.305
-0.001,-0.000,0.000,0.000,0.907,-0.371,7.095,111.701,-115.414
-0.000,-0.000,0.001,-0.000,0.907,-0.371,7.148,111.691,-115.461
-0.001,-0.001,-0.001,-0.000,0.907,-0.371,7.144,111.692,-115.445
-0.001,-0.001,0.000,-0.000,0.907,-0.371,7.155,111.688,-115.446
0.001,-0.003,0.000,-0.000,0.907,-0.372,7.218,111.683,-115.516
0.002,-0.003,0.001,0.000,0.907,-0.372,7.259,111.674,-115.635
-0.000,-0.001,-0.001,-0.000,0.907,-0.371,7.283,111.677,-115.614
-0.001,-0.001,0.001,-0.000,0.907,-0.371,7.331,111.671,-115.646
-0.000,0.001,-0.001,0.000,0.906,-0.371,7.352,111.665,-115.698
-0.001,-0.000,0.000,0.000,0.906,-0.371,7.306,111.676,-115.659
-0.001,-0.000,0.001,0.000,0.906,-0.371,7.266,111.691,-115.578
-0.000,-0.000,0.000,0.000,0.906,-0.371,7.250,111.691,-115.624
-0.000,-0.000,0.001,0.000,0.907,-0.371,7.247,111.691,-115.613
-0.000,-0.000,0.001,-0.000,0.907,-0.372,7.250,111.691,-115.580
-0.000,-0.000,0.000,-0.000,0.907,-0.372,7.251,111.694,-115.586
-0.000,0.001,0.000,-0.000,0.906,-0.371,7.224,111.696,-115.571
-0.000,-0.001,0.000,-0.000,0.906,-0.371,7.192,111.706,-115.489
-0.001,-0.001,0.000,-0.000,0.906,-0.371,7.199,111.708,-115.452
0.002,-0.001,0.000,-0.000,0.907,-0.371,7.197,111.705,-115.455
0.002,-0.001,0.000,-0.000,0.906,-0.371,7.200,111.702,-115.500
-0.000,0.001,0.000,-0.000,0.906,-0.371,7.236,111.697,-115.534
-0.000,0.001,-0.001,0.000,0.907,-0.371,7.292,111.683,-115.632
-0.003,-0.000,0.000,0.000,0.907,-0.371,7.233,111.700,-115.538
-0.000,-0.001,0.001,0.000,0.906,-0.371,7.207,111.710,-115.488
-0.000,-0.000,-0.001,0.000,0.907,-0.371,7.253,111.700,-115.481
-0.000,-0.000,0.000,0.000,0.906,-0.371,7.287,111.689,-115.562
-0.001,-0.000,-0.001,0.000,0.906,-0.371,7.254,111.698,-115.534
0.001,-0.004,-0.001,0.000,0.907,-0.371,7.267,111.688,-115.574
-0.000,-0.000,0.001,0.001,0.906,-0.371,7.190,111.704,-115.506
0.004,-0.001,0.000,0.001,0.906,-0.371,7.225,111.699,-115.557
0.002,-0.003,-0.001,0.000,0.906,-0.371,7.203,111.704,-115.535
-0.000,0.001,0.001,0.000,0.907,-0.371,7.219,111.704,-115.514
-0.001,-0.001,0.000,0.000,0.907,-0.372,7.225,111.705,-115.488
0.001,-0.001,0.001,0.000,0.907,-0.372,7.174,111.719,-115.412
-0.000,-0.000,-0.001,-0.000,0.907,-0.371,7.096,111.737,-115.299
-0.000,-0.001,0.000,-0.000,0.907,-0.372,7.069,111.739,-115.293
0.001,-0.000,0.000,-0.000,0.907,-0.372,7.073,111.729,-115.419
-0.000,-0.001,-0.001,-0.000,0.907,-0.371,7.056,111.726,-115.441
-0.001,-0.000,0.000,0.000,0.906,-0.372,7.096,111.722,-115.437
0.001,0.001,0.000,0.000,0.906,-0.372,7.102,111.729,-115.421
0.001,-0.000,0.000,0.000,0.907,-0.372,7.054,111.745,-115.328
0.001,-0.000,0.001,-0.000,0.907,-0.371,7.007,111.757,-115.241
-0.000,-0.000,0.000,0.000,0.908,-0.371,7.067,111.735,-115.311
-0.000,-0.000,0.000,0.000,0.908,-0.371,7.101,111.714,-115.418
0.001,0.001,0.001,-0.000,0.907,-0.371,7.109,111.718,-115.356
-0.000,0.001,-0.001,0.000,0.906,-0.371,7.184,111.704,-115.398
0.001,-0.001,0.000,0.000,0.906,-0.371,7.171,111.708,-115.383
0.001,-0.001,0.000,-0.000,0.906,-0.371,7.135,111.715,-115.349
-0.001,-0.001,0.000,0.000,0.906,-0.371,7.087,111.720,-115.346
-0.001,-0.000,0.000,0.000,0.906,-0.371,7.031,111.732,-115.298
-0.000,-0.000,-0.001,0.000,0.907,-0.371,7.100,111.715,-115.369
-0.000,0.001,0.000,-0.000,0.907,-0.371,7.149,111.707,-115.375
0.001,-0.001,0.000,-0.000,0.907,-0.371,7.171,111.703,-115.391
-0.001,-0.000,-0.001,0.000,0.907,-0.371,7.188,111.691,-115.459
-0.000,0.001,-0.001,-0.000,0.907,-0.371,7.187,111.690,-115.440
0.001,-0.001,-0.002,-0.000,0.907,-0.371,7.183,111.694,-115.382
-0.000,-0.001,0.001,0.000,0.907,-0.371,7.176,111.697,-115.380
-0.001,-0.000,0.000,0.000,0.907,-0.371,7.131,111.711,-115.256
-0.000,-0.001,-0.001,0.000,0.907,-0.371,7.125,111.703,-115.306
-0.001,-0.001,-0.001,0.000,0.907,-0.371,7.178,111.687,-115.370
-0.003,-0.003,0.000,-0.000,0.907,-0.371,7.235,111.677,-115.376
-0.003,-0.000,0.000,0.000,0.907,-0.371,7.179,111.680,-115.432
-0.000,-0.000,0.001,0.000,0.907,-0.371,7.172,111.674,-115.502
-0.001,-0.000,0.001,-0.000,0.906,-0.371,7.248,111.667,-115.521
-0.000,-0.001,-0.001,-0.000,0.906,-0.371,7.252,111.676,-115.444
-0.000,0.001,0.001,-0.000,0.906,-0.371,7.327,111.660,-115.508
-0.000,0.001,0.001,0.000,0.906,-0.371,7.309,111.664,-115.486
0.002,-0.000,0.001,0.000,0.907,-0.371,7.267,111.675,-115.412
-0.000,-0.001,0.000,0.000,0.907,-0.371,7.270,111.675,-115.389
0.001,0.001,0.000,0.000,0.907,-0.371,7.186,111.702,-115.211
0.001,-0.001,0.001,0.000,0.907,-0.371,7.205,111.694,-115.217
-0.001,-0.000,0.000,-0.000,0.907,-0.371,7.259,111.679,-115.268
-0.001,0.001,0.000,-0.000,0.907,-0.371,7.323,111.663,-115.358
0.001,-0.000,0.000,-0.000,0.907,-0.371,7.326,111.659,-115.392
-0.000,-0.001,0.000,0.000,0.907,-0.371,7.250,111.678,-115.332
-0.000,-0.000,-0.001,0.000,0.907,-0.371,7.194,111.692,-115.301
-0.000,-0.000,0.000,0.000,0.907,-0.372,7.202,111.682,-115.475
-0.001,-0.000,-0.001,0.000,0.907,-0.372,7.121,111.701,-115.438
-0.001,0.001,0.000,0.000,0.907,-0.371,7.108,111.703,-115.415
-0.001,0.001,-0.001,-0.000,0.907,-0.372,7.041,111.729,-115.282
-0.001,-0.001,0.000,0.000,0.907,-0.371,7.027,111.736,-115.243
0.001,-0.000,0.000,0.000,0.907,-0.371,7.035,111.736,-115.217
0.001,0.001,-0.001,0.000,0.907,-0.371,7.059,111.725,-115.240
-0.000,-0.001,0.000,0.000,0.907,-0.371,7.056,111.722,-115.268
0.001,-0.001,0.000,0.000,0.907,-0.371,7.071,111.719,-115.282
0.001,-0.000,0.001,0.000,0.906,-0.371,6.974,111.748,-115.101
-0.000,-0.003,0.000,-0.000,0.907,-0.371,6.998,111.741,-115.148
-0.001,-0.000,0.001,-0.000,0.907,-0.371,7.000,111.736,-115.218
-0.001,-0.000,-0.001,0.000,0.907,-0.371,7.038,111.726,-115.272
0.001,0.001,-0.001,-0.000,0.907,-0.370,6.975,111.736,-115.139
0.001,-0.000,-0.001,0.000,0.907,-0.371,7.048,111.716,-115.207
-0.001,-0.000,0.001,0.000,0.907,-0.371,7.007,111.720,-115.202
-0.000,0.001,0.000,0.000,0.906,-0.371,7.017,111.719,-115.225
-0.001,0.001,0.000,0.000,0.907,-0.371,7.032,111.716,-115.253
-0.001,0.001,0.000,0.000,0.907,-0.371,7.069,111.709,-115.295
-0.001,-0.001,0.000,-0.001,0.907,-0.371,7.098,111.702,-115.328
-0.003,-0.000,-0.001,0.000,0.907,-0.371,7.122,111.693,-115.400
0.001,-0.001,-0.001,0.000,0.907,-0.371,7.106,111.696,-115.410
-0.001,-0.000,0.001,-0.000,0.907,-0.372,7.087,111.712,-115.375
0.001,-0.000,0.001,0.000,0.907,-0.371,7.159,111.698,-115.445
0.001,0.001,-0.001,0.000,0.907,-0.371,7.165,111.698,-115.442
-0.001,-0.000,0.000,0.000,0.907,-0.371,7.176,111.694,-115.455
-0.000,-0.001,0.000,0.000,0.907,-0.371,7.174,111.694,-115.465
-0.001,0.001,0.000,-0.000,0.907,-0.371,7.178,111.694,-115.447
0.001,-0.000,0.000,-0.000,0.907,-0.371,7.166,111.698,-115.410
-0.000,-0.001,0.001,-0.001,0.907,-0.371,7.154,111.703,-115.369
-0.003,-0.000,-0.001,-0.001,0.907,-0.371,7.151,111.703,-115.366
-0.001,0.001,0.000,0.000,0.907,-0.370,7.094,111.703,-115.302
0.001,-0.000,0.000,0.000,0.907,-0.371,7.113,111.704,-115.310
-0.000,-0.001,0.000,0.000,0.906,-0.371,7.131,111.706,-115.282
-0.001,-0.000,0.000,0.000,0.906,-0.371,7.131,111.704,-115.303
0.001,-0.000,0.000,0.000,0.907,-0.372,7.110,111.709,-115.322
-0.000,0.001,0.000,-0.000,0.906,-0.371,7.086,111.717,-115.310
0.002,0.001,0.000,-0.000,0.906,-0.371,7.107,111.718,-115.317
-0.000,-0.000,0.001,0.000,0.907,-0.371,7.110,111.713,-115.364
-0.000,-0.001,0.000,-0.000,0.906,-0.371,7.056,111.722,-115.353
-0.001,0.001,0.003,-0.000,0.906,-0.371,7.042,111.727,-115.325
0.001,-0.001,0.000,-0.000,0.907,-0.371,7.031,111.725,-115.359
-0.001,-0.000,0.000,-0.001,0.907,-0.370,7.080,111.710,-115.391
0.001,0.001,0.000,-0.000,0.906,-0.371,7.126,111.701,-115.384
-0.000,0.001,0.000,-0.000,0.906,-0.371,7.214,111.684,-115.428
-0.000,-0.001,0.001,0.000,0.907,-0.371,7.259,111.679,-115.431
-0.001,-0.001,0.000,0.000,0.907,-0.371,7.288,111.670,-115.485
-0.001,-0.000,0.000,0.000,0.907,-0.371,7.261,111.670,-115.529
0.001,-0.001,-0.001,-0.001,0.907,-0.371,7.234,111.678,-115.505
-0.001,-0.000,-0.001,0.001,0.907,-0.371,7.290,111.663,-115.589
-0.000,-0.000,-0.001,0.000,0.906,-0.371,7.243,111.676,-115.536
0.001,-0.001,0.000,0.000,0.906,-0.371,7.126,111.711,-115.365
-0.000,-0.001,0.000,-0.000,0.907,-0.370,7.072,111.717,-115.291
-0.000,-0.001,0.000,0.000,0.907,-0.371,7.098,111.708,-115.313
-0.000,-0.003,-0.001,0.000,0.907,-0.371,7.263,111.673,-115.480
-0.001,-0.000,0.001,-0.000,0.907,-0.370,7.331,111.652,-115.562
-0.000,-0.001,0.000,-0.000,0.907,-0.370,7.342,111.647,-115.572
-0.000,-0.000,0.000,-0.000,0.907,-0.371,7.293,111.660,-115.524
-0.000,-0.001,0.000,0.000,0.907,-0.370,7.220,111.675,-115.433
-0.000,0.001,0.001,0.000,0.907,-0.370,7.156,111.684,-115.355
-0.000,-0.000,-0.001,0.000,0.907,-0.370,7.044,111.700,-115.251
-0.000,0.001,-0.001,0.000,0.907,-0.371,7.051,111.704,-115.253
0.001,-0.001,0.000,0.000,0.907,-0.371,7.046,111.712,-115.230
-0.001,-0.001,0.000,0.000,0.907,-0.371,6.915,111.737,-115.169
-0.003,-0.001,-0.001,0.000,0.907,-0.371,6.892,111.740,-115.130
-0.001,-0.000,0.000,-0.000,0.907,-0.371,6.938,111.729,-115.148
-0.003,-0.000,0.000,-0.000,0.907,-0.371,6.987,111.719,-115.181
0.001,-0.001,0.001,-0.000,0.907,-0.371,7.012,111.713,-115.251
-0.000,-0.001,0.000,0.000,0.907,-0.371,6.995,111.720,-115.218
-0.000,-0.001,-0.001,-0.000,0.907,-0.371,7.026,111.710,-115.298
0.001,-0.000,-0.001,-0.000,0.907,-0.371,7.042,111.699,-115.418
-0.000,0.001,0.000,-0.000,0.907,-0.371,6.961,111.720,-115.345
-0.000,0.001,0.000,0.000,0.907,-0.370,6.927,111.722,-115.367
0.001,0.001,-0.001,0.000,0.907,-0.370,6.958,111.710,-115.433
-0.000,-0.000,0.001,0.000,0.907,-0.371,7.023,111.697,-115.534
-0.001,0.001,0.001,0.000,0.907,-0.371,6.965,111.709,-115.521
-0.000,-0.000,0.000,0.000,0.907,-0.371,6.997,111.704,-115.527
0.001,-0.000,0.000,0.000,0.907,-0.372,7.019,111.709,-115.536
0.001,-0.000,0.001,-0.000,0.907,-0.371,7.022,111.715,-115.490
0.001,0.001,-0.001,0.000,0.907,-0.371,7.106,111.695,-115.566
-0.000,0.001,0.001,0.000,0.907,-0.371,7.111,111.690,-115.586
-0.003,-0.000,0.001,0.000,0.907,-0.371,7.108,111.696,-115.579
-0.001,0.001,0.000,0.000,0.907,-0.370,7.092,111.699,-115.556
0.001,-0.000,0.000,0.000,0.907,-0.370,7.081,111.697,-115.535
-0.000,0.001,-0.001,-0.000,0.907,-0.371,7.063,111.698,-115.521
-0.000,0.001,0.000,-0.000,0.907,-0.371,7.071,111.698,-115.506
0.001,-0.001,-0.001,0.000,0.906,-0.371,7.083,111.702,-115.472
0.001,-0.001,0.000,0.000,0.907,-0.371,7.155,111.685,-115.573
0.001,-0.001,0.000,-0.000,0.907,-0.371,7.172,111.692,-115.476
-0.001,-0.000,0.000,-0.000,0.907,-0.371,7.167,111.698,-115.453
-0.000,-0.000,0.000,-0.000,0.907,-0.371,7.072,111.719,-115.359
-0.000,0.001,0.001,-0.000,0.907,-0.371,6.975,111.740,-115.231
0.001,-0.000,0.000,-0.000,0.907,-0.371,6.945,111.742,-115.221
-0.001,-0.001,0.000,-0.000,0.907,-0.372,6.984,111.735,-115.266
-0.000,0.001,0.000,0.000,0.907,-0.371,7.027,111.730,-115.273
-0.000,-0.001,0.001,0.000,0.907,-0.371,7.022,111.729,-115.274
-0.000,0.001,0.001,0.000,0.907,-0.371,7.029,111.723,-115.304
-0.001,-0.001,0.000,-0.000,0.907,-0.371,7.084,111.711,-115.340
-0.000,-0.000,0.000,0.000,0.907,-0.371,7.133,111.700,-115.402
-0.000,-0.001,0.000,0.000,0.907,-0.371,7.135,111.699,-115.422
-0.000,-0.000,0.001,0.000,0.907,-0.371,7.170,111.689,-115.485
0.001,-0.000,-0.001,0.000,0.907,-0.371,7.200,111.682,-115.517
-0.001,-0.001,0.001,0.000,0.907,-0.371,7.212,111.687,-115.428
-0.000,-0.000,0.000,0.000,0.907,-0.371,7.179,111.694,-115.406
-0.003,-0.000,0.001,-0.000,0.907,-0.371,7.160,111.703,-115.343
-0.000,0.001,0.000,-0.000,0.907,-0.371,7.166,111.707,-115.309
-0.000,-0.003,0.000,0.000,0.906,-0.371,7.102,111.718,-115.258
-0.001,-0.001,-0.001,0.001,0.907,-0.371,7.031,111.732,-115.154
-0.000,-0.000,0.000,0.000,0.906,-0.370,7.005,111.734,-115.103
-0.000,-0.001,0.000,0.000,0.906,-0.370,7.028,111.720,-115.163
-0.000,-0.000,0.000,-0.000,0.907,-0.371,7.131,111.699,-115.294
0.001,0.001,0.000,-0.000,0.907,-0.371,7.224,111.679,-115.446
-0.001,-0.001,0.000,0.000,0.907,-0.372,7.269,111.671,-115.543
-0.000,-0.001,0.000,-0.000,0.906,-0.371,7.249,111.680,-115.546
-0.000,-0.000,0.000,-0.000,0.906,-0.371,7.181,111.694,-115.550
-0.001,-0.000,0.001,-0.000,0.906,-0.371,7.259,111.683,-115.609
-0.000,-0.000,0.000,-0.000,0.907,-0.371,7.268,111.683,-115.611
-0.001,-0.000,0.000,0.000,0.907,-0.371,7.278,111.677,-115.631
-0.001,-0.001,0.000,0.000,0.907,-0.371,7.183,111.691,-115.612
-0.003,-0.000,0.000,0.000,0.906,-0.371,7.090,111.712,-115.530
-0.001,0.001,-0.001,-0.000,0.907,-0.371,7.007,111.732,-115.421
-0.001,-0.000,0.001,-0.000,0.907,-0.371,6.997,111.734,-115.418
-0.000,-0.000,0.000,-0.000,0.907,-0.371,7.065,111.721,-115.460
0.001,-0.003,-0.001,0.000,0.907,-0.371,7.099,111.721,-115.409
0.001,-0.000,0.001,0.000,0.907,-0.371,7.153,111.711,-115.451
-0.001,-0.000,-0.001,-0.000,0.907,-0.371,7.187,111.703,-115.454
-0.001,0.001,0.001,0.000,0.907,-0.371,7.120,111.708,-115.441
-0.000,-0.001,-0.001,-0.000,0.906,-0.371,7.104,111.702,-115.525
-0.000,0.001,0.000,-0.000,0.906,-0.371,7.084,111.706,-115.552
-0.003,-0.000,0.000,0.000,0.907,-0.371,7.121,111.701,-115.556
0.001,-0.001,0.000,0.000,0.907,-0.371,7.038,111.728,-115.389
-0.001,0.001,-0.001,0.000,0.907,-0.371,7.008,111.740,-115.305
-0.000,-0.000,-0.001,-0.000,0.906,-0.372,6.959,111.760,-115.189
0.001,-0.000,0.000,0.000,0.906,-0.371,6.960,111.763,-115.122
-0.000,-0.000,0.001,0.000,0.906,-0.371,7.108,111.727,-115.256
-0.000,-0.003,-0.001,0.000,0.906,-0.370,7.144,111.715,-115.258
0.001,-0.000,-0.001,0.000,0.907,-0.371,7.066,111.734,-115.088
-0.001,-0.000,-0.001,0.000,0.907,-0.372,7.077,111.732,-115.090
-0.001,-0.003,-0.001,0.000,0.907,-0.372,7.112,111.724,-115.180
-0.000,0.001,0.000,-0.000,0.907,-0.371,7.174,111.707,-115.294
-0.000,0.001,0.000,-0.000,0.907,-0.371,7.209,111.692,-115.395
-0.000,-0.001,0.001,0.000,0.907,-0.372,7.198,111.697,-115.422
-0.000,0.001,0.000,0.000,0.907,-0.371,7.189,111.707,-115.342
0.002,-0.001,0.000,0.000,0.907,-0.371,7.232,111.700,-115.342
-0.000,-0.000,0.000,0.000,0.907,-0.372,7.224,111.711,-115.255
-0.000,0.001,0.000,-0.000,0.907,-0.371,7.207,111.707,-115.242
0.001,0.001,0.000,0.000,0.907,-0.372,7.164,111.716,-115.185
-0.000,-0.001,0.000,0.000,0.907,-0.372,7.112,111.732,-115.093
-0.001,-0.000,0.001,-0.000,0.907,-0.371,7.120,111.723,-115.167
0.001,-0.000,0.000,0.000,0.907,-0.371,7.138,111.714,-115.212
-0.001,-0.000,-0.001,0.000,0.907,-0.371,7.212,111.687,-115.380
0.004,-0.000,0.000,0.000,0.907,-0.371,7.206,111.687,-115.411
0.001,-0.000,0.000,0.000,0.907,-0.371,7.206,111.686,-115.435
-0.001,-0.001,0.000,0.000,0.907,-0.371,7.228,111.681,-115.487
-0.003,-0.001,0.000,-0.000,0.907,-0.371,7.259,111.671,-115.533
-0.000,0.001,-0.001,-0.000,0.907,-0.371,7.235,111.678,-115.489
-0.000,-0.001,0.000,-0.000,0.907,-0.371,7.281,111.669,-115.543
-0.000,-0.001,-0.001,-0.000,0.907,-0.371,7.254,111.674,-115.597
-0.001,-0.000,0.000,0.000,0.907,-0.371,7.226,111.680,-115.522
-0.001,0.001,0.001,0.000,0.907,-0.371,7.147,111.701,-115.384
-0.000,-0.000,0.000,0.000,0.907,-0.371,7.134,111.708,-115.349
-0.000,0.001,0.001,-0.000,0.907,-0.372,7.136,111.709,-115.359
-0.000,0.001,0.000,0.000,0.907,-0.371,7.253,111.685,-115.445
-0.001,0.001,0.000,0.000,0.907,-0.371,7.258,111.676,-115.492
0.001,-0.001,0.000,-0.001,0.907,-0.370,7.346,111.646,-115.639
0.001,-0.000,0.000,0.000,0.907,-0.372,7.325,111.651,-115.647
-0.000,-0.000,0.000,0.000,0.907,-0.372,7.338,111.649,-115.742
-0.000,0.001,-0.001,0.000,0.907,-0.372,7.370,111.649,-115.800
-0.000,-0.001,-0.001,-0.000,0.907,-0.371,7.349,111.660,-115.760
-0.001,0.001,0.000,-0.000,0.907,-0.371,7.344,111.664,-115.717
-0.000,0.002,-0.002,0.000,0.907,-0.372,7.309,111.678,-115.692
-0.000,-0.000,-0.001,0.000,0.907,-0.371,7.291,111.682,-115.669
-0.001,-0.000,-0.001,0.000,0.907,-0.371,7.275,111.675,-115.727
-0.001,0.001,0.000,-0.000,0.906,-0.371,7.266,111.678,-115.726
-0.000,-0.003,-0.001,0.000,0.907,-0.371,7.224,111.698,-115.561
-0.001,-0.000,0.000,0.000,0.907,-0.370,7.218,111.704,-115.447
-0.001,-0.000,-0.001,0.000,0.907,-0.370,7.192,111.706,-115.372
0.001,0.001,0.000,-0.000,0.907,-0.371,7.214,111.700,-115.394
-0.000,-0.000,0.001,0.000,0.907,-0.371,7.263,111.688,-115.417
0.001,-0.003,-0.001,0.000,0.907,-0.371,7.269,111.684,-115.393
-0.001,-0.001,0.000,0.000,0.906,-0.371,7.254,111.690,-115.362
0.001,-0.000,-0.001,-0.000,0.907,-0.370,7.236,111.691,-115.348
-0.000,-0.000,0.000,-0.000,0.907,-0.370,7.215,111.695,-115.261
-0.000,0.001,-0.001,-0.000,0.907,-0.371,7.217,111.690,-115.289
-0.001,-0.000,0.000,0.000,0.907,-0.371,7.168,111.696,-115.306
-0.000,-0.000,0.000,0.000,0.907,-0.371,7.141,111.704,-115.292
-0.001,-0.000,0.001,0.000,0.907,-0.371,7.120,111.716,-115.218
0.001,-0.000,0.000,0.000,0.907,-0.371,7.094,111.724,-115.133
-0.000,-0.000,0.000,0.000,0.907,-0.371,7.123,111.716,-115.144
-0.000,-0.001,0.001,0.000,0.907,-0.371,7.183,111.694,-115.273
-0.001,-0.001,-0.001,-0.000,0.907,-0.371,7.218,111.685,-115.302
0.001,-0.001,0.000,0.000,0.907,-0.371,7.249,111.676,-115.354
-0.000,-0.000,-0.001,0.000,0.907,-0.371,7.223,111.681,-115.332
0.001,-0.003,0.000,-0.000,0.907,-0.372,7.190,111.692,-115.331
-0.000,-0.001,0.000,-0.000,0.907,-0.372,7.149,111.702,-115.347
0.001,-0.000,0.000,-0.000,0.907,-0.372,7.103,111.712,-115.352
-0.000,0.001,0.001,-0.000,0.907,-0.370,7.078,111.712,-115.312
-0.000,-0.000,0.000,-0.000,0.907,-0.371,7.118,111.702,-115.341
-0.000,-0.001,-0.001,-0.000,0.907,-0.371,7.169,111.693,-115.384
0.001,0.001,0.000,0.000,0.907,-0.371,7.211,111.688,-115.381
-0.001,-0.000,-0.001,-0.000,0.907,-0.371,7.212,111.693,-115.325
-0.000,-0.000,-0.001,-0.000,0.907,-0.371,7.223,111.693,-115.326
-0.000,-0.000,0.003,-0.000,0.907,-0.371,7.256,111.680,-115.426
0.001,-0.000,0.000,-0.000,0.907,-0.371,7.283,111.676,-115.447
0.001,0.001,0.000,-0.000,0.907,-0.371,7.227,111.682,-115.476
-0.001,-0.001,0.000,-0.000,0.907,-0.371,7.189,111.691,-115.452
0.002,-0.000,0.000,0.001,0.907,-0.371,7.102,111.708,-115.388
-0.000,-0.001,0.000,-0.000,0.907,-0.371,7.037,111.722,-115.298
-0.000,-0.001,0.000,-0.000,0.907,-0.371,7.134,111.697,-115.399
-0.000,-0.001,0.000,-0.000,0.907,-0.371,7.157,111.692,-115.425
0.002,-0.000,0.000,-0.000,0.907,-0.371,7.191,111.688,-115.423
0.001,-0.000,0.001,-0.000,0.907,-0.371,7.212,111.686,-115.432
-0.000,-0.000,0.001,0.000,0.907,-0.371,7.254,111.669,-115.505
-0.001,-0.001,-0.001,-0.000,0.907,-0.371,7.244,111.674,-115.508
0.001,0.002,-0.001,-0.001,0.907,-0.371,7.216,111.678,-115.514
-0.000,-0.001,0.000,-0.001,0.907,-0.371,7.232,111.669,-115.581
-0.000,-0.001,-0.002,-0.000,0.906,-0.370,7.172,111.681,-115.518
0.001,-0.000,0.000,0.000,0.907,-0.371,7.198,111.675,-115.572
-0.000,0.001,0.001,0.000,0.907,-0.371,7.243,111.672,-115.582
0.001,-0.001,0.000,-0.000,0.907,-0.371,7.243,111.679,-115.565
-0.001,-0.003,-0.001,-0.000,0.907,-0.371,7.188,111.697,-115.491
-0.001,-0.000,0.000,-0.000,0.907,-0.371,7.166,111.696,-115.458
-0.001,-0.001,0.000,-0.000,0.907,-0.371,7.159,111.696,-115.457
-0.000,-0.000,0.001,-0.000,0.907,-0.371,7.192,111.684,-115.532
-0.001,0.001,0.000,-0.000,0.907,-0.371,7.169,111.691,-115.498
-0.000,0.001,0.001,0.000,0.907,-0.371,7.193,111.689,-115.498
-0.000,-0.001,-0.001,0.000,0.906,-0.371,7.231,111.681,-115.547
-0.001,-0.001,0.001,0.000,0.906,-0.371,7.299,111.664,-115.646
-0.000,-0.000,-0.001,-0.000,0.907,-0.371,7.231,111.668,-115.705
-0.001,-0.000,0.000,0.000,0.907,-0.371,7.207,111.678,-115.669
0.001,-0.000,0.000,0.000,0.907,-0.371,7.219,111.688,-115.586
-0.000,-0.000,0.000,-0.000,0.907,-0.371,7.256,111.685,-115.586
-0.001,-0.001,0.000,-0.000,0.907,-0.370,7.312,111.671,-115.586
-0.001,-0.000,0.000,0.000,0.906,-0.371,7.261,111.680,-115.564
-0.001,-0.000,-0.001,0.000,0.906,-0.371,7.230,111.691,-115.528
0.001,-0.003,0.000,-0.000,0.907,-0.371,7.199,111.703,-115.421
0.001,-0.000,-0.001,0.000,0.907,-0.371,7.160,111.706,-115.412
0.001,-0.001,0.000,0.000,0.907,-0.371,7.152,111.705,-115.413
-0.000,-0.000,0.000,0.000,0.907,-0.371,7.176,111.696,-115.410
-0.001,-0.000,-0.001,-0.000,0.907,-0.371,7.178,111.697,-115.360
-0.003,0.001,-0.001,0.000,0.906,-0.370,7.184,111.692,-115.337
-0.000,-0.001,0.000,0.000,0.906,-0.370,7.155,111.689,-115.335
0.001,-0.000,0.000,0.000,0.907,-0.372,7.086,111.708,-115.273
-0.000,-0.000,0.000,-0.001,0.906,-0.372,7.058,111.717,-115.274
0.002,-0.001,0.001,-0.001,0.906,-0.372,7.090,111.717,-115.305
-0.001,-0.000,0.003,-0.000,0.906,-0.371,7.127,111.709,-115.377
-0.001,0.001,-0.002,-0.000,0.906,-0.371,7.181,111.696,-115.466
-0.000,-0.000,-0.001,-0.000,0.906,-0.371,7.183,111.691,-115.541
-0.001,0.001,0.000,0.000,0.907,-0.371,7.199,111.684,-115.620
-0.000,0.001,-0.001,0.000,0.907,-0.371,7.182,111.692,-115.578
-0.000,-0.000,0.000,0.000,0.907,-0.371,7.137,111.702,-115.576
-0.004,-0.000,0.000,-0.000,0.907,-0.371,7.160,111.702,-115.553
-0.001,-0.000,-0.001,-0.000,0.907,-0.371,7.126,111.705,-115.595
-0.000,-0.000,0.001,-0.000,0.907,-0.371,7.163,111.706,-115.545
-0.000,-0.000,-0.001,0.000,0.907,-0.371,7.162,111.717,-115.442
-0.001,-0.000,0.000,0.000,0.907,-0.371,7.237,111.704,-115.451
-0.000,-0.001,0.001,0.000,0.907,-0.371,7.241,111.702,-115.429
0.002,-0.001,0.000,-0.000,0.907,-0.371,7.260,111.692,-115.437
-0.000,0.001,-0.001,-0.000,0.907,-0.371,7.256,111.693,-115.403
-0.003,-0.001,0.000,-0.000,0.907,-0.371,7.139,111.721,-115.238
-0.000,0.002,-0.001,-0.000,0.907,-0.371,7.154,111.714,-115.248
0.001,-0.000,0.003,0.000,0.907,-0.371,7.156,111.712,-115.231
-0.003,-0.000,-0.001,0.000,0.907,-0.370,7.116,111.717,-115.163
0.001,-0.000,-0.001,0.000,0.907,-0.370,7.150,111.704,-115.176
-0.003,-0.000,0.000,-0.001,0.908,-0.371,7.059,111.722,-115.047
-0.003,-0.001,-0.001,-0.000,0.906,-0.371,7.099,111.712,-115.112
0.001,-0.001,0.000,-0.000,0.906,-0.371,7.084,111.716,-115.142
-0.000,-0.000,-0.001,0.000,0.907,-0.371,7.032,111.724,-115.138
0.001,-0.000,-0.001,0.000,0.907,-0.372,7.000,111.733,-115.113
0.004,-0.000,0.000,-0.000,0.907,-0.371,7.013,111.732,-115.140
0.001,-0.000,0.000,-0.000,0.907,-0.371,7.092,111.715,-115.227
0.001,-0.000,0.000,-0.001,0.907,-0.371,7.095,111.710,-115.248
-0.001,-0.003,-0.001,-0.000,0.906,-0.371,7.172,111.693,-115.344
-0.000,-0.000,0.000,-0.000,0.906,-0.371,7.128,111.709,-115.284
-0.000,-0.001,0.000,-0.000,0.907,-0.371,7.049,111.731,-115.172
-0.001,0.001,-0.001,-0.000,0.907,-0.371,7.112,111.723,-115.172
-0.000,-0.001,0.001,-0.000,0.907,-0.371,7.139,111.712,-115.210
-0.001,-0.003,0.001,-0.000,0.906,-0.371,7.129,111.711,-115.220
0.001,-0.001,0.001,0.000,0.907,-0.371,7.139,111.706,-115.233
-0.001,-0.000,-0.001,0.000,0.907,-0.371,7.131,111.706,-115.169
-0.000,-0.000,0.000,0.000,0.907,-0.371,7.146,111.701,-115.203
-0.000,-0.001,0.001,0.000,0.906,-0.371,7.166,111.693,-115.312
0.002,-0.000,-0.001,0.000,0.906,-0.371,7.159,111.692,-115.405
0.001,-0.000,-0.001,0.000,0.907,-0.370,7.090,111.693,-115.456
-0.000,-0.000,-0.001,0.000,0.906,-0.372,7.022,111.699,-115.522
0.001,0.001,0.000,0.000,0.906,-0.372,7.100,111.698,-115.517
-0.001,-0.000,0.000,0.000,0.907,-0.371,7.118,111.705,-115.419
-0.000,-0.001,0.000,-0.000,0.907,-0.371,7.092,111.715,-115.350
0.001,-0.000,0.000,0.000,0.906,-0.370,7.147,111.707,-115.329
-0.003,-0.000,0.000,0.000,0.906,-0.370,7.158,111.704,-115.283
0.002,-0.000,0.001,-0.000,0.907,-0.371,7.211,111.693,-115.277
-0.000,-0.001,0.000,0.000,0.906,-0.371,7.273,111.678,-115.362
-0.004,0.001,-0.001,0.000,0.906,-0.371,7.221,111.696,-115.296
-0.000,-0.000,-0.001,0.000,0.906,-0.371,7.181,111.704,-115.289
-0.000,-0.000,0.000,-0.000,0.907,-0.370,7.126,111.715,-115.228
-0.001,0.001,0.000,-0.000,0.907,-0.370,7.121,111.712,-115.177
-0.001,-0.000,-0.001,-0.000,0.907,-0.371,7.032,111.733,-115.093
-0.000,-0.001,-0.001,0.000,0.907,-0.371,7.028,111.731,-115.051
-0.000,-0.000,0.001,0.000,0.907,-0.371,7.046,111.725,-115.063
-0.001,0.001,-0.001,0.000,0.907,-0.371,7.043,111.726,-115.060
-0.001,0.001,-0.001,-0.000,0.907,-0.370,7.043,111.720,-115.064
-0.000,0.001,0.000,0.000,0.907,-0.371,7.055,111.715,-115.082
-0.001,0.001,0.000,0.000,0.907,-0.371,7.151,111.692,-115.232
0.002,-0.000,-0.001,0.000,0.907,-0.371,7.049,111.717,-115.109
0.001,-0.000,-0.001,0.000,0.907,-0.371,7.049,111.717,-115.085
-0.001,-0.000,0.000,-0.000,0.907,-0.372,7.090,111.709,-115.176
0.001,-0.001,0.000,0.000,0.907,-0.371,7.095,111.706,-115.232
0.001,-0.000,0.000,-0.000,0.907,-0.371,7.134,111.696,-115.276
-0.001,-0.001,0.000,-0.000,0.907,-0.371,7.152,111.692,-115.276
0.001,-0.001,0.000,-0.000,0.907,-0.371,7.152,111.696,-115.293
-0.001,0.001,0.000,0.000,0.907,-0.371,7.219,111.681,-115.374
-0.000,-0.001,0.000,0.000,0.907,-0.371,7.163,111.691,-115.333
-0.001,0.001,0.000,-0.000,0.907,-0.371,7.082,111.702,-115.298
-0.000,-0.001,-0.001,0.000,0.907,-0.371,7.095,111.701,-115.278
-0.000,0.001,0.000,0.000,0.907,-0.371,7.085,111.705,-115.237
-0.001,0.001,0.000,0.000,0.906,-0.370,7.105,111.705,-115.173
0.001,0.002,0.000,-0.000,0.906,-0.371,7.144,111.696,-115.215
-0.001,-0.000,0.000,-0.000,0.907,-0.371,7.129,111.699,-115.189
-0.001,-0.000,0.000,-0.000,0.907,-0.371,7.084,111.699,-115.237
0.001,-0.000,0.000,-0.000,0.906,-0.371,7.074,111.702,-115.220
-0.000,-0.000,0.001,0.000,0.907,-0.371,7.069,111.704,-115.211
-0.000,-0.000,-0.001,0.000,0.907,-0.371,7.086,111.700,-115.234
-0.003,-0.000,-0.001,-0.001,0.907,-0.370,7.101,111.697,-115.155
0.001,-0.001,0.000,0.000,0.906,-0.370,7.179,111.679,-115.197
-0.001,0.001,0.000,0.000,0.906,-0.370,7.121,111.699,-115.031
0.001,-0.001,0.000,-0.000,0.907,-0.371,7.139,111.696,-115.055
-0.001,-0.001,-0.001,-0.000,0.907,-0.371,7.180,111.686,-115.099
0.002,-0.001,0.001,0.000,0.907,-0.371,7.142,111.694,-115.069
-0.000,-0.000,0.000,0.000,0.907,-0.371,7.133,111.693,-115.094
-0.001,-0.001,0.000,-0.001,0.907,-0.371,7.153,111.686,-115.145
-0.001,-0.003,-0.001,-0.001,0.907,-0.371,7.183,111.680,-115.180
-0.001,0.001,-0.002,0.000,0.907,-0.371,7.172,111.676,-115.220
-0.004,-0.000,0.000,0.000,0.906,-0.371,7.187,111.669,-115.282
-0.000,-0.000,0.000,0.000,0.906,-0.371,7.204,111.667,-115.334
-0.000,-0.001,0.000,-0.001,0.906,-0.371,7.260,111.656,-115.407
0.001,0.001,0.000,-0.000,0.906,-0.370,7.206,111.671,-115.319
-0.000,-0.003,0.000,0.000,0.907,-0.372,7.176,111.683,-115.265
0.001,-0.000,0.001,0.000,0.907,-0.372,7.165,111.687,-115.320
-0.001,0.001,0.000,0.000,0.907,-0.371,7.162,111.685,-115.328
-0.000,-0.000,0.000,-0.000,0.907,-0.371,7.141,111.687,-115.322
-0.001,-0.001,-0.001,-0.000,0.907,-0.371,7.150,111.683,-115.353
-0.000,-0.000,0.001,0.000,0.907,-0.371,7.217,111.670,-115.422
-0.001,0.001,-0.001,-0.000,0.907,-0.371,7.219,111.674,-115.388
-0.000,0.001,0.000,-0.000,0.907,-0.371,7.227,111.665,-115.463
0.001,-0.000,0.000,0.000,0.907,-0.371,7.240,111.664,-115.438
-0.001,-0.000,0.001,0.000,0.906,-0.371,7.196,111.675,-115.434
-0.001,-0.000,0.000,0.001,0.906,-0.371,7.224,111.673,-115.458
-0.004,-0.001,0.000,0.001,0.906,-0.371,7.218,111.674,-115.469
-0.000,-0.000,0.000,-0.000,0.907,-0.371,7.235,111.667,-115.503
-0.000,-0.000,0.000,-0.000,0.907,-0.372,7.200,111.679,-115.464
-0.004,-0.003,0.001,-0.000,0.907,-0.372,7.134,111.694,-115.452
0.001,-0.000,0.000,0.000,0.906,-0.372,7.145,111.701,-115.455
-0.000,0.001,0.000,0.000,0.907,-0.371,7.131,111.712,-115.390
-0.000,-0.001,0.000,0.000,0.907,-0.371,7.148,111.707,-115.410
-0.001,-0.003,-0.001,-0.000,0.907,-0.371,7.092,111.716,-115.345
-0.001,0.001,0.000,0.000,0.907,-0.371,7.019,111.734,-115.243
-0.000,0.002,0.000,0.000,0.907,-0.371,6.955,111.747,-115.174
-0.001,-0.000,-0.001,0.000,0.907,-0.371,6.994,111.736,-115.238
-0.000,-0.001,-0.001,0.000,0.907,-0.371,6.989,111.735,-115.229
-0.001,-0.000,0.000,0.000,0.907,-0.371,7.106,111.703,-115.372
-0.001,-0.000,0.000,-0.000,0.907,-0.371,7.166,111.688,-115.459
-0.000,-0.001,0.000,-0.000,0.907,-0.371,7.127,111.698,-115.420
-0.000,-0.000,0.003,-0.000,0.907,-0.371,7.092,111.709,-115.372
0.001,-0.001,0.001,-0.000,0.906,-0.371,7.063,111.719,-115.325
0.002,-0.000,0.000,-0.000,0.906,-0.371,7.040,111.727,-115.319
-0.000,-0.000,0.001,-0.000,0.906,-0.372,7.153,111.704,-115.464
0.001,0.001,0.000,-0.000,0.906,-0.372,7.160,111.710,-115.460
-0.000,-0.000,0.000,-0.000,0.907,-0.371,7.201,111.701,-115.440
-0.000,-0.001,0.001,-0.000,0.907,-0.370,7.230,111.690,-115.464
0.002,-0.000,0.000,-0.000,0.907,-0.370,7.199,111.690,-115.444
-0.000,0.001,0.000,-0.000,0.907,-0.370,7.169,111.685,-115.484
0.001,-0.003,0.000,-0.001,0.907,-0.370,7.130,111.690,-115.437
-0.000,-0.000,0.000,-0.001,0.907,-0.370,7.121,111.689,-115.422
-0.001,-0.000,0.001,-0.000,0.906,-0.371,7.098,111.709,-115.275
-0.001,0.001,0.001,0.000,0.907,-0.371,7.100,111.712,-115.213
0.001,-0.001,0.000,0.000,0.907,-0.371,7.088,111.714,-115.190
-0.000,-0.000,0.000,0.000,0.907,-0.371,7.108,111.711,-115.184
-0.000,-0.003,-0.001,0.000,0.907,-0.372,7.084,111.719,-115.183
-0.000,-0.001,0.000,0.000,0.907,-0.371,7.057,111.727,-115.153
-0.000,0.001,0.000,0.000,0.907,-0.371,6.989,111.738,-115.128
0.002,-0.000,0.000,-0.000,0.907,-0.370,6.992,111.730,-115.143
-0.001,0.001,0.000,-0.000,0.907,-0.372,7.052,111.717,-115.215
-0.000,-0.000,-0.001,-0.000,0.907,-0.372,7.046,111.717,-115.299
0.001,0.001,0.000,0.000,0.907,-0.371,7.095,111.707,-115.359
-0.000,-0.001,0.000,-0.000,0.907,-0.371,7.156,111.692,-115.418
0.001,-0.001,0.000,-0.000,0.907,-0.371,7.265,111.668,-115.521
-0.000,-0.000,0.000,0.000,0.907,-0.371,7.307,111.661,-115.543
-0.003,0.001,0.001,0.000,0.907,-0.371,7.346,111.652,-115.589
-0.001,-0.001,-0.002,0.000,0.907,-0.371,7.343,111.652,-115.596
-0.000,-0.000,0.001,0.000,0.907,-0.371,7.300,111.661,-115.558
-0.001,0.001,0.000,-0.000,0.907,-0.371,7.235,111.677,-115.458
0.001,0.001,0.000,-0.000,0.907,-0.371,7.259,111.677,-115.393
-0.000,-0.003,-0.001,0.000,0.907,-0.371,7.176,111.694,-115.290
-0.000,-0.000,-0.001,0.000,0.907,-0.370,7.149,111.692,-115.305
-0.000,-0.000,0.000,0.000,0.907,-0.371,7.194,111.678,-115.394
-0.000,0.002,0.000,0.000,0.907,-0.371,7.228,111.670,-115.484
-0.000,-0.000,0.000,-0.000,0.907,-0.371,7.228,111.673,-115.474
-0.001,-0.000,0.000,0.000,0.907,-0.371,7.268,111.673,-115.445
0.001,0.001,-0.001,0.000,0.907,-0.371,7.362,111.660,-115.488
-0.001,-0.001,0.000,-0.000,0.907,-0.371,7.399,111.658,-115.458
-0.003,-0.001,0.000,-0.000,0.907,-0.371,7.386,111.660,-115.442
-0.001,0.001,-0.001,-0.000,0.907,-0.371,7.370,111.658,-115.481
0.001,0.001,0.001,0.000,0.906,-0.371,7.328,111.676,-115.419
-0.001,-0.000,0.001,-0.000,0.907,-0.371,7.340,111.668,-115.481
-0.001,0.002,0.001,-0.000,0.907,-0.371,7.317,111.669,-115.490
-0.000,-0.000,0.001,-0.000,0.907,-0.371,7.283,111.674,-115.456
-0.001,0.001,0.000,0.000,0.906,-0.372,7.232,111.693,-115.392
0.001,-0.000,0.001,0.000,0.907,-0.371,7.218,111.696,-115.399
-0.000,-0.000,-0.001,0.000,0.907,-0.371,7.201,111.694,-115.424
-0.001,-0.000,-0.001,-0.000,0.907,-0.371,7.179,111.691,-115.465
-0.000,0.001,0.000,0.000,0.908,-0.371,7.124,111.700,-115.414
-0.000,-0.001,0.000,0.000,0.907,-0.371,7.132,111.690,-115.461
0.001,-0.001,-0.001,0.000,0.907,-0.371,7.123,111.697,-115.390
0.002,-0.000,0.000,0.000,0.907,-0.371,7.102,111.706,-115.315
-0.000,-0.000,0.000,0.000,0.907,-0.371,7.100,111.701,-115.393
0.001,-0.000,0.000,-0.000,0.907,-0.371,7.069,111.705,-115.396
-0.000,-0.003,-0.001,0.000,0.907,-0.371,7.068,111.706,-115.389
0.002,-0.000,0.000,0.000,0.907,-0.371,7.100,111.700,-115.426
-0.000,-0.001,-0.001,-0.000,0.906,-0.371,7.155,111.691,-115.484
-0.000,-0.000,0.000,-0.000,0.907,-0.371,7.232,111.676,-115.574
-0.001,-0.000,0.001,-0.000,0.907,-0.371,7.242,111.677,-115.576
-0.000,-0.001,0.001,0.000,0.907,-0.371,7.220,111.683,-115.538
-0.003,0.001,0.000,0.000,0.907,-0.371,7.249,111.676,-115.526
-0.001,-0.000,0.001,0.000,0.906,-0.371,7.244,111.676,-115.526
0.001,0.001,0.000,0.000,0.906,-0.371,7.228,111.679,-115.565
-0.001,-0.000,0.001,0.000,0.907,-0.371,7.206,111.681,-115.542
0.001,-0.000,0.001,-0.000,0.907,-0.370,7.181,111.681,-115.518
-0.000,-0.001,0.000,-0.000,0.907,-0.370,7.191,111.675,-115.465
-0.000,-0.001,0.000,0.000,0.907,-0.371,7.204,111.676,-115.458
0.001,-0.001,0.000,0.000,0.907,-0.371,7.162,111.687,-115.404
-0.001,-0.001,0.000,0.000,0.906,-0.371,7.159,111.691,-115.412
-0.001,-0.000,-0.001,0.000,0.906,-0.371,7.145,111.701,-115.373
-0.003,-0.003,0.001,-0.000,0.907,-0.371,7.147,111.699,-115.367
-0.001,-0.000,-0.001,-0.000,0.907,-0.370,7.072,111.711,-115.294
0.001,-0.001,-0.001,-0.000,0.907,-0.370,6.994,111.724,-115.194
-0.000,0.001,0.001,-0.000,0.907,-0.370,6.950,111.730,-115.094
-0.000,-0.003,0.001,-0.000,0.907,-0.371,6.973,111.724,-115.072
0.001,-0.001,-0.001,-0.000,0.907,-0.371,7.035,111.704,-115.226
-0.003,-0.000,-0.001,0.000,0.907,-0.371,6.999,111.713,-115.199
-0.000,-0.000,0.001,0.000,0.908,-0.371,7.046,111.701,-115.271
-0.000,-0.001,0.000,0.000,0.908,-0.371,7.093,111.690,-115.333
-0.000,-0.000,0.000,0.000,0.906,-0.370,7.023,111.705,-115.259
-0.001,-0.000,0.000,0.000,0.907,-0.371,6.979,111.716,-115.193
-0.001,-0.000,-0.001,0.000,0.907,-0.371,6.944,111.724,-115.159
0.001,0.001,0.000,0.000,0.907,-0.371,6.936,111.723,-115.196
0.001,-0.000,-0.001,0.000,0.907,-0.371,7.075,111.698,-115.290
-0.000,-0.003,0.001,0.000,0.907,-0.371,7.136,111.692,-115.300
0.001,0.001,-0.001,-0.000,0.907,-0.371,7.167,111.693,-115.306
-0.001,0.001,0.000,-0.000,0.907,-0.371,7.160,111.696,-115.314
0.001,0.001,0.000,0.000,0.908,-0.371,7.123,111.703,-115.281
-0.000,0.001,-0.001,0.000,0.908,-0.371,7.052,111.717,-115.172
-0.001,-0.001,-0.001,0.000,0.906,-0.371,7.010,111.728,-115.105
-0.000,0.001,0.000,-0.000,0.907,-0.371,7.024,111.719,-115.171
-0.000,-0.000,-0.001,-0.000,0.907,-0.371,7.069,111.708,-115.217
-0.000,-0.000,0.001,-0.000,0.907,-0.371,7.116,111.701,-115.268
-0.003,-0.000,0.000,-0.000,0.906,-0.371,7.114,111.706,-115.255
-0.000,-0.000,0.000,-0.000,0.906,-0.371,7.115,111.708,-115.258
-0.000,0.002,0.000,0.000,0.907,-0.371,7.094,111.708,-115.235
-0.001,-0.000,-0.001,0.000,0.907,-0.371,7.106,111.702,-115.225
0.001,-0.000,-0.001,0.000,0.907,-0.371,7.075,111.705,-115.221
-0.000,-0.001,0.000,0.000,0.907,-0.371,7.038,111.708,-115.225
-0.001,-0.000,0.000,-0.000,0.907,-0.371,7.024,111.709,-115.224
0.001,0.001,-0.001,-0.000,0.907,-0.371,7.050,111.700,-115.310
-0.003,-0.001,-0.001,-0.000,0.907,-0.371,7.063,111.694,-115.393
-0.000,0.001,0.000,0.000,0.907,-0.370,7.042,111.690,-115.403
0.001,-0.000,0.000,0.000,0.907,-0.371,7.081,111.686,-115.347
0.002,-0.000,-0.001,0.000,0.907,-0.371,7.076,111.685,-115.389
-0.000,-0.001,0.000,0.000,0.907,-0.371,7.074,111.689,-115.397
-0.000,0.001,-0.001,0.000,0.907,-0.370,7.121,111.682,-115.433
-0.000,-0.000,0.001,0.000,0.907,-0.370,7.139,111.678,-115.436
-0.000,-0.000,0.000,-0.000,0.907,-0.371,7.139,111.676,-115.434
-0.000,-0.001,0.000,0.000,0.907,-0.370,7.107,111.678,-115.434
0.002,-0.000,0.000,0.000,0.907,-0.370,7.118,111.671,-115.468
-0.001,-0.001,0.000,-0.000,0.907,-0.371,7.188,111.667,-115.443
0.002,0.002,0.000,-0.000,0.906,-0.371,7.210,111.670,-115.424
-0.000,-0.000,0.000,-0.000,0.906,-0.371,7.155,111.690,-115.341
-0.000,-0.000,0.000,-0.000,0.907,-0.371,7.144,111.698,-115.308
-0.001,-0.000,0.000,0.000,0.907,-0.371,7.156,111.687,-115.453
-0.001,-0.000,0.000,0.000,0.907,-0.371,7.196,111.676,-115.516
-0.001,-0.000,-0.001,0.000,0.907,-0.371,7.192,111.670,-115.581
-0.001,0.001,-0.001,-0.000,0.906,-0.371,7.247,111.662,-115.637
-0.000,0.001,0.000,0.000,0.907,-0.371,7.243,111.662,-115.677
-0.000,-0.001,0.000,0.000,0.907,-0.371,7.161,111.679,-115.619
0.001,-0.003,0.000,-0.000,0.907,-0.371,7.116,111.688,-115.593
0.001,-0.001,0.000,-0.000,0.907,-0.371,7.129,111.684,-115.602
0.001,0.001,0.000,-0.000,0.907,-0.371,7.134,111.685,-115.574
-0.000,0.001,0.000,-0.000,0.907,-0.371,7.093,111.699,-115.453
-0.000,-0.000,0.000,-0.000,0.907,-0.370,7.175,111.678,-115.534
0.001,0.001,0.000,0.000,0.907,-0.371,7.213,111.673,-115.532
-0.000,-0.003,0.001,0.000,0.907,-0.371,7.229,111.676,-115.507
-0.000,-0.000,-0.001,-0.000,0.906,-0.371,7.222,111.682,-115.492
0.001,0.001,-0.001,-0.000,0.906,-0.371,7.294,111.662,-115.657
-0.003,-0.000,0.000,-0.000,0.906,-0.371,7.269,111.671,-115.621
0.001,-0.000,0.001,0.000,0.907,-0.371,7.221,111.685,-115.559
0.001,-0.000,0.000,0.000,0.907,-0.371,7.185,111.694,-115.534
-0.001,-0.000,0.001,0.000,0.906,-0.371,7.172,111.696,-115.523
-0.000,-0.001,0.000,0.000,0.907,-0.371,7.172,111.699,-115.496
-0.000,-0.000,0.000,0.000,0.906,-0.371,7.156,111.703,-115.461
-0.000,0.001,0.000,0.000,0.906,-0.371,7.141,111.710,-115.373
-0.000,-0.000,0.000,-0.000,0.907,-0.372,7.117,111.724,-115.324
-0.001,-0.001,0.000,0.000,0.907,-0.371,7.116,111.726,-115.326
-0.000,-0.000,0.000,0.000,0.907,-0.371,7.186,111.708,-115.400
0.002,-0.000,-0.001,-0.000,0.906,-0.371,7.238,111.692,-115.497
-0.000,-0.001,0.000,-0.000,0.906,-0.371,7.233,111.691,-115.548
0.001,-0.001,0.000,-0.000,0.906,-0.371,7.234,111.691,-115.581
-0.000,-0.001,-0.001,-0.000,0.907,-0.371,7.266,111.685,-115.561
0.001,-0.001,0.000,-0.000,0.907,-0.371,7.161,111.703,-115.484
-0.000,-0.001,0.001,0.000,0.907,-0.371,7.144,111.711,-115.368
0.001,-0.000,0.000,0.000,0.907,-0.371,7.129,111.713,-115.329
-0.000,-0.000,0.000,-0.000,0.907,-0.371,7.107,111.723,-115.235
-0.000,0.001,0.000,0.000,0.907,-0.371,7.128,111.723,-115.185
0.001,-0.000,-0.001,0.000,0.907,-0.371,7.133,111.720,-115.198
0.001,0.001,0.000,0.000,0.906,-0.371,7.164,111.714,-115.208
0.002,-0.000,0.000,-0.001,0.906,-0.371,7.113,111.723,-115.174
-0.003,-0.001,0.001,-0.001,0.906,-0.371,7.094,111.720,-115.231
-0.001,-0.000,-0.001,0.000,0.907,-0.371,7.042,111.729,-115.190
0.001,-0.000,0.001,-0.000,0.907,-0.371,7.129,111.709,-115.324
0.001,-0.001,0.001,0.000,0.907,-0.371,7.217,111.687,-115.456
-0.001,0.001,0.000,0.000,0.907,-0.371,7.187,111.690,-115.460
0.001,-0.000,-0.001,0.001,0.907,-0.371,7.184,111.686,-115.525
-0.001,-0.000,0.000,-0.000,0.906,-0.372,7.151,111.703,-115.434
0.001,-0.001,0.000,-0.000,0.906,-0.372,7.127,111.715,-115.424
0.001,-0.003,0.000,0.000,0.907,-0.371,7.120,111.718,-115.441
-0.000,-0.000,-0.001,0.000,0.907,-0.371,7.152,111.708,-115.481
0.001,0.001,0.001,-0.000,0.907,-0.371,7.105,111.722,-115.388
-0.001,0.001,0.000,0.000,0.907,-0.371,7.121,111.723,-115.325
-0.000,-0.000,-0.001,-0.000,0.907,-0.371,7.107,111.725,-115.295
0.001,-0.000,0.000,-0.000,0.907,-0.371,7.044,111.745,-115.116
-0.000,0.002,0.000,0.000,0.907,-0.371,7.060,111.738,-115.146
-0.001,-0.000,0.000,-0.000,0.907,-0.370,7.073,111.730,-115.160
-0.001,-0.000,0.000,-0.000,0.907,-0.370,7.081,111.718,-115.185
-0.001,-0.001,0.001,0.000,0.907,-0.371,7.140,111.699,-115.285
-0.000,-0.000,0.000,0.000,0.907,-0.371,7.132,111.696,-115.333
-0.000,-0.001,-0.001,0.000,0.907,-0.371,7.098,111.704,-115.314
0.001,-0.001,0.001,-0.000,0.907,-0.371,7.059,111.705,-115.319
0.001,-0.001,0.000,-0.001,0.908,-0.371,7.056,111.705,-115.287
0.001,-0.000,-0.001,-0.000,0.907,-0.371,7.052,111.708,-115.238
0.001,-0.001,0.000,-0.000,0.907,-0.371,7.057,111.709,-115.193
-0.000,-0.000,0.000,-0.001,0.907,-0.370,7.100,111.701,-115.167
-0.003,0.001,0.000,0.000,0.907,-0.371,7.067,111.707,-115.111
0.001,-0.001,0.000,0.000,0.907,-0.371,7.056,111.705,-115.115
-0.000,0.001,0.001,0.000,0.906,-0.371,7.013,111.715,-115.137
-0.000,-0.000,0.000,-0.000,0.908,-0.371,7.035,111.704,-115.233
0.001,-0.000,0.000,-0.000,0.907,-0.371,7.073,111.692,-115.278
-0.001,0.001,0.001,-0.000,0.907,-0.371,7.095,111.688,-115.282
-0.000,-0.001,0.000,-0.000,0.907,-0.371,7.120,111.681,-115.309
0.001,0.001,0.000,0.000,0.907,-0.371,7.174,111.669,-115.370
-0.001,0.001,0.001,0.000,0.907,-0.371,7.146,111.671,-115.427
-0.000,-0.001,0.000,0.000,0.907,-0.371,7.108,111.679,-115.399
-0.000,-0.001,-0.001,0.000,0.907,-0.371,7.045,111.693,-115.334
-0.000,0.001,0.000,0.000,0.907,-0.371,7.006,111.701,-115.281
-0.000,0.001,-0.001,0.000,0.907,-0.370,7.023,111.691,-115.324
-0.001,-0.000,0.000,0.000,0.907,-0.370,7.066,111.679,-115.362
-0.000,0.001,0.000,0.000,0.907,-0.371,7.042,111.693,-115.348
-0.000,-0.003,0.000,-0.000,0.906,-0.371,7.026,111.701,-115.344
0.001,-0.000,0.000,-0.000,0.907,-0.371,7.008,111.712,-115.273
-0.000,-0.001,0.000,-0.000,0.907,-0.371,7.030,111.706,-115.319
0.001,-0.003,0.000,-0.000,0.907,-0.371,7.023,111.709,-115.318
0.001,0.001,0.000,0.000,0.907,-0.371,7.065,111.701,-115.346
-0.001,-0.001,0.001,0.000,0.907,-0.371,7.086,111.692,-115.393
-0.001,-0.001,0.000,0.000,0.907,-0.371,7.141,111.685,-115.401
-0.000,-0.001,-0.001,-0.000,0.907,-0.371,7.181,111.683,-115.351
-0.000,-0.001,0.000,-0.000,0.907,-0.370,7.200,111.685,-115.256
-0.001,-0.000,-0.001,-0.000,0.907,-0.370,7.195,111.682,-115.240
-0.000,-0.000,-0.001,0.000,0.907,-0.371,7.212,111.678,-115.267
0.002,-0.000,0.000,-0.000,0.907,-0.370,7.161,111.687,-115.207
-0.003,0.001,-0.001,-0.000,0.907,-0.370,7.162,111.681,-115.201
0.001,-0.000,0.000,-0.000,0.907,-0.370,7.105,111.687,-115.173
0.001,0.001,0.000,0.000,0.907,-0.371,7.102,111.691,-115.160
0.001,-0.000,-0.001,0.000,0.907,-0.371,7.116,111.695,-115.164
-0.000,-0.001,0.000,0.000,0.906,-0.371,7.100,111.700,-115.153
0.002,0.001,0.000,-0.000,0.907,-0.371,7.135,111.697,-115.144
-0.000,0.001,-0.001,-0.001,0.908,-0.371,7.145,111.687,-115.258
-0.000,-0.000,0.000,-0.001,0.908,-0.371,7.106,111.687,-115.294
-0.000,0.001,-0.001,0.000,0.907,-0.371,7.214,111.665,-115.388
-0.000,-0.001,-0.001,-0.001,0.907,-0.371,7.218,111.665,-115.408
-0.000,-0.000,0.000,-0.001,0.907,-0.371,7.241,111.661,-115.458
-0.000,-0.000,0.000,0.000,0.907,-0.371,7.242,111.661,-115.470
0.001,-0.000,0.000,0.000,0.907,-0.371,7.201,111.664,-115.505
0.001,-0.001,0.000,0.000,0.907,-0.371,7.223,111.663,-115.502
-0.001,-0.000,-0.001,0.000,0.907,-0.371,7.228,111.667,-115.466
-0.000,-0.003,0.000,-0.000,0.907,-0.371,7.236,111.675,-115.400
-0.000,-0.001,0.000,-0.000,0.907,-0.371,7.242,111.678,-115.327
0.002,0.001,0.000,0.000,0.907,-0.371,7.226,111.680,-115.315
-0.000,0.001,0.001,0.001,0.907,-0.371,7.213,111.679,-115.332
0.001,-0.001,0.001,0.001,0.907,-0.371,7.147,111.686,-115.350
0.001,-0.000,0.000,0.000,0.906,-0.370,7.097,111.696,-115.295
-0.001,-0.001,0.000,0.000,0.907,-0.371,7.079,111.696,-115.299
-0.000,-0.000,0.000,0.000,0.907,-0.371,7.064,111.698,-115.286
-0.001,-0.000,0.000,0.000,0.907,-0.370,7.037,111.702,-115.219
0.001,-0.001,-0.001,-0.000,0.907,-0.371,7.026,111.707,-115.152
0.001,-0.000,0.000,0.000,0.907,-0.372,7.035,111.708,-115.168
0.001,0.001,0.000,0.000,0.907,-0.372,7.045,111.715,-115.151
-0.000,-0.000,0.000,-0.000,0.907,-0.371,7.059,111.713,-115.135
-0.000,-0.000,0.001,0.000,0.907,-0.370,7.187,111.680,-115.296
-0.000,-0.000,0.000,0.000,0.907,-0.370,7.227,111.671,-115.294
-0.000,-0.000,0.000,-0.001,0.907,-0.371,7.233,111.679,-115.243
-0.001,-0.000,0.000,-0.001,0.906,-0.371,7.236,111.685,-115.202
-0.000,-0.001,0.000,-0.001,0.906,-0.371,7.211,111.697,-115.147
0.001,-0.000,0.000,0.000,0.907,-0.371,7.143,111.712,-115.075
0.001,-0.000,-0.001,0.000,0.907,-0.371,7.104,111.705,-115.191
-0.001,-0.001,0.000,-0.000,0.907,-0.372,7.081,111.705,-115.270
-0.001,-0.000,-0.001,-0.000,0.907,-0.372,7.037,111.720,-115.254
-0.001,-0.001,-0.001,-0.000,0.907,-0.371,7.012,111.727,-115.187
-0.000,-0.000,0.000,-0.000,0.907,-0.371,7.040,111.722,-115.192
-0.000,-0.000,0.001,0.000,0.907,-0.371,7.076,111.703,-115.399
-0.000,-0.001,0.000,-0.000,0.907,-0.371,7.137,111.684,-115.531
-0.000,-0.001,0.001,-0.000,0.907,-0.371,7.195,111.672,-115.560
-0.000,-0.000,-0.001,0.000,0.907,-0.371,7.228,111.662,-115.623
-0.000,-0.000,0.000,0.000,0.907,-0.371,7.348,111.635,-115.772
-0.001,-0.000,0.001,0.000,0.907,-0.371,7.371,111.628,-115.864
-0.000,-0.000,0.000,0.000,0.907,-0.371,7.360,111.633,-115.882
-0.000,0.001,0.001,-0.000,0.907,-0.371,7.282,111.649,-115.811
-0.000,0.001,0.000,-0.000,0.907,-0.371,7.199,111.675,-115.680
-0.000,-0.000,-0.002,-0.000,0.907,-0.371,7.184,111.688,-115.609
-0.000,0.001,0.000,-0.000,0.907,-0.371,7.148,111.700,-115.524
0.002,-0.000,0.001,0.000,0.907,-0.371,7.166,111.700,-115.496
-0.001,-0.000,0.000,0.000,0.907,-0.371,7.175,111.703,-115.444
0.001,-0.000,-0.001,0.000,0.907,-0.371,7.183,111.702,-115.401
0.001,-0.000,0.000,0.000,0.907,-0.370,7.182,111.692,-115.394
-0.001,-0.003,0.000,-0.000,0.907,-0.371,7.130,111.703,-115.306
-0.001,-0.000,0.000,-0.000,0.907,-0.371,7.088,111.720,-115.199
0.001,-0.001,0.000,0.000,0.907,-0.372,7.104,111.719,-115.257
-0.000,-0.001,0.000,-0.000,0.907,-0.371,7.134,111.712,-115.313
0.001,-0.000,0.000,-0.000,0.907,-0.371,7.122,111.712,-115.299
-0.000,-0.000,0.001,0.000,0.906,-0.371,7.151,111.703,-115.330
-0.001,0.001,0.000,0.000,0.907,-0.371,7.119,111.709,-115.292
0.002,-0.000,0.000,0.000,0.907,-0.371,7.035,111.729,-115.190
-0.000,-0.001,0.000,-0.000,0.907,-0.371,7.090,111.709,-115.274
0.001,-0.000,-0.001,-0.000,0.907,-0.370,7.155,111.690,-115.309
-0.001,-0.000,-0.001,0.000,0.907,-0.371,7.195,111.682,-115.320
-0.001,-0.000,-0.001,0.000,0.907,-0.371,7.231,111.677,-115.380
-0.000,-0.000,0.000,-0.000,0.906,-0.371,7.257,111.675,-115.422
-0.000,-0.000,0.000,-0.000,0.906,-0.371,7.202,111.693,-115.375
-0.001,0.001,0.000,0.000,0.906,-0.372,7.212,111.697,-115.376
-0.000,0.001,0.000,0.000,0.907,-0.370,7.216,111.692,-115.405
-0.000,0.001,0.000,0.000,0.907,-0.370,7.199,111.683,-115.462
-0.001,-0.000,-0.001,0.000,0.907,-0.371,7.147,111.692,-115.486
0.002,-0.001,0.000,0.000,0.907,-0.371,7.015,111.722,-115.364
-0.001,-0.000,0.001,0.000,0.907,-0.371,7.009,111.723,-115.327
-0.000,-0.000,0.000,0.000,0.907,-0.371,7.053,111.720,-115.261
-0.000,0.001,-0.002,0.000,0.907,-0.371,7.105,111.708,-115.242
-0.003,-0.001,-0.001,0.000,0.906,-0.371,7.153,111.696,-115.300
-0.000,-0.001,-0.001,0.000,0.906,-0.371,7.173,111.694,-115.356
-0.003,0.001,-0.001,-0.000,0.907,-0.371,7.159,111.696,-115.370
-0.000,-0.000,-0.001,-0.000,0.906,-0.372,7.172,111.698,-115.385
0.001,-0.000,0.001,-0.000,0.906,-0.372,7.111,111.717,-115.353
0.002,-0.001,-0.001,0.000,0.906,-0.371,7.098,111.716,-115.424
-0.000,-0.000,-0.001,-0.000,0.906,-0.371,7.099,111.720,-115.400
-0.000,-0.000,-0.001,0.000,0.906,-0.370,7.150,111.709,-115.435
-0.003,-0.000,0.000,0.000,0.906,-0.370,7.185,111.696,-115.461
0.001,-0.000,0.000,0.000,0.907,-0.371,7.202,111.689,-115.483
-0.000,-0.000,0.000,0.000,0.907,-0.371,7.214,111.683,-115.496
-0.000,-0.001,0.000,0.000,0.907,-0.371,7.207,111.687,-115.428
-0.000,-0.001,0.000,0.000,0.907,-0.371,7.098,111.706,-115.345
-0.001,-0.000,0.000,0.000,0.907,-0.371,7.053,111.713,-115.312
-0.001,-0.001,0.000,-0.000,0.907,-0.371,7.076,111.710,-115.290
-0.001,-0.000,-0.001,-0.000,0.907,-0.371,7.066,111.711,-115.263
0.001,0.001,0.000,0.000,0.907,-0.371,7.086,111.712,-115.238
-0.001,-0.000,0.000,0.000,0.907,-0.371,7.113,111.711,-115.217
0.001,-0.000,0.000,-0.000,0.907,-0.371,7.147,111.695,-115.354
-0.000,-0.003,-0.001,-0.000,0.907,-0.371,7.100,111.701,-115.360
-0.001,-0.001,-0.001,-0.000,0.907,-0.371,7.094,111.701,-115.380
-0.000,-0.000,0.000,0.000,0.907,-0.371,7.131,111.691,-115.418
-0.001,-0.000,-0.001,0.001,0.907,-0.371,7.146,111.686,-115.443
-0.000,-0.001,-0.001,0.001,0.907,-0.371,7.194,111.671,-115.564
-0.000,0.001,0.000,-0.001,0.907,-0.370,7.084,111.692,-115.437
-0.001,-0.000,0.000,-0.001,0.907,-0.371,7.064,111.701,-115.380
-0.000,-0.001,0.000,0.000,0.907,-0.371,7.049,111.710,-115.315
-0.001,0.001,0.000,0.000,0.907,-0.371,7.014,111.716,-115.294
-0.001,0.001,0.001,0.000,0.907,-0.371,6.996,111.721,-115.267
-0.000,-0.000,0.000,0.001,0.907,-0.371,7.009,111.721,-115.237
-0.000,-0.000,-0.001,0.001,0.907,-0.371,6.988,111.734,-115.090
0.001,-0.001,-0.001,0.000,0.907,-0.371,6.999,111.729,-115.088
-0.001,-0.000,0.000,0.000,0.907,-0.371,7.059,111.711,-115.149
-0.001,-0.001,0.000,-0.000,0.907,-0.371,7.014,111.715,-115.116
-0.001,-0.000,0.000,-0.000,0.907,-0.371,7.181,111.669,-115.422
-0.001,0.001,-0.001,-0.000,0.907,-0.371,7.225,111.662,-115.493
-0.000,0.001,0.000,0.000,0.907,-0.371,7.256,111.656,-115.578
0.001,-0.000,0.000,0.000,0.907,-0.371,7.249,111.661,-115.590
-0.001,0.001,0.001,-0.000,0.907,-0.371,7.191,111.678,-115.524
0.001,0.001,0.001,0.000,0.907,-0.371,7.223,111.667,-115.636
-0.000,-0.000,0.000,0.000,0.907,-0.371,7.250,111.663,-115.670
-0.001,-0.000,0.001,0.000,0.907,-0.371,7.300,111.655,-115.701
-0.000,-0.000,0.000,0.000,0.906,-0.372,7.293,111.664,-115.689
-0.001,-0.000,0.000,0.000,0.907,-0.371,7.185,111.701,-115.557
-0.000,0.002,0.001,0.000,0.907,-0.371,7.117,111.714,-115.476
-0.001,-0.001,0.000,0.000,0.907,-0.371,7.103,111.716,-115.443
-0.003,0.001,0.001,0.000,0.907,-0.371,7.141,111.700,-115.579
-0.000,-0.000,-0.001,-0.001,0.907,-0.370,7.150,111.693,-115.574
-0.000,-0.000,0.000,-0.000,0.907,-0.370,7.147,111.690,-115.549
-0.000,-0.000,0.000,-0.000,0.907,-0.370,7.141,111.689,-115.487
-0.000,-0.001,-0.001,-0.000,0.907,-0.370,7.148,111.688,-115.437
0.001,-0.000,0.000,0.000,0.907,-0.371,7.095,111.704,-115.320
-0.001,0.001,0.000,-0.000,0.907,-0.371,7.110,111.707,-115.281
-0.000,-0.000,0.000,-0.000,0.907,-0.371,7.069,111.715,-115.268
-0.001,-0.000,0.000,-0.001,0.907,-0.371,7.005,111.734,-115.146
-0.000,-0.000,0.000,-0.000,0.907,-0.371,6.992,111.744,-115.041
0.001,-0.001,0.000,-0.000,0.907,-0.371,6.946,111.760,-114.920
-0.000,-0.001,-0.001,-0.000,0.907,-0.371,6.959,111.753,-114.918
0.001,0.002,-0.001,-0.000,0.906,-0.371,6.988,111.740,-114.984
-0.000,-0.000,0.001,-0.000,0.906,-0.371,6.980,111.732,-115.057
-0.001,-0.000,0.000,-0.000,0.907,-0.371,6.999,111.733,-115.053
-0.000,-0.000,0.001,0.001,0.907,-0.370,7.060,111.718,-115.107
-0.001,-0.000,0.000,0.000,0.907,-0.371,7.172,111.683,-115.291
-0.000,-0.001,0.001,0.000,0.907,-0.371,7.223,111.675,-115.338
0.001,0.001,0.000,0.000,0.907,-0.371,7.273,111.663,-115.427
0.001,-0.000,0.000,0.000,0.908,-0.370,7.317,111.646,-115.558
-0.003,-0.003,0.000,0.000,0.908,-0.370,7.312,111.642,-115.561
-0.000,-0.001,0.001,0.000,0.907,-0.371,7.304,111.647,-115.595
-0.000,-0.000,0.001,0.000,0.908,-0.371,7.280,111.649,-115.640
0.001,-0.001,0.001,0.000,0.908,-0.371,7.244,111.651,-115.648
0.001,-0.000,0.000,0.000,0.907,-0.371,7.213,111.667,-115.594
0.001,-0.000,-0.001,-0.000,0.907,-0.371,7.167,111.686,-115.485
0.001,-0.001,0.000,-0.000,0.907,-0.371,7.196,111.686,-115.440
-0.001,-0.000,0.001,0.000,0.907,-0.371,7.182,111.687,-115.424
-0.000,-0.003,0.000,0.000,0.907,-0.371,7.179,111.693,-115.336
-0.001,-0.001,0.001,0.000,0.907,-0.371,7.171,111.698,-115.286
-0.000,0.002,0.000,0.000,0.907,-0.371,7.179,111.699,-115.261
-0.001,0.001,-0.001,-0.000,0.907,-0.371,7.201,111.696,-115.256
-0.000,-0.000,0.000,-0.000,0.907,-0.371,7.181,111.702,-115.223
0.002,-0.000,0.000,-0.000,0.907,-0.370,7.163,111.703,-115.160
-0.001,0.002,0.000,-0.000,0.907,-0.371,7.108,111.713,-115.057
-0.000,-0.000,0.001,0.000,0.907,-0.371,7.136,111.701,-115.161
-0.001,0.002,0.000,0.000,0.907,-0.371,7.139,111.697,-115.261
0.002,-0.000,0.001,0.000,0.907,-0.371,7.098,111.697,-115.311
-0.003,-0.000,-0.001,0.000,0.907,-0.370,7.073,111.693,-115.347
-0.000,-0.000,0.000,0.000,0.907,-0.370,7.109,111.680,-115.391
-0.001,-0.000,0.000,-0.000,0.907,-0.370,7.110,111.677,-115.396
-0.000,-0.000,0.000,-0.000,0.906,-0.371,7.138,111.672,-115.431
0.001,-0.001,-0.001,-0.000,0.906,-0.371,7.158,111.671,-115.478
-0.001,0.001,0.000,-0.000,0.907,-0.370,7.143,111.676,-115.431
0.001,-0.001,-0.001,-0.000,0.907,-0.371,7.105,111.687,-115.390
0.001,-0.000,0.000,-0.000,0.907,-0.372,7.093,111.698,-115.353
-0.000,0.001,0.000,-0.000,0.907,-0.372,7.122,111.701,-115.367
-0.001,-0.000,0.000,0.000,0.907,-0.371,7.160,111.695,-115.399
-0.000,0.001,0.000,-0.000,0.907,-0.371,7.162,111.694,-115.414
-0.001,-0.001,0.001,-0.000,0.907,-0.371,7.115,111.702,-115.384
0.001,-0.000,0.000,-0.001,0.907,-0.371,7.085,111.707,-115.378
-0.000,-0.003,0.000,-0.000,0.907,-0.371,7.085,111.705,-115.409
-0.000,-0.000,0.001,-0.000,0.907,-0.371,6.998,111.724,-115.313
-0.001,0.001,0.000,0.001,0.907,-0.371,7.012,111.719,-115.329
0.002,-0.000,-0.001,-0.001,0.907,-0.371,6.996,111.720,-115.339
-0.003,-0.000,0.000,-0.001,0.907,-0.371,7.036,111.715,-115.325
0.001,-0.001,0.000,0.000,0.907,-0.370,7.107,111.696,-115.358
0.002,-0.001,0.000,0.000,0.908,-0.371,7.168,111.682,-115.412
0.001,-0.004,0.001,0.000,0.908,-0.371,7.257,111.664,-115.516
0.001,-0.001,0.000,0.000,0.907,-0.371,7.289,111.658,-115.564
0.001,0.001,0.000,0.000,0.907,-0.371,7.308,111.651,-115.633
-0.000,-0.000,0.000,0.000,0.907,-0.371,7.283,111.663,-115.539
-0.000,0.001,0.000,0.000,0.907,-0.371,7.248,111.670,-115.480
0.001,-0.000,0.000,0.000,0.907,-0.371,7.238,111.671,-115.501
-0.000,0.001,-0.001,0.000,0.907,-0.371,7.180,111.685,-115.464
0.002,-0.000,0.000,0.000,0.907,-0.371,7.123,111.697,-115.432
-0.000,0.001,0.001,-0.000,0.907,-0.372,7.133,111.694,-115.511
-0.001,-0.000,0.001,0.000,0.907,-0.371,7.193,111.685,-115.549
-0.001,-0.000,0.000,0.000,0.907,-0.371,7.171,111.695,-115.482
-0.000,-0.001,0.000,0.000,0.907,-0.371,7.162,111.698,-115.415
-0.000,-0.000,0.000,-0.000,0.907,-0.371,7.181,111.694,-115.418
-0.000,0.001,0.000,-0.000,0.907,-0.371,7.187,111.693,-115.430
-0.000,-0.001,0.000,0.000,0.907,-0.371,7.163,111.698,-115.440
-0.000,-0.000,0.000,-0.000,0.907,-0.371,7.131,111.701,-115.412
-0.000,-0.000,-0.001,-0.000,0.907,-0.371,7.160,111.690,-115.493
0.001,-0.001,0.000,-0.000,0.907,-0.371,7.158,111.695,-115.448
-0.000,0.001,0.000,0.000,0.907,-0.371,7.189,111.687,-115.475
-0.000,-0.000,0.000,0.000,0.907,-0.371,7.203,111.686,-115.460
0.001,-0.000,0.000,0.000,0.907,-0.371,7.217,111.686,-115.456
-0.003,-0.000,0.000,0.000,0.907,-0.371,7.155,111.696,-115.413
-0.000,-0.001,0.001,-0.000,0.907,-0.370,7.242,111.674,-115.499
-0.001,-0.000,-0.001,-0.000,0.907,-0.370,7.240,111.671,-115.501
-0.000,-0.001,0.001,0.000,0.907,-0.371,7.259,111.660,-115.610
-0.001,0.001,-0.001,-0.000,0.907,-0.371,7.233,111.668,-115.578
0.001,-0.000,0.000,-0.000,0.907,-0.371,7.243,111.671,-115.550
-0.001,0.002,0.001,-0.000,0.906,-0.371,7.254,111.671,-115.528
-0.003,-0.003,0.000,-0.000,0.907,-0.371,7.215,111.683,-115.469
0.001,-0.000,0.000,-0.000,0.907,-0.371,7.167,111.697,-115.409
-0.001,-0.000,0.001,-0.000,0.907,-0.371,7.061,111.715,-115.341
-0.001,-0.000,0.001,0.000,0.907,-0.371,7.084,111.707,-115.361
-0.001,-0.000,0.000,0.000,0.907,-0.371,7.082,111.707,-115.337
-0.000,-0.003,0.000,0.000,0.907,-0.371,6.984,111.725,-115.215
-0.000,0.001,0.000,-0.000,0.907,-0.371,6.918,111.740,-115.174
-0.000,0.001,0.001,-0.000,0.907,-0.371,6.891,111.749,-115.125
-0.000,-0.001,-0.001,-0.000,0.907,-0.371,6.859,111.750,-115.160
-0.001,0.001,0.000,-0.000,0.907,-0.371,6.945,111.730,-115.206
-0.000,-0.000,0.001,0.000,0.907,-0.371,7.023,111.713,-115.268
-0.000,-0.000,0.000,0.000,0.907,-0.371,7.065,111.707,-115.283
-0.001,0.001,0.001,-0.000,0.907,-0.371,7.110,111.699,-115.293
0.001,-0.000,-0.001,0.000,0.907,-0.371,7.132,111.692,-115.358
0.002,0.001,-0.001,-0.000,0.907,-0.371,7.177,111.685,-115.419
-0.001,-0.000,0.001,-0.000,0.907,-0.371,7.259,111.666,-115.531
-0.000,0.001,0.000,0.000,0.907,-0.370,7.228,111.671,-115.458
-0.000,-0.001,0.000,0.000,0.907,-0.371,7.257,111.664,-115.457
-0.001,-0.000,0.000,0.000,0.907,-0.371,7.245,111.668,-115.416
0.001,-0.000,0.001,0.000,0.907,-0.371,7.197,111.684,-115.326
0.001,-0.000,0.000,-0.001,0.907,-0.371,7.239,111.678,-115.311
-0.000,0.001,-0.001,-0.001,0.907,-0.371,7.177,111.689,-115.251
0.002,-0.000,-0.002,-0.001,0.907,-0.371,7.186,111.689,-115.244
0.001,-0.000,-0.001,-0.001,0.907,-0.371,7.138,111.703,-115.163
0.001,-0.000,-0.001,-0.000,0.906,-0.371,7.070,111.721,-115.061
-0.001,-0.003,0.000,-0.000,0.907,-0.371,7.129,111.703,-115.136
-0.001,-0.000,0.000,0.000,0.907,-0.371,7.221,111.680,-115.260
-0.000,-0.000,0.000,0.000,0.907,-0.371,7.255,111.676,-115.289
0.001,-0.000,0.001,-0.000,0.907,-0.370,7.275,111.679,-115.175
-0.001,-0.000,0.000,-0.000,0.907,-0.371,7.242,111.681,-115.176
-0.001,-0.000,-0.001,-0.000,0.907,-0.371,7.179,111.691,-115.136
-0.001,0.001,0.000,0.001,0.906,-0.371,7.134,111.696,-115.123
-0.000,0.001,0.001,0.001,0.907,-0.371,7.126,111.695,-115.180
0.001,-0.001,0.000,0.000,0.907,-0.371,7.125,111.695,-115.199
0.001,-0.000,0.000,0.000,0.907,-0.371,7.130,111.695,-115.221
-0.000,-0.000,0.000,0.000,0.907,-0.370,7.121,111.688,-115.211
-0.001,-0.001,0.000,0.000,0.906,-0.371,7.154,111.677,-115.256
-0.003,-0.000,-0.001,0.000,0.906,-0.371,7.194,111.669,-115.340
-0.000,-0.000,-0.001,-0.001,0.907,-0.371,7.227,111.663,-115.353
-0.003,-0.001,0.000,-0.000,0.907,-0.370,7.229,111.665,-115.314
-0.000,-0.001,0.000,-0.000,0.907,-0.370,7.270,111.652,-115.384
-0.000,-0.000,0.001,-0.001,0.907,-0.370,7.274,111.644,-115.434
-0.001,-0.001,0.000,0.000,0.907,-0.371,7.206,111.661,-115.332
-0.000,-0.000,0.000,0.000,0.907,-0.371,7.202,111.665,-115.309
-0.000,-0.003,0.000,0.000,0.907,-0.371,7.218,111.668,-115.285
-0.003,-0.000,0.000,0.000,0.907,-0.371,7.241,111.658,-115.370
-0.000,-0.000,0.001,-0.000,0.907,-0.370,7.228,111.655,-115.422
0.001,-0.003,0.000,-0.000,0.907,-0.370,7.280,111.639,-115.521
-0.000,-0.000,0.000,-0.000,0.907,-0.371,7.241,111.655,-115.449
-0.000,-0.000,-0.001,-0.000,0.907,-0.371,7.237,111.659,-115.455
-0.000,0.001,0.000,0.000,0.907,-0.370,7.220,111.660,-115.433
-0.000,-0.000,-0.001,0.000,0.907,-0.371,7.218,111.668,-115.346
0.001,-0.003,-0.001,-0.000,0.907,-0.371,7.179,111.684,-115.264
-0.000,-0.001,0.001,-0.000,0.907,-0.371,7.168,111.694,-115.230
-0.000,-0.000,0.000,-0.000,0.907,-0.371,7.175,111.694,-115.239
-0.000,0.002,-0.001,-0.000,0.908,-0.371,7.236,111.676,-115.378
0.001,-0.000,0.000,-0.000,0.908,-0.371,7.292,111.661,-115.513
-0.000,0.001,0.000,-0.000,0.907,-0.371,7.268,111.662,-115.505
-0.003,-0.000,0.000,0.000,0.908,-0.371,7.225,111.665,-115.516
0.002,-0.001,0.000,0.000,0.908,-0.371,7.174,111.667,-115.558
-0.000,0.001,0.001,0.000,0.906,-0.371,7.151,111.682,-115.523
-0.000,0.001,0.001,-0.001,0.907,-0.371,7.193,111.673,-115.541
-0.001,-0.001,0.001,-0.000,0.907,-0.371,7.211,111.669,-115.575
-0.001,-0.000,0.000,-0.000,0.907,-0.371,7.221,111.669,-115.594
-0.000,-0.001,0.000,-0.000,0.907,-0.370,7.223,111.668,-115.579
-0.000,0.002,0.000,-0.000,0.907,-0.371,7.228,111.667,-115.601
-0.000,-0.000,0.000,-0.000,0.907,-0.371,7.294,111.653,-115.705
0.001,-0.001,-0.001,0.000,0.908,-0.371,7.323,111.643,-115.768
0.001,-0.000,0.000,0.000,0.907,-0.371,7.291,111.651,-115.777
-0.000,0.001,0.000,0.000,0.907,-0.371,7.258,111.669,-115.694
-0.003,-0.000,0.000,0.000,0.907,-0.370,7.117,111.696,-115.506
-0.000,-0.000,0.000,0.000,0.907,-0.371,7.044,111.713,-115.387
-0.001,-0.000,0.000,-0.000,0.908,-0.371,7.014,111.718,-115.341
-0.001,-0.001,-0.001,-0.000,0.908,-0.371,7.042,111.714,-115.316
-0.001,-0.000,0.000,0.000,0.907,-0.371,7.063,111.711,-115.311
-0.001,-0.000,0.000,0.000,0.907,-0.371,7.096,111.717,-115.198
-0.000,-0.001,0.000,0.000,0.907,-0.371,7.188,111.700,-115.282
-0.000,-0.000,0.000,0.000,0.907,-0.371,7.196,111.697,-115.299
-0.001,-0.000,0.000,0.000,0.907,-0.371,7.199,111.684,-115.415
-0.000,-0.003,-0.001,0.000,0.907,-0.371,7.192,111.675,-115.522
-0.000,0.001,0.000,-0.001,0.907,-0.371,7.187,111.679,-115.493
-0.003,-0.001,0.000,0.000,0.906,-0.371,7.207,111.677,-115.495
-0.001,-0.001,0.000,0.000,0.906,-0.371,7.176,111.692,-115.358
0.001,-0.000,-0.001,-0.000,0.907,-0.371,7.167,111.699,-115.269
0.001,-0.000,-0.001,0.000,0.907,-0.371,7.251,111.677,-115.390
0.002,-0.000,0.000,0.000,0.907,-0.371,7.293,111.666,-115.475
-0.001,-0.000,0.000,-0.000,0.907,-0.371,7.353,111.650,-115.590
-0.001,-0.000,0.000,-0.000,0.907,-0.371,7.316,111.660,-115.529
-0.003,-0.000,0.000,-0.000,0.907,-0.371,7.285,111.668,-115.451
-0.003,0.001,0.001,-0.000,0.907,-0.371,7.228,111.672,-115.484
-0.000,0.001,0.000,-0.000,0.907,-0.371,7.265,111.665,-115.513
-0.003,-0.000,0.001,0.000,0.907,-0.371,7.311,111.651,-115.616
-0.003,-0.001,-0.001,0.000,0.907,-0.371,7.330,111.644,-115.669
-0.000,-0.000,0.001,-0.000,0.907,-0.371,7.277,111.655,-115.659
-0.000,0.001,0.000,-0.000,0.907,-0.371,7.247,111.670,-115.578
-0.000,-0.000,-0.001,-0.000,0.907,-0.371,7.208,111.686,-115.507
0.001,0.002,0.001,0.000,0.908,-0.372,7.150,111.708,-115.367
0.001,-0.000,0.000,-0.000,0.907,-0.371,7.076,111.724,-115.299
0.001,-0.001,0.000,0.000,0.907,-0.371,7.046,111.730,-115.235
-0.001,-0.001,0.000,0.000,0.907,-0.371,7.119,111.712,-115.316
-0.000,-0.000,-0.001,0.000,0.907,-0.371,7.134,111.705,-115.339
-0.000,-0.000,0.000,-0.000,0.907,-0.372,7.165,111.700,-115.349
-0.001,-0.000,0.000,-0.000,0.907,-0.372,7.153,111.708,-115.317
-0.000,0.001,-0.001,-0.000,0.907,-0.371,7.113,111.713,-115.285
-0.001,0.001,0.001,-0.000,0.907,-0.371,7.069,111.715,-115.286
-0.001,-0.001,0.003,0.000,0.907,-0.371,7.071,111.717,-115.273
0.001,-0.000,-0.001,0.000,0.908,-0.371,7.107,111.707,-115.304
-0.000,0.001,0.000,0.000,0.907,-0.370,7.107,111.691,-115.403
0.001,-0.003,0.000,0.000,0.907,-0.370,7.092,111.686,-115.422
-0.001,-0.000,0.000,-0.001,0.907,-0.371,7.055,111.703,-115.358
0.001,-0.000,0.001,-0.000,0.907,-0.371,7.075,111.711,-115.273
-0.000,-0.000,-0.001,-0.000,0.907,-0.371,7.072,111.718,-115.212
-0.001,0.001,0.000,-0.000,0.907,-0.371,7.090,111.712,-115.207
-0.000,-0.000,0.000,-0.000,0.907,-0.371,7.085,111.713,-115.205
0.001,-0.000,-0.002,-0.000,0.907,-0.371,7.129,111.704,-115.265
-0.000,0.001,0.000,0.000,0.907,-0.371,7.134,111.711,-115.161
-0.001,-0.000,0.000,-0.000,0.907,-0.371,7.163,111.706,-115.164
0.001,0.001,0.000,-0.000,0.906,-0.371,7.145,111.707,-115.186
-0.000,-0.000,-0.001,-0.000,0.906,-0.371,7.157,111.704,-115.211
-0.000,-0.000,0.000,0.000,0.907,-0.370,7.129,111.702,-115.179
0.001,-0.000,0.000,-0.000,0.907,-0.371,7.094,111.703,-115.179
-0.001,0.001,0.000,-0.000,0.907,-0.371,7.112,111.695,-115.235
0.001,-0.001,0.001,-0.001,0.907,-0.371,7.126,111.693,-115.217
-0.001,-0.001,-0.001,-0.000,0.907,-0.371,7.151,111.688,-115.247
-0.000,-0.000,0.000,-0.000,0.907,-0.371,7.130,111.699,-115.200
0.001,-0.000,-0.001,0.000,0.907,-0.371,7.111,111.699,-115.210
0.001,-0.000,-0.001,0.000,0.907,-0.371,7.112,111.689,-115.305
-0.000,0.001,0.000,-0.000,0.907,-0.370,7.124,111.680,-115.387
0.004,0.001,0.000,-0.000,0.907,-0.370,7.122,111.676,-115.436
-0.004,-0.001,-0.001,0.000,0.908,-0.371,7.100,111.686,-115.346
-0.000,-0.001,-0.001,-0.000,0.907,-0.371,7.169,111.669,-115.453
-0.003,-0.000,-0.001,-0.000,0.907,-0.371,7.141,111.676,-115.434
0.001,-0.001,0.000,0.000,0.907,-0.372,7.118,111.682,-115.464
-0.001,-0.000,0.001,0.000,0.907,-0.372,7.109,111.692,-115.476
-0.000,0.002,0.003,0.000,0.907,-0.371,7.113,111.688,-115.467
-0.000,0.001,0.000,0.000,0.907,-0.371,7.096,111.703,-115.334
-0.000,-0.001,0.001,-0.000,0.907,-0.371,7.184,111.691,-115.394
-0.001,0.002,-0.001,-0.000,0.907,-0.371,7.203,111.694,-115.341
-0.000,0.001,0.000,-0.000,0.908,-0.371,7.193,111.694,-115.334
0.001,-0.000,0.000,-0.000,0.907,-0.371,7.196,111.688,-115.368
-0.003,0.002,0.000,-0.000,0.907,-0.371,7.215,111.679,-115.403
-0.000,-0.000,0.000,0.000,0.906,-0.371,7.222,111.677,-115.401
-0.000,-0.000,0.000,0.000,0.906,-0.371,7.157,111.695,-115.324
-0.001,0.001,0.001,0.000,0.906,-0.371,7.180,111.690,-115.415
0.001,-0.000,0.000,-0.000,0.907,-0.370,7.163,111.694,-115.334
0.001,-0.000,0.000,-0.000,0.906,-0.371,7.281,111.662,-115.558
-0.000,0.002,-0.001,-0.000,0.907,-0.370,7.345,111.651,-115.608
-0.000,-0.000,0.000,-0.000,0.907,-0.370,7.388,111.635,-115.713
-0.000,-0.000,0.000,0.000,0.907,-0.371,7.383,111.637,-115.753
0.001,-0.001,-0.001,0.000,0.907,-0.371,7.327,111.648,-115.739
-0.000,-0.001,-0.001,0.000,0.907,-0.371,7.287,111.657,-115.708
-0.000,-0.001,0.000,-0.000,0.907,-0.371,7.236,111.666,-115.695
-0.003,-0.001,0.000,-0.000,0.907,-0.371,7.192,111.676,-115.668
-0.000,-0.001,0.000,-0.000,0.907,-0.371,7.142,111.688,-115.614
0.001,-0.000,0.001,0.000,0.907,-0.371,7.114,111.693,-115.611
0.001,0.001,0.001,0.000,0.907,-0.371,7.095,111.692,-115.640
-0.000,-0.001,0.000,-0.000,0.907,-0.371,7.109,111.688,-115.649
-0.000,0.002,-0.001,-0.000,0.907,-0.371,7.189,111.674,-115.660
-0.001,-0.000,0.000,-0.001,0.908,-0.371,7.145,111.684,-115.578
-0.001,0.001,-0.001,-0.001,0.908,-0.371,7.115,111.692,-115.477
-0.000,-0.001,0.000,-0.000,0.907,-0.371,7.115,111.697,-115.409
-0.001,0.001,0.000,0.000,0.906,-0.371,7.088,111.708,-115.340
0.001,-0.000,0.000,0.000,0.906,-0.371,7.147,111.698,-115.408
0.001,-0.001,0.000,-0.000,0.907,-0.372,7.164,111.697,-115.477
-0.000,-0.003,0.000,0.000,0.907,-0.372,7.190,111.696,-115.516
-0.000,-0.000,0.000,-0.000,0.907,-0.371,7.264,111.679,-115.608
0.001,-0.000,0.000,-0.000,0.907,-0.371,7.274,111.681,-115.575
-0.001,-0.003,0.003,0.000,0.907,-0.371,7.264,111.687,-115.543
-0.000,-0.000,0.001,0.000,0.908,-0.370,7.239,111.691,-115.488
-0.001,-0.000,0.000,0.000,0.908,-0.370,7.239,111.691,-115.373
-0.000,-0.000,0.001,0.000,0.907,-0.370,7.266,111.674,-115.450
-0.000,-0.000,-0.001,-0.000,0.907,-0.371,7.284,111.667,-115.478
-0.000,-0.000,-0.001,-0.000,0.907,-0.371,7.261,111.673,-115.469
-0.001,-0.000,0.000,0.001,0.907,-0.371,7.258,111.672,-115.490
-0.000,-0.000,0.000,0.000,0.907,-0.371,7.253,111.672,-115.497
0.001,-0.001,0.000,-0.000,0.908,-0.371,7.240,111.672,-115.483
0.001,-0.000,-0.001,-0.000,0.908,-0.371,7.200,111.680,-115.399
-0.000,0.001,-0.001,0.000,0.907,-0.371,7.188,111.689,-115.275
-0.000,-0.001,0.003,0.000,0.907,-0.371,7.172,111.693,-115.233
-0.000,-0.000,-0.001,0.000,0.907,-0.371,7.169,111.695,-115.214
-0.000,-0.001,0.000,-0.000,0.907,-0.371,7.167,111.696,-115.215
0.001,-0.001,0.001,-0.000,0.907,-0.371,7.233,111.680,-115.322
-0.001,-0.001,0.000,-0.000,0.907,-0.371,7.281,111.671,-115.373
-0.000,-0.000,0.001,0.000,0.907,-0.371,7.194,111.683,-115.366
-0.000,-0.000,0.000,-0.000,0.907,-0.371,7.109,111.700,-115.283
0.001,-0.000,0.001,0.000,0.907,-0.371,7.138,111.689,-115.365
-0.000,-0.001,-0.001,0.000,0.907,-0.371,7.130,111.693,-115.349
0.001,-0.000,0.001,0.000,0.908,-0.372,7.176,111.686,-115.390
-0.000,-0.001,0.000,0.000,0.908,-0.372,7.202,111.686,-115.401
-0.001,0.001,0.000,-0.000,0.907,-0.371,7.167,111.701,-115.311
-0.000,-0.001,0.001,-0.000,0.907,-0.370,7.176,111.694,-115.334
-0.003,-0.000,0.000,-0.000,0.907,-0.370,7.168,111.691,-115.314
-0.000,0.001,-0.002,-0.000,0.907,-0.371,7.159,111.694,-115.325
-0.000,-0.001,0.000,-0.000,0.907,-0.371,7.180,111.687,-115.379
-0.001,-0.001,0.001,0.000,0.906,-0.372,7.212,111.685,-115.405
0.001,-0.000,0.000,0.000,0.906,-0.372,7.248,111.688,-115.429
-0.003,-0.003,-0.001,0.000,0.907,-0.371,7.237,111.688,-115.427
-0.003,-0.001,0.000,0.000,0.907,-0.371,7.169,111.705,-115.307
0.001,-0.001,-0.001,0.000,0.907,-0.371,7.149,111.704,-115.316
-0.000,-0.000,-0.001,-0.000,0.906,-0.371,7.093,111.715,-115.261
-0.000,-0.000,-0.001,0.000,0.907,-0.371,7.072,111.718,-115.247
0.001,-0.000,0.000,0.000,0.907,-0.371,7.151,111.703,-115.323
0.001,-0.000,0.000,0.000,0.906,-0.370,7.230,111.679,-115.394
-0.000,-0.000,-0.001,-0.000,0.907,-0.370,7.244,111.676,-115.377
-0.000,-0.001,-0.001,0.000,0.907,-0.371,7.238,111.675,-115.382
-0.000,-0.000,0.000,0.000,0.907,-0.371,7.129,111.704,-115.213
0.001,-0.000,-0.001,-0.000,0.907,-0.371,7.109,111.714,-115.158
-0.001,0.001,0.000,0.000,0.907,-0.371,7.030,111.733,-115.045
0.001,-0.001,0.000,0.000,0.907,-0.371,6.991,111.736,-115.008
0.001,-0.000,-0.001,0.000,0.906,-0.371,7.049,111.725,-115.035
-0.000,-0.001,0.000,0.000,0.906,-0.371,7.132,111.699,-115.248
-0.000,-0.000,0.001,-0.001,0.907,-0.371,7.022,111.726,-115.161
-0.001,-0.003,0.000,-0.001,0.907,-0.371,7.049,111.719,-115.178
-0.001,-0.001,0.000,-0.000,0.907,-0.371,7.080,111.706,-115.224
-0.000,-0.000,0.001,-0.000,0.907,-0.371,7.136,111.688,-115.307
-0.001,0.001,-0.001,0.000,0.907,-0.370,7.183,111.671,-115.397
-0.001,-0.000,0.001,0.000,0.907,-0.371,7.190,111.670,-115.390
0.001,-0.000,-0.001,0.000,0.907,-0.371,7.198,111.661,-115.492
-0.003,-0.000,0.000,0.000,0.907,-0.371,7.201,111.665,-115.487
-0.000,-0.001,0.001,-0.001,0.907,-0.371,7.223,111.658,-115.557
0.001,-0.000,0.000,-0.001,0.907,-0.371,7.257,111.651,-115.609
-0.001,-0.001,0.000,0.000,0.907,-0.371,7.303,111.650,-115.635
-0.000,-0.001,0.000,0.000,0.907,-0.371,7.225,111.672,-115.521
-0.001,-0.001,0.000,0.000,0.907,-0.371,7.197,111.676,-115.532
-0.000,-0.000,-0.001,0.000,0.907,-0.371,7.173,111.687,-115.472
-0.000,-0.000,0.000,-0.000,0.907,-0.371,7.129,111.705,-115.354
-0.000,-0.000,0.000,0.000,0.907,-0.371,7.047,111.728,-115.197
0.001,-0.000,-0.001,0.000,0.907,-0.371,7.066,111.725,-115.163
0.002,-0.000,-0.001,0.000,0.907,-0.371,7.137,111.707,-115.223
-0.000,0.001,0.001,0.000,0.907,-0.372,7.079,111.715,-115.235
-0.000,0.001,-0.002,0.001,0.908,-0.371,7.135,111.701,-115.320
0.001,-0.000,0.001,0.001,0.908,-0.371,7.106,111.698,-115.338
-0.003,-0.000,0.000,0.000,0.907,-0.371,7.074,111.705,-115.271
-0.000,-0.001,-0.001,-0.000,0.907,-0.371,7.052,111.712,-115.204
-0.000,-0.000,0.001,-0.000,0.907,-0.371,7.066,111.711,-115.187
0.001,-0.001,-0.001,-0.000,0.907,-0.371,7.074,111.710,-115.169
0.001,-0.000,-0.001,-0.001,0.907,-0.371,7.061,111.712,-115.141
-0.001,-0.000,0.000,-0.001,0.907,-0.371,7.076,111.705,-115.168
-0.000,-0.000,0.000,-0.000,0.907,-0.371,7.025,111.714,-115.146
-0.001,-0.000,0.000,0.000,0.907,-0.371,6.987,111.724,-115.107
0.002,-0.000,0.001,-0.000,0.907,-0.371,7.002,111.720,-115.162
-0.001,-0.000,-0.001,-0.000,0.907,-0.371,7.041,111.706,-115.249
0.001,-0.000,0.000,-0.000,0.908,-0.371,7.076,111.698,-115.286
-0.001,0.001,0.000,-0.000,0.908,-0.371,7.180,111.674,-115.419
-0.003,0.001,-0.001,-0.000,0.907,-0.371,7.176,111.683,-115.371
0.001,-0.000,0.001,-0.000,0.907,-0.370,7.200,111.680,-115.365
-0.001,-0.000,0.000,-0.000,0.907,-0.370,7.214,111.677,-115.341
-0.000,-0.000,0.000,0.000,0.907,-0.371,7.213,111.677,-115.321
-0.000,-0.001,0.000,-0.000,0.907,-0.371,7.220,111.676,-115.333
-0.004,0.002,0.000,-0.000,0.907,-0.371,7.166,111.700,-115.159
-0.000,-0.001,0.000,-0.000,0.907,-0.371,7.169,111.701,-115.165
-0.000,-0.000,0.000,0.000,0.907,-0.371,7.155,111.697,-115.176
-0.000,-0.001,0.000,-0.000,0.907,-0.371,7.147,111.694,-115.208
-0.000,-0.000,0.001,-0.000,0.907,-0.371,7.184,111.685,-115.258
0.001,0.001,-0.001,0.000,0.907,-0.371,7.247,111.671,-115.334
0.001,-0.000,0.000,0.000,0.906,-0.371,7.261,111.664,-115.423
-0.001,-0.000,0.000,0.000,0.906,-0.371,7.230,111.668,-115.466
-0.000,-0.001,0.000,-0.001,0.907,-0.371,7.280,111.660,-115.488
0.001,-0.001,0.000,0.000,0.907,-0.371,7.269,111.656,-115.550
-0.001,-0.003,0.001,0.000,0.907,-0.371,7.254,111.664,-115.476
-0.001,-0.001,-0.001,0.000,0.907,-0.371,7.223,111.671,-115.466
-0.001,-0.000,0.000,0.000,0.907,-0.371,7.145,111.686,-115.399
-0.001,0.001,-0.001,-0.001,0.907,-0.370,7.085,111.697,-115.330
-0.001,-0.001,0.000,-0.001,0.907,-0.370,7.093,111.697,-115.270
-0.001,-0.000,0.000,-0.000,0.907,-0.371,7.125,111.695,-115.272
0.001,0.001,-0.001,-0.000,0.907,-0.371,7.108,111.704,-115.236
0.001,0.001,0.000,-0.000,0.907,-0.371,7.111,111.702,-115.292
-0.004,-0.001,0.000,0.000,0.906,-0.371,7.130,111.693,-115.377
-0.001,-0.001,0.000,-0.000,0.907,-0.371,7.173,111.680,-115.452
-0.000,0.001,-0.001,-0.000,0.907,-0.371,7.167,111.682,-115.414
-0.000,-0.001,-0.001,0.000,0.907,-0.370,7.174,111.674,-115.406
-0.001,-0.001,0.001,-0.000,0.907,-0.371,7.154,111.680,-115.339
0.001,-0.000,0.000,-0.000,0.907,-0.371,7.114,111.691,-115.284
-0.001,0.001,0.000,-0.000,0.907,-0.371,7.170,111.679,-115.397
-0.000,0.001,0.000,0.000,0.908,-0.371,7.155,111.680,-115.450
-0.003,-0.000,0.000,0.000,0.908,-0.371,7.131,111.680,-115.496
-0.000,-0.000,0.000,0.000,0.907,-0.371,7.113,111.684,-115.453
0.001,-0.000,0.000,0.000,0.907,-0.371,7.175,111.661,-115.609
-0.001,-0.000,0.000,0.000,0.907,-0.371,7.066,111.682,-115.544
-0.000,-0.000,0.001,0.000,0.907,-0.371,7.028,111.689,-115.572
0.001,0.002,0.000,0.000,0.908,-0.371,7.093,111.680,-115.547
-0.003,-0.001,0.000,-0.001,0.907,-0.370,7.115,111.679,-115.488
-0.000,-0.001,0.000,-0.001,0.907,-0.370,7.087,111.683,-115.431
-0.001,-0.000,-0.001,-0.001,0.907,-0.371,7.084,111.688,-115.383
-0.000,0.001,0.000,0.000,0.907,-0.371,7.050,111.693,-115.375
-0.000,-0.001,-0.001,0.000,0.907,-0.371,7.068,111.683,-115.457
-0.000,-0.000,0.000,0.000,0.906,-0.371,7.105,111.674,-115.534
-0.000,0.001,0.000,-0.001,0.906,-0.371,7.048,111.695,-115.435
0.001,-0.001,0.000,-0.001,0.907,-0.371,7.075,111.695,-115.409
0.001,-0.000,-0.001,-0.001,0.907,-0.371,7.103,111.692,-115.422
0.002,0.001,0.000,0.001,0.907,-0.372,7.137,111.695,-115.410
0.002,-0.001,0.001,0.000,0.907,-0.371,7.124,111.692,-115.497
-0.001,-0.001,0.000,0.000,0.907,-0.371,7.167,111.682,-115.533
0.001,-0.001,-0.001,0.000,0.907,-0.371,7.129,111.693,-115.425
-0.001,0.001,0.000,-0.000,0.907,-0.371,7.086,111.706,-115.331
-0.001,-0.000,0.000,-0.000,0.907,-0.371,7.026,111.726,-115.196
-0.000,-0.000,0.000,0.000,0.907,-0.371,6.996,111.729,-115.163
0.001,-0.001,0.000,-0.000,0.906,-0.371,6.966,111.727,-115.177
-0.000,0.001,0.000,-0.000,0.906,-0.371,6.939,111.732,-115.146
-0.000,-0.000,-0.002,0.000,0.907,-0.371,6.951,111.724,-115.200
0.001,-0.000,0.001,0.000,0.907,-0.371,6.988,111.713,-115.272
0.002,-0.000,-0.001,0.000,0.907,-0.371,7.075,111.693,-115.371
0.001,-0.000,0.001,0.000,0.907,-0.371,7.112,111.683,-115.447
-0.000,-0.000,-0.001,-0.001,0.907,-0.371,7.136,111.681,-115.435
-0.001,-0.001,0.001,-0.001,0.907,-0.371,7.156,111.676,-115.465
-0.000,-0.000,0.000,-0.001,0.907,-0.371,7.179,111.677,-115.503
-0.001,-0.003,0.000,-0.000,0.907,-0.372,7.117,111.698,-115.472
0.001,-0.001,0.000,-0.000,0.907,-0.371,7.133,111.699,-115.453
-0.000,0.001,0.001,-0.000,0.907,-0.371,7.150,111.691,-115.475
-0.000,-0.000,0.001,-0.001,0.907,-0.370,7.224,111.671,-115.563
0.001,-0.000,0.000,-0.000,0.907,-0.371,7.278,111.657,-115.622
-0.001,-0.001,-0.001,-0.000,0.907,-0.371,7.240,111.666,-115.564
0.001,0.001,0.000,0.000,0.907,-0.371,7.165,111.684,-115.491
0.001,-0.000,0.000,-0.000,0.907,-0.371,7.115,111.697,-115.440
-0.000,-0.000,-0.001,-0.000,0.907,-0.371,7.078,111.706,-115.419
-0.000,0.001,0.000,0.000,0.907,-0.371,7.016,111.718,-115.379
-0.001,-0.000,-0.001,0.000,0.907,-0.371,7.071,111.702,-115.424
-0.001,-0.000,0.000,-0.000,0.907,-0.371,7.126,111.688,-115.489
0.002,-0.001,0.000,-0.000,0.907,-0.371,7.163,111.683,-115.547
-0.001,0.001,-0.001,0.000,0.907,-0.371,7.125,111.693,-115.495
-0.001,0.001,0.000,0.000,0.907,-0.370,7.086,111.703,-115.418
-0.000,-0.001,0.000,0.000,0.907,-0.370,6.964,111.727,-115.257
0.001,-0.000,0.000,0.001,0.907,-0.371,6.903,111.742,-115.176
-0.000,0.002,0.000,0.000,0.907,-0.371,6.864,111.748,-115.135
-0.000,0.001,-0.001,0.000,0.907,-0.371,6.909,111.736,-115.165
-0.001,-0.001,0.000,0.000,0.906,-0.371,7.004,111.717,-115.194
-0.000,-0.000,-0.001,0.000,0.907,-0.371,7.108,111.691,-115.322
0.002,0.001,0.000,0.000,0.907,-0.371,7.157,111.681,-115.345
-0.000,-0.000,0.000,0.000,0.907,-0.371,7.136,111.690,-115.299
-0.001,-0.000,0.000,-0.000,0.908,-0.371,7.138,111.688,-115.296
-0.000,-0.000,0.001,-0.000,0.908,-0.371,7.140,111.682,-115.315
-0.000,-0.003,-0.001,0.000,0.907,-0.371,7.194,111.664,-115.466
-0.003,-0.001,0.001,0.000,0.907,-0.370,7.183,111.670,-115.406
0.001,-0.000,0.000,0.000,0.907,-0.370,7.242,111.655,-115.438
-0.003,-0.001,0.001,-0.000,0.907,-0.371,7.405,111.619,-115.645
-0.000,-0.001,0.000,-0.000,0.906,-0.371,7.430,111.619,-115.686
-0.001,0.002,0.000,-0.000,0.907,-0.370,7.392,111.633,-115.607
0.002,-0.001,0.000,-0.000,0.907,-0.370,7.381,111.633,-115.604
0.001,-0.001,0.003,0.000,0.907,-0.371,7.298,111.655,-115.503
0.001,-0.000,0.000,0.000,0.907,-0.370,7.303,111.652,-115.510
-0.000,-0.000,0.000,0.000,0.907,-0.370,7.268,111.656,-115.486
-0.000,-0.000,0.000,0.000,0.907,-0.371,7.278,111.657,-115.502
0.001,-0.000,0.001,-0.000,0.906,-0.371,7.316,111.656,-115.498
-0.003,-0.003,0.000,-0.000,0.906,-0.371,7.287,111.660,-115.576
0.001,0.001,0.000,0.000,0.906,-0.371,7.219,111.675,-115.523
0.001,0.001,0.000,0.000,0.908,-0.371,7.176,111.681,-115.458
-0.001,-0.000,-0.001,0.000,0.907,-0.371,7.097,111.699,-115.322
-0.000,-0.001,0.000,0.000,0.907,-0.371,7.073,111.700,-115.306
0.002,-0.000,0.000,-0.000,0.907,-0.370,7.105,111.690,-115.331
-0.001,-0.000,0.000,0.000,0.906,-0.371,7.156,111.681,-115.350
0.002,-0.000,-0.001,0.000,0.906,-0.371,7.198,111.674,-115.381
-0.001,-0.001,-0.001,-0.000,0.907,-0.371,7.193,111.681,-115.310
-0.001,-0.001,0.001,-0.000,0.907,-0.371,7.199,111.677,-115.342
-0.001,-0.001,0.000,-0.000,0.908,-0.370,7.318,111.645,-115.427
0.001,-0.001,0.000,0.000,0.907,-0.370,7.346,111.638,-115.465
0.001,0.001,0.000,0.000,0.907,-0.371,7.329,111.640,-115.490
0.002,0.001,0.000,0.000,0.907,-0.371,7.285,111.651,-115.462
-0.000,-0.000,-0.001,-0.000,0.907,-0.370,7.234,111.663,-115.391
-0.003,-0.003,-0.001,-0.000,0.908,-0.370,7.219,111.663,-115.369
-0.000,-0.001,-0.001,-0.000,0.908,-0.370,7.179,111.671,-115.289
-0.001,0.001,0.000,-0.000,0.907,-0.371,7.209,111.661,-115.357
-0.000,-0.001,0.000,0.000,0.908,-0.371,7.261,111.650,-115.414
-0.000,0.001,0.000,0.000,0.908,-0.371,7.279,111.646,-115.439
-0.000,0.002,0.000,0.000,0.907,-0.371,7.165,111.669,-115.422
-0.000,-0.000,-0.002,-0.000,0.907,-0.371,7.144,111.677,-115.435
-0.000,-0.000,0.000,0.000,0.907,-0.371,7.133,111.683,-115.426
-0.001,-0.000,0.001,0.000,0.907,-0.371,7.136,111.684,-115.431
-0.001,-0.000,0.000,0.000,0.907,-0.371,7.171,111.684,-115.391
-0.003,0.001,-0.001,-0.000,0.907,-0.371,7.182,111.692,-115.323
-0.001,-0.001,0.001,-0.000,0.907,-0.371,7.213,111.692,-115.315
-0.000,-0.000,0.000,0.000,0.907,-0.371,7.326,111.661,-115.502
-0.000,-0.001,-0.001,0.000,0.907,-0.371,7.245,111.679,-115.403
-0.000,-0.000,0.000,-0.000,0.907,-0.371,7.241,111.683,-115.351
-0.001,-0.000,0.000,-0.000,0.907,-0.371,7.226,111.692,-115.285
0.001,-0.000,0.001,0.000,0.907,-0.372,7.178,111.709,-115.223
-0.001,-0.001,0.000,-0.001,0.907,-0.371,7.130,111.721,-115.179
-0.000,-0.000,0.000,-0.001,0.907,-0.371,7.143,111.717,-115.236
0.001,-0.001,0.000,-0.001,0.907,-0.371,7.168,111.706,-115.273
0.001,-0.001,0.001,-0.001,0.907,-0.371,7.181,111.696,-115.341
-0.000,-0.003,0.001,0.000,0.907,-0.370,7.129,111.692,-115.408
-0.000,-0.001,0.001,0.000,0.907,-0.371,7.152,111.687,-115.379
-0.000,-0.000,0.000,0.000,0.907,-0.371,7.150,111.687,-115.358
0.001,-0.000,-0.001,-0.000,0.907,-0.370,7.116,111.684,-115.381
0.001,-0.000,0.001,0.000,0.907,-0.371,7.116,111.686,-115.377
-0.000,-0.000,0.000,0.000,0.908,-0.371,7.112,111.685,-115.374
-0.001,0.001,-0.001,0.000,0.908,-0.371,7.052,111.696,-115.280
-0.000,0.001,0.000,0.000,0.908,-0.371,7.038,111.699,-115.257
-0.000,0.001,0.001,0.000,0.907,-0.371,6.993,111.704,-115.256
0.001,-0.000,0.000,0.000,0.907,-0.371,7.016,111.700,-115.261
-0.000,-0.000,-0.001,0.000,0.907,-0.371,7.079,111.690,-115.311
-0.000,0.002,0.000,-0.000,0.907,-0.371,7.109,111.689,-115.301
0.001,-0.000,0.000,-0.000,0.907,-0.371,7.150,111.685,-115.308
-0.001,-0.000,0.000,-0.000,0.907,-0.371,7.186,111.681,-115.316
-0.000,-0.000,-0.001,0.000,0.907,-0.371,7.216,111.676,-115.337
0.001,-0.000,0.001,0.000,0.907,-0.371,7.151,111.694,-115.255
-0.001,-0.001,0.000,0.000,0.907,-0.371,7.117,111.703,-115.227
-0.000,-0.001,0.000,0.000,0.907,-0.371,7.101,111.708,-115.214
-0.001,-0.001,0.000,-0.000,0.908,-0.372,7.130,111.711,-115.154
-0.000,-0.001,0.001,-0.000,0.908,-0.372,7.120,111.719,-115.091
0.002,-0.000,0.000,-0.000,0.908,-0.371,7.067,111.727,-115.017
0.001,0.001,0.000,0.000,0.907,-0.371,7.080,111.708,-115.156
-0.000,0.001,0.000,0.000,0.907,-0.371,7.077,111.700,-115.213
-0.000,-0.000,-0.001,0.000,0.907,-0.371,7.093,111.691,-115.274
-0.001,0.001,-0.001,0.000,0.907,-0.371,7.091,111.689,-115.300
-0.001,-0.000,-0.001,-0.000,0.907,-0.371,7.058,111.697,-115.257
0.001,-0.001,0.000,-0.000,0.907,-0.371,7.026,111.707,-115.188
-0.001,0.001,0.000,0.000,0.906,-0.370,7.112,111.685,-115.301
-0.001,-0.000,0.000,0.000,0.906,-0.370,7.042,111.700,-115.218
-0.003,-0.001,-0.001,0.000,0.907,-0.371,7.033,111.699,-115.218
-0.001,-0.000,0.000,0.000,0.907,-0.371,6.997,111.706,-115.193
-0.000,0.001,-0.001,0.000,0.907,-0.371,6.940,111.709,-115.270
-0.003,-0.000,0.000,0.000,0.907,-0.371,6.953,111.702,-115.301
-0.000,0.001,-0.001,-0.000,0.907,-0.371,6.938,111.708,-115.242
-0.000,-0.001,0.000,0.000,0.907,-0.370,7.027,111.690,-115.298
0.001,-0.000,0.000,0.000,0.907,-0.370,7.015,111.687,-115.343
-0.000,-0.000,0.001,-0.000,0.906,-0.371,7.037,111.686,-115.363
-0.003,-0.000,-0.001,0.000,0.907,-0.371,7.037,111.693,-115.325
-0.001,-0.000,0.000,0.000,0.907,-0.371,7.053,111.694,-115.324
-0.001,-0.001,0.000,0.000,0.907,-0.370,7.056,111.686,-115.391
-0.000,-0.000,0.000,-0.000,0.907,-0.370,7.063,111.690,-115.311
-0.001,-0.001,0.000,-0.000,0.907,-0.371,6.960,111.716,-115.178
0.001,0.001,-0.001,-0.000,0.907,-0.371,6.931,111.724,-115.149
0.001,0.001,0.001,0.000,0.907,-0.370,6.934,111.718,-115.145
-0.000,-0.000,0.000,0.000,0.907,-0.371,6.980,111.707,-115.189
-0.000,-0.001,0.000,0.000,0.907,-0.371,7.033,111.694,-115.295
0.001,0.001,0.001,-0.001,0.907,-0.372,7.129,111.686,-115.333
-0.000,-0.001,0.001,0.000,0.907,-0.372,7.166,111.683,-115.400
-0.001,0.001,0.001,0.000,0.907,-0.372,7.166,111.689,-115.434
-0.001,-0.000,-0.001,-0.001,0.907,-0.371,7.121,111.697,-115.389
0.001,-0.000,0.000,0.000,0.907,-0.371,7.116,111.697,-115.379
-0.001,-0.000,0.000,0.000,0.907,-0.371,7.125,111.699,-115.360
-0.000,-0.000,0.000,0.000,0.907,-0.371,7.145,111.698,-115.370
-0.001,-0.000,0.000,0.000,0.907,-0.371,7.072,111.715,-115.260
-0.001,-0.000,0.000,0.000,0.907,-0.371,7.061,111.716,-115.238
-0.001,-0.000,0.000,-0.000,0.907,-0.371,7.059,111.714,-115.229
-0.001,0.001,0.000,-0.001,0.907,-0.371,7.066,111.711,-115.235
0.001,0.001,-0.001,-0.001,0.907,-0.371,7.070,111.710,-115.233
0.001,0.001,-0.001,0.000,0.907,-0.371,7.068,111.717,-115.185
-0.000,-0.000,0.000,0.000,0.907,-0.371,7.149,111.702,-115.253
-0.000,-0.001,0.001,-0.000,0.907,-0.371,7.156,111.700,-115.235
0.001,-0.001,0.000,-0.000,0.907,-0.371,7.153,111.693,-115.281
-0.000,-0.000,0.000,-0.000,0.906,-0.370,7.125,111.697,-115.245
-0.000,-0.001,0.000,-0.000,0.907,-0.371,7.118,111.692,-115.298
0.001,-0.000,0.001,-0.000,0.907,-0.371,7.142,111.681,-115.388
-0.000,-0.000,-0.001,0.000,0.907,-0.370,7.153,111.677,-115.380
-0.001,-0.001,0.000,-0.000,0.907,-0.371,7.047,111.687,-115.407
0.001,-0.001,0.000,-0.000,0.907,-0.371,7.061,111.682,-115.449
-0.001,-0.001,0.000,0.000,0.907,-0.371,7.065,111.682,-115.482
-0.000,-0.000,0.000,-0.000,0.906,-0.370,7.028,111.691,-115.460
0.001,-0.000,0.000,0.000,0.907,-0.371,7.013,111.694,-115.448
-0.001,-0.000,-0.001,0.000,0.907,-0.371,7.031,111.685,-115.532
-0.000,-0.001,0.000,0.000,0.907,-0.371,7.056,111.682,-115.555
-0.001,-0.000,0.000,0.000,0.907,-0.371,7.001,111.700,-115.433
-0.000,-0.000,0.000,0.000,0.907,-0.371,6.956,111.710,-115.366
-0.001,0.001,0.000,0.001,0.907,-0.371,6.981,111.705,-115.344
0.004,-0.000,0.001,0.000,0.908,-0.370,7.006,111.698,-115.328
0.001,-0.003,0.000,0.000,0.908,-0.370,7.100,111.666,-115.472
-0.000,-0.001,0.001,-0.000,0.907,-0.370,7.116,111.660,-115.563
-0.000,-0.001,0.000,-0.000,0.907,-0.371,7.150,111.657,-115.633
0.001,-0.001,-0.001,-0.000,0.907,-0.371,7.188,111.655,-115.676
-0.001,-0.000,-0.001,-0.000,0.907,-0.371,7.246,111.647,-115.748
-0.001,0.001,0.000,0.000,0.907,-0.371,7.217,111.653,-115.789
-0.001,-0.000,0.000,0.000,0.907,-0.371,7.225,111.651,-115.852
0.001,-0.000,0.000,-0.000,0.907,-0.371,7.264,111.648,-115.861
-0.000,0.002,0.000,0.000,0.907,-0.371,7.153,111.676,-115.721
-0.000,-0.000,-0.001,0.000,0.907,-0.371,7.058,111.698,-115.600
-0.001,0.001,0.000,-0.000,0.907,-0.371,7.033,111.710,-115.503
-0.001,-0.001,0.001,-0.001,0.906,-0.370,7.048,111.708,-115.463
-0.000,0.001,0.000,0.000,0.908,-0.370,7.164,111.684,-115.505
-0.003,-0.000,0.000,0.000,0.908,-0.370,7.209,111.673,-115.480
-0.001,-0.001,0.000,0.000,0.907,-0.371,7.186,111.681,-115.438
-0.003,-0.000,0.000,0.000,0.907,-0.371,7.180,111.681,-115.436
-0.003,0.001,0.000,0.000,0.907,-0.371,7.161,111.685,-115.407
-0.000,-0.003,0.000,0.000,0.907,-0.371,7.167,111.670,-115.569
-0.001,0.001,0.000,-0.000,0.907,-0.370,7.188,111.656,-115.704
0.001,-0.000,-0.001,-0.000,0.907,-0.370,7.188,111.657,-115.698
-0.001,-0.000,-0.001,-0.000,0.906,-0.371,7.204,111.672,-115.618
-0.000,-0.000,0.000,0.000,0.907,-0.370,7.238,111.665,-115.584
0.001,-0.000,0.000,-0.000,0.907,-0.370,7.305,111.650,-115.615
-0.000,-0.001,-0.001,-0.000,0.907,-0.370,7.322,111.643,-115.659
0.001,0.001,-0.001,-0.000,0.907,-0.371,7.213,111.675,-115.528
-0.001,-0.000,-0.001,0.000,0.907,-0.371,7.234,111.673,-115.552
-0.001,0.002,0.000,0.000,0.907,-0.371,7.238,111.676,-115.538
0.001,-0.000,0.000,-0.000,0.906,-0.370,7.230,111.675,-115.495
0.001,0.001,0.000,-0.001,0.907,-0.371,7.247,111.669,-115.520
-0.000,-0.000,0.000,-0.001,0.907,-0.371,7.205,111.684,-115.422
-0.001,0.001,0.000,0.000,0.907,-0.371,7.181,111.688,-115.402
-0.000,-0.001,0.000,-0.000,0.906,-0.371,7.213,111.683,-115.435
-0.001,0.001,0.001,-0.000,0.906,-0.371,7.261,111.672,-115.508
0.001,-0.001,0.000,0.000,0.907,-0.370,7.250,111.670,-115.514
-0.000,0.001,0.000,0.000,0.907,-0.371,7.241,111.663,-115.579
-0.001,-0.000,0.001,0.000,0.907,-0.371,7.242,111.660,-115.610
-0.000,0.001,0.003,-0.001,0.907,-0.370,7.189,111.670,-115.568
-0.001,0.001,0.000,-0.000,0.907,-0.371,7.104,111.685,-115.538
-0.000,-0.000,0.000,-0.000,0.907,-0.371,7.059,111.695,-115.521
-0.003,-0.001,0.000,-0.000,0.907,-0.371,7.085,111.699,-115.451
-0.003,-0.001,0.001,0.000,0.906,-0.371,7.058,111.704,-115.429
-0.000,-0.000,0.000,0.000,0.907,-0.371,7.046,111.705,-115.434
-0.000,-0.001,0.000,0.000,0.907,-0.371,7.039,111.708,-115.418
-0.001,0.001,0.000,0.000,0.907,-0.371,7.039,111.710,-115.401
-0.000,-0.001,0.000,-0.001,0.907,-0.371,7.079,111.702,-115.436
-0.000,-0.000,-0.001,-0.001,0.907,-0.371,7.175,111.685,-115.499
0.002,0.001,0.000,0.000,0.907,-0.371,7.213,111.677,-115.515
-0.001,-0.000,0.000,0.000,0.907,-0.371,7.218,111.676,-115.510
-0.001,0.001,0.000,0.000,0.907,-0.371,7.217,111.678,-115.495
-0.001,-0.000,0.001,0.000,0.907,-0.371,7.182,111.680,-115.457
0.001,-0.000,0.000,0.001,0.907,-0.371,7.133,111.697,-115.322
-0.001,-0.000,0.000,-0.000,0.907,-0.370,7.118,111.691,-115.342
-0.000,-0.001,0.001,-0.000,0.907,-0.370,7.248,111.652,-115.524
-0.003,-0.000,-0.001,-0.001,0.907,-0.371,7.353,111.628,-115.693
-0.000,-0.000,0.000,0.000,0.907,-0.371,7.368,111.626,-115.765
-0.001,0.001,0.000,0.000,0.907,-0.371,7.338,111.639,-115.726
-0.000,0.001,0.000,-0.000,0.907,-0.371,7.288,111.652,-115.725
-0.001,-0.001,0.000,-0.001,0.907,-0.371,7.215,111.666,-115.705
0.001,-0.001,0.000,0.000,0.907,-0.370,7.128,111.682,-115.603
0.001,-0.001,0.000,0.000,0.907,-0.370,7.114,111.684,-115.518
0.001,-0.000,0.000,0.000,0.907,-0.370,7.107,111.684,-115.475
-0.000,-0.000,0.000,0.000,0.907,-0.370,7.127,111.678,-115.468
-0.001,0.001,0.000,-0.000,0.907,-0.371,7.166,111.675,-115.482
-0.000,-0.001,-0.001,-0.001,0.907,-0.371,7.182,111.678,-115.478
0.001,-0.000,0.000,-0.001,0.907,-0.371,7.166,111.689,-115.445
0.001,-0.001,-0.001,-0.000,0.907,-0.371,7.079,111.712,-115.321
0.001,-0.000,0.001,-0.000,0.907,-0.371,7.022,111.723,-115.292
-0.000,-0.001,0.000,-0.000,0.907,-0.371,7.034,111.720,-115.321
-0.001,-0.001,0.001,0.000,0.907,-0.370,6.963,111.721,-115.273
-0.000,-0.001,0.000,0.001,0.907,-0.370,7.003,111.712,-115.265
-0.000,-0.000,0.001,-0.000,0.907,-0.370,6.979,111.712,-115.228
-0.000,-0.000,-0.001,-0.000,0.907,-0.370,7.085,111.683,-115.321
-0.000,-0.000,0.001,-0.000,0.907,-0.371,7.077,111.687,-115.327
0.001,-0.001,-0.001,-0.000,0.907,-0.371,7.056,111.690,-115.340
-0.001,0.001,0.000,-0.000,0.907,-0.371,7.046,111.692,-115.321
-0.000,-0.000,0.000,0.000,0.907,-0.370,7.090,111.678,-115.366
-0.001,-0.001,0.000,0.001,0.907,-0.370,7.002,111.694,-115.279
0.001,-0.001,0.000,0.000,0.907,-0.371,6.983,111.694,-115.311
-0.001,0.001,0.000,0.000,0.907,-0.371,7.011,111.694,-115.305
-0.001,-0.000,0.000,0.000,0.908,-0.370,6.988,111.693,-115.271
0.001,-0.000,-0.001,-0.000,0.907,-0.370,7.036,111.681,-115.302
0.001,-0.001,0.000,-0.000,0.907,-0.370,7.031,111.686,-115.256
-0.001,-0.000,0.000,-0.000,0.907,-0.370,6.947,111.706,-115.133
-0.003,0.002,0.000,-0.000,0.908,-0.370,6.938,111.706,-115.110
-0.000,-0.000,0.001,-0.000,0.908,-0.370,6.951,111.701,-115.108
-0.000,0.001,-0.001,0.000,0.907,-0.370,6.987,111.689,-115.172
-0.001,-0.000,0.001,-0.000,0.907,-0.371,6.985,111.693,-115.165
-0.000,-0.000,-0.001,-0.000,0.907,-0.371,6.997,111.701,-115.139
-0.000,-0.000,0.000,-0.000,0.906,-0.371,6.977,111.708,-115.104
0.001,0.001,0.000,0.000,0.907,-0.371,6.990,111.704,-115.135
-0.000,0.001,-0.001,0.000,0.907,-0.371,6.934,111.705,-115.206
-0.000,-0.000,0.000,-0.000,0.907,-0.371,6.963,111.700,-115.215
-0.000,-0.000,-0.001,-0.000,0.907,-0.371,7.026,111.686,-115.308
-0.000,-0.001,0.000,-0.000,0.907,-0.371,7.026,111.690,-115.306
-0.003,0.001,0.000,-0.001,0.907,-0.371,7.072,111.684,-115.347
-0.001,0.001,-0.001,-0.001,0.908,-0.371,7.107,111.682,-115.364
-0.001,-0.001,-0.001,0.000,0.907,-0.370,7.196,111.671,-115.396
-0.003,-0.000,0.000,0.000,0.907,-0.370,7.170,111.679,-115.318
0.001,-0.000,0.000,0.000,0.907,-0.370,7.234,111.661,-115.383
-0.003,-0.000,0.000,-0.000,0.907,-0.371,7.240,111.662,-115.351
0.001,-0.000,0.000,-0.000,0.907,-0.371,7.219,111.672,-115.297
-0.000,-0.000,0.000,-0.000,0.907,-0.370,7.224,111.667,-115.315
-0.001,-0.000,0.000,0.000,0.907,-0.371,7.215,111.668,-115.319
-0.003,0.001,0.000,0.000,0.907,-0.371,7.223,111.666,-115.330
-0.001,0.001,0.001,-0.000,0.907,-0.371,7.205,111.665,-115.362
-0.001,-0.000,0.000,-0.000,0.907,-0.371,7.168,111.674,-115.365
-0.000,-0.000,-0.001,0.000,0.907,-0.371,7.198,111.675,-115.403
-0.001,-0.001,0.000,0.000,0.907,-0.371,7.191,111.679,-115.397
0.001,-0.000,0.000,-0.000,0.907,-0.371,7.172,111.684,-115.347
0.001,-0.001,0.000,0.000,0.906,-0.371,7.168,111.684,-115.337
-0.000,-0.000,0.001,0.000,0.906,-0.371,7.153,111.687,-115.333
-0.000,0.001,0.000,0.000,0.907,-0.371,7.210,111.672,-115.410
-0.001,-0.000,-0.002,0.000,0.907,-0.370,7.217,111.661,-115.505
-0.001,-0.001,0.000,0.000,0.907,-0.370,7.188,111.662,-115.476
-0.000,0.001,0.000,-0.001,0.907,-0.371,7.147,111.673,-115.418
0.001,-0.001,0.000,0.000,0.907,-0.371,7.132,111.679,-115.365
-0.000,-0.000,0.000,0.000,0.907,-0.371,7.100,111.689,-115.296
-0.000,0.001,0.001,0.001,0.907,-0.370,7.104,111.681,-115.310
-0.000,-0.000,0.000,0.000,0.907,-0.371,7.056,111.688,-115.285
-0.000,-0.000,0.000,0.000,0.907,-0.371,7.056,111.685,-115.349
0.001,0.001,0.000,0.000,0.907,-0.371,7.063,111.680,-115.442
-0.001,-0.000,0.000,-0.000,0.907,-0.371,7.088,111.671,-115.559
0.002,-0.000,0.000,-0.000,0.907,-0.371,7.123,111.664,-115.634
-0.001,-0.000,-0.001,-0.000,0.907,-0.371,7.115,111.681,-115.551
-0.000,-0.000,0.000,-0.000,0.907,-0.371,7.156,111.676,-115.587
-0.000,-0.000,0.001,0.000,0.907,-0.371,7.221,111.664,-115.637
-0.000,-0.000,0.000,0.000,0.907,-0.371,7.198,111.675,-115.554
0.001,-0.001,-0.001,0.000,0.907,-0.371,7.161,111.685,-115.483
-0.000,-0.001,0.000,0.000,0.908,-0.372,7.166,111.684,-115.513
-0.001,-0.001,-0.001,0.000,0.908,-0.372,7.221,111.669,-115.652
-0.001,-0.001,-0.001,0.000,0.907,-0.371,7.139,111.688,-115.563
-0.000,-0.001,0.000,0.000,0.907,-0.371,7.153,111.690,-115.547
-0.001,-0.000,0.000,0.000,0.907,-0.371,7.187,111.685,-115.591
0.001,-0.000,0.000,-0.001,0.907,-0.371,7.200,111.686,-115.606
-0.000,-0.000,0.001,-0.001,0.907,-0.371,7.225,111.684,-115.637
-0.001,-0.000,0.000,-0.000,0.907,-0.371,7.263,111.679,-115.659
0.001,0.001,0.000,-0.000,0.907,-0.371,7.267,111.683,-115.620
-0.001,-0.001,-0.001,-0.000,0.907,-0.371,7.247,111.684,-115.628
0.001,0.001,0.001,0.000,0.907,-0.370,7.242,111.677,-115.682
-0.001,-0.000,0.001,0.000,0.907,-0.370,7.197,111.682,-115.623
-0.000,-0.000,-0.001,-0.000,0.906,-0.371,7.152,111.693,-115.552
0.001,-0.001,-0.001,-0.000,0.907,-0.371,7.118,111.702,-115.473
-0.001,0.001,0.000,-0.000,0.907,-0.371,7.140,111.696,-115.446
-0.000,-0.000,0.001,-0.000,0.908,-0.370,7.137,111.696,-115.381
0.001,-0.000,0.000,0.000,0.907,-0.371,7.201,111.670,-115.498
-0.001,-0.000,0.001,0.000,0.907,-0.371,7.241,111.658,-115.571
-0.001,0.001,0.000,0.000,0.907,-0.371,7.195,111.669,-115.541
0.002,-0.003,0.000,-0.000,0.907,-0.371,7.165,111.684,-115.476
-0.001,-0.000,0.000,-0.000,0.907,-0.371,7.170,111.691,-115.435
0.001,-0.003,0.000,-0.000,0.906,-0.371,7.173,111.692,-115.408
0.001,-0.000,-0.001,-0.000,0.907,-0.371,7.252,111.679,-115.403
-0.000,-0.000,-0.001,-0.000,0.907,-0.371,7.238,111.679,-115.388
0.001,-0.001,0.000,-0.000,0.907,-0.371,7.154,111.693,-115.340
-0.001,-0.000,0.001,-0.000,0.908,-0.371,7.172,111.686,-115.372
-0.000,-0.000,0.000,-0.000,0.907,-0.371,7.057,111.709,-115.290
0.001,-0.003,0.000,-0.000,0.907,-0.371,7.103,111.701,-115.312
-0.001,0.001,0.000,-0.000,0.907,-0.371,7.081,111.705,-115.294
-0.000,-0.001,0.001,0.000,0.907,-0.370,7.215,111.675,-115.395
-0.000,-0.000,0.000,0.000,0.907,-0.370,7.181,111.677,-115.370
0.001,0.001,-0.001,0.000,0.907,-0.371,7.177,111.680,-115.355
0.001,0.001,0.001,-0.000,0.907,-0.371,7.179,111.677,-115.376
0.002,-0.000,0.000,-0.000,0.907,-0.371,7.168,111.676,-115.381
-0.000,-0.001,0.000,0.000,0.907,-0.371,7.196,111.663,-115.483
0.001,0.002,0.000,0.000,0.907,-0.371,7.199,111.665,-115.476
0.001,0.001,0.000,0.000,0.907,-0.372,7.182,111.675,-115.451
-0.000,-0.000,0.001,0.000,0.907,-0.372,7.172,111.686,-115.428
-0.000,-0.000,-0.001,0.000,0.907,-0.371,7.198,111.685,-115.415
-0.001,0.001,0.000,-0.000,0.907,-0.371,7.151,111.694,-115.371
-0.000,-0.001,-0.001,-0.000,0.907,-0.371,7.087,111.702,-115.354
0.001,0.001,0.000,-0.000,0.907,-0.371,7.070,111.699,-115.365
-0.000,-0.000,-0.001,-0.000,0.907,-0.371,7.008,111.713,-115.255
-0.000,-0.001,-0.001,-0.000,0.907,-0.371,7.020,111.711,-115.275
0.001,-0.000,0.000,0.000,0.907,-0.371,7.055,111.697,-115.392
-0.000,-0.000,0.000,-0.000,0.907,-0.371,7.048,111.700,-115.388
0.001,0.001,0.000,-0.000,0.907,-0.371,7.110,111.688,-115.463
-0.001,0.002,0.000,-0.000,0.907,-0.371,7.144,111.687,-115.462
0.001,-0.001,0.000,0.000,0.907,-0.371,7.146,111.690,-115.443
-0.000,-0.000,0.000,0.000,0.907,-0.371,7.177,111.681,-115.503
-0.000,0.001,0.000,-0.000,0.907,-0.371,7.146,111.692,-115.410
0.002,-0.000,0.000,-0.001,0.907,-0.371,7.114,111.697,-115.390
-0.001,-0.001,0.000,-0.001,0.907,-0.371,7.057,111.709,-115.337
-0.000,0.001,0.000,-0.000,0.907,-0.371,7.015,111.725,-115.252
-0.000,-0.003,0.000,-0.001,0.907,-0.371,7.034,111.717,-115.268
-0.000,0.001,-0.001,0.000,0.908,-0.371,7.103,111.696,-115.366
-0.000,0.001,-0.001,0.000,0.908,-0.371,7.140,111.683,-115.438
0.001,-0.001,0.000,0.000,0.907,-0.371,7.144,111.676,-115.516
-0.001,-0.001,0.000,0.001,0.907,-0.370,7.144,111.676,-115.482
-0.001,-0.000,0.000,0.001,0.907,-0.370,7.160,111.669,-115.496
-0.001,-0.000,0.001,-0.001,0.907,-0.371,7.145,111.677,-115.427
-0.001,-0.000,-0.001,-0.000,0.907,-0.371,7.091,111.692,-115.335
0.004,-0.000,0.000,-0.000,0.907,-0.371,7.049,111.703,-115.299
-0.000,0.001,0.000,-0.000,0.907,-0.371,7.062,111.708,-115.278
-0.001,0.001,-0.001,-0.000,0.907,-0.370,7.071,111.707,-115.207
-0.000,-0.000,0.000,-0.000,0.907,-0.370,7.158,111.681,-115.322
-0.001,-0.000,0.000,-0.000,0.907,-0.370,7.152,111.682,-115.298
-0.000,-0.000,0.001,-0.000,0.907,-0.370,7.130,111.687,-115.264
-0.003,-0.000,-0.002,0.000,0.907,-0.371,7.126,111.693,-115.203
-0.001,-0.000,0.001,0.000,0.907,-0.371,7.125,111.690,-115.272
0.001,-0.001,0.000,-0.000,0.907,-0.371,7.127,111.693,-115.252
0.001,-0.000,-0.001,-0.000,0.907,-0.371,7.155,111.682,-115.327
-0.001,-0.000,0.000,0.000,0.907,-0.370,7.266,111.643,-115.582
-0.000,0.001,0.000,-0.000,0.906,-0.371,7.301,111.642,-115.635
-0.003,-0.000,-0.001,-0.000,0.907,-0.371,7.279,111.653,-115.617
-0.000,0.001,0.000,-0.000,0.907,-0.371,7.273,111.661,-115.587
0.001,-0.001,-0.001,0.000,0.907,-0.370,7.192,111.671,-115.570
0.001,0.001,0.000,-0.000,0.907,-0.371,7.154,111.681,-115.531
-0.000,-0.000,-0.001,-0.000,0.907,-0.371,7.098,111.701,-115.431
-0.000,-0.001,-0.001,-0.000,0.906,-0.371,7.081,111.711,-115.351
-0.003,-0.000,0.000,-0.000,0.907,-0.371,7.052,111.716,-115.298
-0.000,-0.001,0.000,-0.000,0.907,-0.371,7.036,111.712,-115.317
-0.000,-0.000,0.000,-0.000,0.907,-0.371,7.076,111.702,-115.346
0.001,-0.000,0.000,-0.000,0.907,-0.371,7.092,111.701,-115.345
-0.001,-0.000,0.000,-0.000,0.907,-0.370,7.119,111.695,-115.350
-0.000,-0.001,0.000,-0.000,0.907,-0.370,7.107,111.692,-115.352
-0.001,-0.001,-0.002,0.001,0.907,-0.371,7.142,111.681,-115.420
-0.000,-0.000,0.001,-0.001,0.907,-0.371,7.128,111.683,-115.424
-0.001,-0.000,0.000,-0.001,0.907,-0.371,7.126,111.684,-115.417
-0.000,0.001,-0.001,-0.001,0.907,-0.371,7.152,111.677,-115.472
-0.001,-0.001,0.000,-0.001,0.907,-0.371,7.135,111.686,-115.419
-0.000,0.001,-0.001,-0.001,0.907,-0.371,7.060,111.711,-115.232
-0.000,-0.000,0.001,-0.001,0.907,-0.371,7.064,111.706,-115.237
-0.003,0.001,0.000,0.000,0.907,-0.371,7.067,111.709,-115.184
-0.000,-0.000,-0.001,0.000,0.907,-0.371,7.048,111.710,-115.181
-0.001,-0.000,0.000,0.000,0.907,-0.371,6.993,111.717,-115.149
-0.001,-0.000,0.000,0.000,0.907,-0.371,7.057,111.706,-115.148
-0.001,-0.001,0.000,0.000,0.907,-0.371,7.106,111.700,-115.104
0.001,-0.000,0.001,-0.001,0.907,-0.370,7.106,111.693,-115.073
0.001,-0.000,0.000,0.000,0.907,-0.371,7.064,111.699,-115.030
0.001,-0.001,0.000,0.000,0.907,-0.371,7.044,111.702,-115.018
-0.000,0.001,0.000,-0.000,0.906,-0.371,7.043,111.697,-115.096
-0.001,-0.000,-0.001,-0.001,0.906,-0.370,7.033,111.697,-115.128
0.001,-0.000,-0.001,0.000,0.907,-0.370,7.034,111.696,-115.122
-0.003,-0.001,0.001,0.000,0.907,-0.370,7.019,111.698,-115.076
-0.001,-0.000,0.000,0.000,0.907,-0.370,6.974,111.702,-115.075
0.001,-0.001,0.000,0.000,0.907,-0.370,7.050,111.682,-115.150
-0.001,0.001,-0.001,0.000,0.907,-0.370,7.052,111.674,-115.174
0.001,0.001,0.001,-0.001,0.907,-0.371,7.011,111.688,-115.127
0.001,0.001,0.001,-0.001,0.907,-0.371,6.955,111.712,-114.979
-0.003,-0.000,-0.001,-0.000,0.907,-0.371,6.981,111.705,-115.051
-0.000,-0.000,0.001,-0.000,0.907,-0.371,7.042,111.692,-115.124
-0.001,-0.001,0.001,-0.000,0.907,-0.371,7.120,111.680,-115.171
-0.001,-0.000,0.000,-0.000,0.907,-0.371,7.156,111.673,-115.221
-0.000,-0.003,0.000,-0.000,0.907,-0.371,7.146,111.673,-115.263
-0.001,0.001,0.000,-0.000,0.907,-0.370,7.116,111.676,-115.260
0.001,0.001,0.000,0.000,0.907,-0.371,7.081,111.683,-115.254
-0.000,-0.000,0.000,0.000,0.907,-0.371,7.149,111.659,-115.486
-0.000,0.002,0.000,-0.000,0.907,-0.371,7.115,111.668,-115.476
0.001,-0.001,0.000,-0.000,0.907,-0.370,7.171,111.661,-115.490
-0.000,-0.001,0.000,0.000,0.907,-0.371,7.239,111.655,-115.499
-0.001,-0.001,-0.001,0.000,0.907,-0.371,7.263,111.658,-115.481
0.001,-0.000,0.000,-0.001,0.907,-0.371,7.232,111.669,-115.444
0.001,-0.000,0.000,-0.000,0.907,-0.370,7.221,111.667,-115.454
0.001,-0.000,0.000,-0.000,0.907,-0.370,7.185,111.671,-115.405
-0.001,-0.001,0.000,-0.000,0.907,-0.371,7.246,111.655,-115.467
0.001,-0.000,0.000,-0.000,0.907,-0.371,7.245,111.657,-115.475
-0.000,-0.001,-0.001,-0.000,0.907,-0.371,7.205,111.666,-115.431
-0.000,-0.001,0.001,0.000,0.908,-0.371,7.162,111.676,-115.382
-0.001,-0.001,0.000,-0.000,0.908,-0.371,7.120,111.690,-115.250
-0.001,0.001,0.001,-0.000,0.908,-0.371,7.114,111.691,-115.207
-0.001,-0.000,0.000,0.000,0.907,-0.372,7.074,111.708,-115.138
0.002,0.001,0.000,0.000,0.907,-0.371,7.057,111.710,-115.160
-0.000,-0.000,0.000,0.000,0.907,-0.371,7.051,111.713,-115.107
-0.000,-0.001,-0.001,0.000,0.907,-0.371,7.071,111.706,-115.127
0.001,-0.000,0.001,0.000,0.907,-0.371,7.117,111.693,-115.179
-0.000,0.001,0.000,0.000,0.907,-0.371,7.103,111.697,-115.124
-0.000,-0.001,-0.001,-0.000,0.907,-0.371,7.172,111.675,-115.266
0.001,-0.003,0.000,-0.000,0.907,-0.371,7.168,111.677,-115.289
0.001,-0.000,-0.001,0.000,0.907,-0.371,7.130,111.682,-115.304
0.001,-0.000,0.000,0.000,0.907,-0.371,7.129,111.680,-115.347
-0.000,-0.001,-0.002,-0.001,0.907,-0.371,7.139,111.683,-115.354
-0.000,0.001,0.000,0.000,0.907,-0.371,7.127,111.690,-115.328
-0.004,0.001,0.000,0.000,0.907,-0.371,7.078,111.703,-115.267
0.001,-0.000,-0.001,-0.000,0.907,-0.370,7.141,111.683,-115.361
-0.000,-0.001,0.000,0.000,0.907,-0.371,7.168,111.675,-115.408
-0.001,-0.000,0.003,0.000,0.907,-0.371,7.157,111.677,-115.432
-0.001,-0.001,0.000,-0.000,0.907,-0.370,7.147,111.675,-115.423
-0.001,-0.000,0.000,-0.000,0.907,-0.371,7.117,111.689,-115.365
-0.000,-0.003,0.000,-0.000,0.907,-0.371,7.070,111.708,-115.278
-0.000,0.001,0.000,-0.000,0.907,-0.371,7.019,111.724,-115.212
-0.001,-0.000,0.000,-0.001,0.906,-0.371,7.161,111.695,-115.361
-0.000,-0.000,0.001,-0.001,0.906,-0.371,7.170,111.695,-115.391
-0.000,-0.001,0.000,-0.001,0.907,-0.370,7.234,111.676,-115.432
-0.001,0.001,-0.001,0.000,0.907,-0.371,7.247,111.672,-115.430
-0.003,-0.000,-0.001,0.000,0.907,-0.371,7.268,111.666,-115.454
0.001,-0.001,0.001,-0.000,0.907,-0.370,7.220,111.663,-115.517
-0.001,-0.001,0.001,0.000,0.907,-0.371,7.135,111.685,-115.378
-0.000,-0.000,-0.001,0.000,0.907,-0.371,7.179,111.679,-115.400
-0.000,-0.000,-0.002,0.000,0.907,-0.371,7.123,111.700,-115.278
-0.001,0.001,0.000,0.000,0.907,-0.370,7.056,111.713,-115.129
-0.003,-0.000,0.001,-0.000,0.907,-0.370,7.036,111.711,-115.077
0.002,-0.001,0.000,-0.000,0.907,-0.370,7.045,111.698,-115.114
0.001,-0.000,0.001,0.000,0.908,-0.371,7.072,111.692,-115.148
-0.000,0.001,-0.001,-0.000,0.907,-0.370,7.127,111.677,-115.244
-0.001,-0.001,0.001,-0.000,0.907,-0.370,7.143,111.667,-115.342
-0.000,-0.001,0.000,-0.000,0.907,-0.371,7.151,111.665,-115.386
-0.000,-0.000,0.000,-0.000,0.907,-0.371,7.172,111.656,-115.537
-0.000,-0.000,0.001,0.000,0.907,-0.370,7.139,111.662,-115.546
-0.001,-0.000,0.000,0.000,0.907,-0.370,7.046,111.676,-115.492
-0.000,-0.001,-0.001,-0.000,0.907,-0.370,7.001,111.685,-115.458
-0.000,-0.001,0.001,0.000,0.907,-0.371,7.054,111.678,-115.484
-0.000,0.001,0.000,0.000,0.907,-0.371,6.983,111.708,-115.280
0.001,0.001,0.000,0.000,0.907,-0.371,7.020,111.697,-115.343
0.001,-0.001,0.000,0.000,0.907,-0.371,7.053,111.686,-115.416
-0.003,-0.001,0.000,0.000,0.907,-0.371,7.050,111.688,-115.389
-0.000,-0.000,-0.001,-0.001,0.907,-0.371,7.072,111.691,-115.381
-0.003,-0.000,-0.001,-0.000,0.907,-0.370,7.107,111.680,-115.388
-0.001,-0.000,0.001,-0.000,0.907,-0.370,7.138,111.670,-115.404
-0.000,-0.000,0.000,0.000,0.907,-0.371,7.130,111.675,-115.357
-0.001,-0.000,0.000,-0.000,0.907,-0.370,7.116,111.676,-115.344
0.001,-0.001,0.000,-0.000,0.907,-0.370,7.151,111.667,-115.381
-0.001,-0.001,-0.001,-0.000,0.907,-0.370,7.180,111.654,-115.439
-0.000,-0.000,-0.001,-0.000,0.907,-0.371,7.106,111.676,-115.314
0.001,-0.000,-0.001,-0.000,0.907,-0.371,7.083,111.687,-115.259
-0.001,-0.000,0.000,0.000,0.907,-0.371,7.104,111.680,-115.334
-0.003,-0.000,0.000,-0.000,0.907,-0.370,7.177,111.661,-115.455
0.001,0.001,-0.001,-0.000,0.908,-0.371,7.211,111.661,-115.427
0.001,-0.000,-0.001,-0.000,0.908,-0.371,7.226,111.661,-115.435
0.002,-0.001,-0.001,-0.001,0.907,-0.370,7.209,111.666,-115.399
-0.000,-0.000,0.000,0.000,0.907,-0.370,7.170,111.672,-115.347
-0.003,0.001,-0.001,0.000,0.907,-0.370,7.228,111.653,-115.424
0.001,-0.000,0.000,0.000,0.907,-0.371,7.246,111.650,-115.460
0.001,-0.003,0.000,-0.000,0.907,-0.371,7.182,111.671,-115.364
-0.001,-0.003,0.000,-0.000,0.907,-0.371,7.149,111.684,-115.293
0.001,0.001,0.001,-0.000,0.907,-0.371,7.170,111.683,-115.296
-0.001,-0.000,0.001,-0.000,0.907,-0.372,7.182,111.686,-115.318
-0.003,-0.000,0.000,0.000,0.907,-0.371,7.183,111.684,-115.355
-0.001,-0.000,0.000,0.000,0.907,-0.371,7.197,111.678,-115.382
-0.001,0.002,0.000,0.000,0.907,-0.371,7.142,111.686,-115.340
-0.001,0.002,0.000,0.000,0.907,-0.370,7.081,111.700,-115.237
-0.000,-0.000,0.000,0.000,0.907,-0.370,7.004,111.713,-115.168
-0.003,-0.000,-0.001,-0.000,0.907,-0.371,7.008,111.715,-115.179
0.001,-0.001,0.001,-0.000,0.907,-0.370,7.017,111.718,-115.102
0.001,0.001,0.000,-0.000,0.907,-0.370,7.070,111.704,-115.109
-0.000,0.001,0.000,-0.000,0.907,-0.371,7.093,111.703,-115.076
0.001,-0.000,-0.001,-0.000,0.907,-0.371,7.090,111.697,-115.155
-0.000,-0.000,0.000,-0.000,0.907,-0.371,7.082,111.702,-115.139
-0.004,-0.003,0.000,-0.000,0.907,-0.371,7.081,111.706,-115.097
-0.000,-0.001,-0.001,0.000,0.908,-0.371,7.106,111.702,-115.095
-0.001,0.001,0.000,0.000,0.908,-0.371,7.109,111.699,-115.094
0.001,-0.000,0.000,-0.001,0.908,-0.370,7.104,111.691,-115.122
-0.001,-0.000,-0.001,0.000,0.907,-0.371,7.172,111.675,-115.163
-0.000,-0.000,0.001,0.000,0.907,-0.371,7.182,111.673,-115.169
-0.000,-0.000,0.000,0.000,0.907,-0.371,7.153,111.675,-115.210
-0.000,-0.000,-0.001,0.000,0.907,-0.370,7.091,111.688,-115.138
0.001,-0.000,0.001,0.000,0.908,-0.370,7.056,111.696,-115.056
-0.000,-0.000,-0.001,0.000,0.908,-0.370,7.023,111.701,-114.971
-0.001,-0.001,0.001,0.000,0.907,-0.371,7.011,111.702,-114.963
0.001,-0.000,0.001,0.000,0.907,-0.371,7.088,111.678,-115.117
-0.001,-0.003,0.001,0.000,0.907,-0.371,7.067,111.682,-115.100
-0.000,-0.000,0.000,-0.000,0.907,-0.370,7.056,111.683,-115.085
0.001,-0.000,0.000,0.000,0.907,-0.370,7.061,111.682,-115.085
0.001,-0.000,0.000,0.000,0.907,-0.371,7.152,111.661,-115.229
-0.001,-0.000,0.001,0.000,0.907,-0.371,7.121,111.673,-115.225
-0.000,-0.000,0.000,-0.000,0.907,-0.371,7.061,111.692,-115.134
-0.001,-0.000,0.000,0.000,0.907,-0.370,7.111,111.681,-115.173
-0.000,-0.000,-0.001,0.000,0.907,-0.370,7.124,111.672,-115.234
0.001,-0.001,0.001,-0.000,0.906,-0.371,7.125,111.668,-115.320
-0.001,0.001,0.001,-0.000,0.907,-0.370,7.079,111.671,-115.402
-0.001,-0.000,0.000,-0.000,0.907,-0.370,7.096,111.665,-115.465
-0.000,0.001,0.000,0.000,0.907,-0.370,7.097,111.669,-115.400
-0.001,-0.000,0.000,0.000,0.907,-0.370,7.058,111.680,-115.304
-0.000,-0.000,0.001,0.000,0.907,-0.370,7.062,111.677,-115.292
-0.001,-0.001,0.001,-0.000,0.908,-0.371,7.082,111.678,-115.266
-0.003,-0.001,0.001,0.000,0.907,-0.371,7.139,111.663,-115.383
0.004,-0.001,0.001,0.000,0.907,-0.371,7.129,111.663,-115.464
-0.001,-0.000,0.000,-0.000,0.907,-0.370,7.114,111.664,-115.468
-0.001,0.001,0.000,-0.001,0.907,-0.371,7.126,111.667,-115.432
-0.001,0.001,0.000,-0.001,0.907,-0.371,7.112,111.671,-115.430
-0.000,-0.000,-0.001,-0.001,0.907,-0.370,7.096,111.679,-115.348
-0.001,-0.000,-0.001,0.000,0.908,-0.370,7.057,111.691,-115.222
-0.000,-0.000,0.000,0.000,0.907,-0.370,7.026,111.689,-115.171
-0.003,0.001,-0.001,0.000,0.907,-0.370,7.060,111.674,-115.222
-0.000,0.001,0.000,-0.000,0.907,-0.372,7.069,111.683,-115.250
-0.001,-0.000,0.000,-0.001,0.906,-0.370,7.055,111.692,-115.228
-0.001,0.001,-0.001,-0.001,0.906,-0.370,7.036,111.695,-115.223
-0.000,-0.001,0.000,-0.000,0.907,-0.371,7.134,111.673,-115.337
-0.001,-0.000,-0.001,-0.000,0.907,-0.371,7.202,111.654,-115.463
0.001,0.001,0.000,-0.000,0.907,-0.371,7.265,111.637,-115.597
-0.003,-0.000,0.000,0.000,0.907,-0.371,7.275,111.635,-115.648
-0.003,-0.000,0.000,0.000,0.907,-0.371,7.294,111.644,-115.631
-0.001,0.001,0.000,-0.000,0.907,-0.371,7.258,111.658,-115.599
-0.000,-0.000,0.001,-0.000,0.907,-0.371,7.236,111.667,-115.580
-0.000,-0.001,0.000,-0.000,0.907,-0.370,7.241,111.662,-115.613
0.001,-0.000,-0.001,-0.000,0.907,-0.370,7.206,111.663,-115.608
-0.000,-0.001,0.000,-0.000,0.907,-0.370,7.148,111.667,-115.561
-0.001,-0.000,0.001,0.000,0.907,-0.370,7.143,111.670,-115.511
0.002,-0.000,0.000,0.000,0.907,-0.371,7.151,111.667,-115.548
-0.000,0.001,0.000,0.000,0.907,-0.371,7.183,111.656,-115.699
0.001,-0.000,0.001,-0.000,0.907,-0.370,7.216,111.644,-115.788
-0.000,-0.001,0.000,-0.000,0.907,-0.371,7.189,111.658,-115.682
0.001,-0.000,-0.001,-0.000,0.907,-0.371,7.254,111.650,-115.706
-0.000,-0.001,0.001,-0.000,0.907,-0.371,7.263,111.654,-115.662
-0.001,-0.001,-0.001,0.000,0.907,-0.370,7.251,111.655,-115.629
-0.000,-0.003,-0.001,0.000,0.907,-0.370,7.261,111.644,-115.674
0.001,-0.001,-0.001,-0.000,0.907,-0.370,7.266,111.643,-115.662
-0.000,-0.000,0.000,-0.000,0.907,-0.371,7.219,111.652,-115.626
-0.000,-0.001,0.000,-0.000,0.907,-0.371,7.188,111.660,-115.603
0.001,-0.001,0.000,-0.000,0.907,-0.371,7.189,111.661,-115.630
-0.000,-0.000,0.000,-0.000,0.907,-0.371,7.155,111.673,-115.575
0.001,-0.001,-0.001,-0.000,0.907,-0.370,7.097,111.688,-115.470
0.001,-0.000,0.000,-0.000,0.907,-0.370,7.093,111.684,-115.479
-0.003,0.001,0.001,0.000,0.908,-0.371,7.025,111.703,-115.357
-0.001,-0.003,0.000,-0.000,0.907,-0.371,7.072,111.692,-115.429
-0.001,-0.000,0.000,-0.000,0.907,-0.371,7.108,111.692,-115.433
0.002,-0.000,0.000,0.000,0.907,-0.372,7.170,111.683,-115.520
0.001,-0.001,0.000,0.000,0.907,-0.370,7.183,111.677,-115.580
-0.000,-0.000,-0.001,0.000,0.907,-0.370,7.165,111.677,-115.539
0.002,0.002,0.000,0.000,0.907,-0.370,7.136,111.674,-115.517
-0.001,-0.001,0.000,0.000,0.907,-0.371,7.122,111.675,-115.526
-0.000,-0.000,-0.001,0.000,0.907,-0.370,7.120,111.676,-115.499
0.001,-0.000,-0.002,0.000,0.907,-0.370,7.114,111.680,-115.428
-0.000,0.001,0.000,0.000,0.907,-0.371,7.127,111.685,-115.357
-0.001,-0.000,0.000,-0.000,0.908,-0.371,7.119,111.689,-115.325
-0.000,-0.000,-0.001,-0.000,0.908,-0.371,7.117,111.695,-115.262
-0.001,-0.001,0.000,0.000,0.907,-0.371,7.086,111.696,-115.269
0.001,-0.000,0.000,-0.000,0.907,-0.370,7.070,111.702,-115.187
-0.000,0.001,0.000,-0.000,0.907,-0.370,7.070,111.702,-115.134
-0.003,0.002,0.000,0.000,0.907,-0.371,7.133,111.688,-115.231
-0.000,-0.000,-0.001,-0.000,0.907,-0.371,7.142,111.684,-115.314
-0.000,0.001,0.000,-0.000,0.907,-0.371,7.141,111.680,-115.416
-0.001,-0.000,-0.001,0.000,0.907,-0.371,7.099,111.688,-115.427
0.001,-0.001,0.000,0.000,0.907,-0.372,7.039,111.702,-115.410
-0.003,0.001,-0.001,0.000,0.907,-0.372,7.079,111.696,-115.488
-0.000,-0.001,0.001,-0.000,0.907,-0.371,7.118,111.686,-115.571
-0.001,-0.000,0.000,-0.000,0.907,-0.371,7.126,111.685,-115.585
-0.001,-0.001,0.000,-0.000,0.907,-0.371,7.109,111.688,-115.573
0.001,-0.000,-0.001,0.000,0.907,-0.370,7.155,111.678,-115.539
0.001,-0.000,0.001,0.000,0.907,-0.370,7.152,111.678,-115.469
-0.000,-0.000,-0.001,0.000,0.907,-0.370,7.090,111.683,-115.452
-0.000,0.001,0.001,0.000,0.907,-0.370,7.126,111.666,-115.553
-0.001,-0.000,-0.001,-0.000,0.907,-0.371,7.133,111.672,-115.525
0.002,-0.000,0.000,-0.000,0.907,-0.370,7.169,111.670,-115.503
-0.000,-0.000,0.000,-0.000,0.907,-0.370,7.218,111.659,-115.516
-0.001,0.001,-0.001,-0.000,0.907,-0.370,7.271,111.646,-115.560
-0.000,-0.001,-0.001,-0.000,0.908,-0.371,7.262,111.652,-115.517
0.001,-0.000,-0.001,-0.000,0.908,-0.371,7.199,111.676,-115.360
-0.001,-0.000,-0.001,-0.000,0.907,-0.371,7.084,111.709,-115.140
0.001,-0.001,0.000,-0.000,0.907,-0.370,6.965,111.728,-115.004
-0.001,-0.000,0.000,-0.000,0.907,-0.371,7.043,111.709,-115.099
-0.000,0.001,0.000,-0.000,0.907,-0.371,7.120,111.696,-115.185
-0.000,-0.000,0.000,0.000,0.908,-0.371,7.113,111.696,-115.140
-0.000,-0.001,0.000,0.000,0.907,-0.371,7.185,111.677,-115.217
-0.000,-0.000,0.001,0.000,0.907,-0.371,7.204,111.670,-115.280
0.002,-0.001,-0.001,-0.000,0.907,-0.371,7.216,111.667,-115.346
-0.001,-0.001,0.000,-0.000,0.907,-0.371,7.172,111.675,-115.364
-0.000,-0.000,0.000,-0.000,0.907,-0.371,7.110,111.691,-115.275
-0.001,-0.001,0.000,-0.000,0.907,-0.371,7.068,111.698,-115.240
-0.001,-0.000,0.000,0.000,0.907,-0.371,7.020,111.712,-115.139
0.001,-0.000,-0.001,0.000,0.907,-0.371,6.983,111.714,-115.150
-0.001,-0.001,0.000,-0.000,0.907,-0.371,6.962,111.714,-115.208
-0.001,-0.001,0.000,0.000,0.907,-0.371,6.968,111.719,-115.158
0.001,-0.000,-0.001,0.000,0.907,-0.371,7.005,111.720,-115.105
-0.000,-0.001,0.001,0.000,0.906,-0.371,7.011,111.728,-115.023
0.001,0.001,0.001,-0.000,0.908,-0.370,6.993,111.734,-114.944
-0.000,-0.000,0.000,-0.000,0.908,-0.370,7.016,111.712,-115.079
-0.003,-0.000,0.001,-0.000,0.907,-0.370,7.000,111.709,-115.062
-0.000,0.001,0.001,-0.000,0.907,-0.371,6.983,111.712,-115.039
-0.000,-0.000,0.000,0.000,0.907,-0.371,6.935,111.719,-115.015
-0.004,-0.001,0.000,0.000,0.907,-0.371,7.059,111.691,-115.144
-0.000,-0.001,0.000,0.000,0.908,-0.370,7.152,111.666,-115.228
-0.003,0.001,0.000,0.000,0.906,-0.370,7.211,111.655,-115.229
-0.000,-0.000,-0.001,0.000,0.906,-0.370,7.258,111.640,-115.324
-0.001,0.001,0.001,-0.000,0.907,-0.371,7.216,111.656,-115.300
-0.000,-0.000,-0.001,0.000,0.907,-0.370,7.154,111.673,-115.227
-0.001,0.001,0.000,-0.000,0.907,-0.371,7.087,111.688,-115.144
0.001,0.001,0.000,-0.000,0.907,-0.371,7.048,111.697,-115.097
-0.000,0.001,-0.001,0.000,0.907,-0.372,7.080,111.697,-115.140
0.001,-0.001,0.000,0.000,0.907,-0.371,7.122,111.680,-115.336
0.002,0.001,0.001,0.000,0.907,-0.371,7.159,111.672,-115.405
0.002,-0.004,-0.001,-0.001,0.907,-0.370,7.176,111.660,-115.523
-0.000,-0.001,0.000,-0.000,0.907,-0.370,7.195,111.653,-115.583
-0.000,-0.001,-0.001,-0.000,0.907,-0.370,7.249,111.638,-115.702
-0.000,-0.001,-0.001,-0.000,0.907,-0.370,7.279,111.629,-115.766
-0.001,-0.000,0.000,-0.000,0.907,-0.370,7.308,111.624,-115.765
-0.001,-0.001,-0.001,-0.000,0.907,-0.371,7.250,111.654,-115.616
-0.000,-0.000,0.000,-0.000,0.907,-0.370,7.201,111.673,-115.455
-0.000,-0.001,-0.001,-0.000,0.907,-0.371,7.216,111.673,-115.428
-0.003,-0.000,-0.001,-0.000,0.907,-0.371,7.166,111.690,-115.313
-0.000,0.001,0.000,-0.001,0.907,-0.371,7.136,111.696,-115.285
-0.000,-0.000,0.000,-0.000,0.907,-0.371,7.097,111.708,-115.186
-0.000,-0.001,-0.001,-0.000,0.907,-0.371,7.093,111.710,-115.126
0.001,0.001,-0.001,-0.000,0.907,-0.371,7.093,111.708,-115.143
-0.001,-0.000,-0.001,-0.000,0.907,-0.370,7.094,111.701,-115.197
-0.000,-0.000,0.000,0.000,0.907,-0.371,7.070,111.693,-115.255
0.001,-0.000,0.000,0.000,0.907,-0.371,7.029,111.702,-115.212
-0.003,-0.001,0.000,-0.000,0.907,-0.371,7.078,111.694,-115.286
-0.000,-0.000,0.000,-0.001,0.907,-0.371,7.138,111.684,-115.372
0.002,-0.001,0.000,-0.001,0.907,-0.371,7.166,111.681,-115.407
-0.000,0.001,0.001,0.000,0.907,-0.370,7.139,111.683,-115.378
0.001,-0.001,0.000,0.000,0.907,-0.371,7.153,111.677,-115.417
-0.000,-0.000,-0.001,0.000,0.907,-0.371,7.146,111.682,-115.389
-0.000,-0.000,0.001,0.000,0.907,-0.371,7.134,111.683,-115.385
-0.000,-0.000,0.001,-0.000,0.907,-0.370,7.161,111.673,-115.421
-0.001,-0.000,0.000,-0.001,0.907,-0.370,7.229,111.649,-115.515
-0.000,-0.001,-0.001,-0.001,0.907,-0.370,7.246,111.642,-115.541
-0.001,-0.000,0.001,-0.001,0.907,-0.370,7.260,111.640,-115.563
-0.001,-0.000,0.000,-0.000,0.906,-0.371,7.226,111.653,-115.513
-0.003,-0.001,0.000,-0.000,0.906,-0.371,7.191,111.665,-115.495
0.001,-0.001,0.000,0.000,0.907,-0.371,7.200,111.666,-115.500
0.001,-0.003,-0.002,0.000,0.907,-0.371,7.192,111.667,-115.529
-0.000,-0.000,0.000,0.000,0.907,-0.371,7.256,111.654,-115.570
-0.001,-0.000,-0.001,-0.000,0.907,-0.370,7.172,111.670,-115.482
-0.001,0.001,0.000,-0.001,0.907,-0.371,7.161,111.670,-115.455
0.001,-0.001,0.000,-0.001,0.907,-0.371,7.178,111.665,-115.536
0.001,-0.000,0.000,-0.000,0.907,-0.372,7.158,111.681,-115.524
-0.001,-0.001,0.000,0.000,0.907,-0.371,7.135,111.688,-115.513
-0.000,0.002,0.000,0.000,0.907,-0.371,7.118,111.687,-115.508
-0.000,-0.000,0.001,0.000,0.907,-0.370,7.136,111.676,-115.566
-0.000,-0.001,0.000,-0.000,0.907,-0.371,7.124,111.672,-115.623
-0.000,0.001,0.001,-0.000,0.907,-0.371,7.053,111.691,-115.522
0.001,-0.000,0.000,-0.000,0.907,-0.370,7.028,111.694,-115.481
-0.000,-0.000,0.000,0.000,0.907,-0.371,6.942,111.715,-115.361
-0.003,-0.000,0.000,0.000,0.907,-0.371,6.914,111.725,-115.277
-0.003,-0.000,0.000,0.000,0.907,-0.371,6.958,111.714,-115.316
-0.001,-0.000,0.000,0.000,0.908,-0.371,7.005,111.707,-115.362
-0.001,-0.000,0.000,-0.000,0.907,-0.370,7.072,111.693,-115.402
0.001,-0.000,0.000,-0.000,0.907,-0.370,7.156,111.671,-115.500
-0.001,-0.000,0.000,-0.001,0.907,-0.370,7.220,111.644,-115.624
-0.000,-0.001,0.001,-0.000,0.908,-0.370,7.246,111.635,-115.648
-0.001,-0.000,0.000,-0.000,0.908,-0.370,7.270,111.631,-115.643
0.001,-0.001,-0.001,-0.000,0.908,-0.371,7.217,111.655,-115.487
-0.001,-0.001,-0.001,-0.000,0.907,-0.370,7.254,111.646,-115.506
-0.000,-0.000,-0.001,-0.000,0.907,-0.371,7.200,111.656,-115.490
-0.003,-0.000,0.000,-0.000,0.907,-0.371,7.179,111.659,-115.540
-0.000,-0.001,0.000,-0.001,0.908,-0.371,7.145,111.671,-115.493
-0.000,-0.000,0.000,-0.001,0.908,-0.370,7.154,111.668,-115.498
-0.000,-0.001,-0.001,-0.001,0.908,-0.370,7.166,111.662,-115.492
0.001,-0.001,0.000,-0.000,0.908,-0.371,7.185,111.658,-115.471
0.001,0.001,0.000,-0.000,0.908,-0.371,7.160,111.662,-115.453
0.002,-0.000,0.000,0.000,0.907,-0.371,7.132,111.675,-115.416
0.001,-0.001,0.000,0.000,0.907,-0.370,7.202,111.657,-115.487
0.001,0.001,0.000,-0.001,0.908,-0.370,7.147,111.658,-115.499
-0.000,-0.001,0.000,-0.001,0.908,-0.370,7.123,111.655,-115.476
-0.000,0.001,0.000,-0.000,0.907,-0.370,7.116,111.662,-115.421
0.001,-0.000,0.000,-0.001,0.907,-0.370,7.110,111.663,-115.385
-0.000,-0.001,0.000,-0.001,0.907,-0.370,7.110,111.659,-115.385
0.001,0.001,0.000,0.000,0.907,-0.371,7.131,111.662,-115.403
-0.000,-0.000,-0.001,0.000,0.907,-0.371,7.103,111.674,-115.367
-0.000,-0.000,0.001,0.000,0.907,-0.371,7.108,111.683,-115.324
-0.000,-0.000,0.000,-0.000,0.907,-0.370,7.089,111.683,-115.285
-0.000,-0.000,0.000,-0.000,0.907,-0.370,7.122,111.666,-115.385
-0.003,-0.003,0.000,0.000,0.907,-0.370,7.151,111.660,-115.417
-0.001,-0.000,0.000,0.000,0.907,-0.370,7.127,111.659,-115.480
0.001,-0.000,0.000,-0.000,0.907,-0.371,7.093,111.671,-115.491
-0.001,0.001,0.000,0.000,0.907,-0.371,7.065,111.678,-115.516
0.001,0.001,0.000,0.000,0.907,-0.371,7.086,111.679,-115.545
-0.001,0.001,-0.001,-0.001,0.907,-0.370,7.124,111.667,-115.588
-0.003,-0.001,0.001,-0.001,0.907,-0.371,7.078,111.674,-115.600
-0.000,-0.001,-0.001,-0.001,0.907,-0.371,7.100,111.671,-115.639
-0.001,-0.000,0.000,0.000,0.907,-0.371,7.033,111.686,-115.596
-0.000,-0.000,0.000,-0.000,0.907,-0.371,7.128,111.673,-115.631
-0.000,0.001,0.000,0.001,0.907,-0.371,7.153,111.667,-115.676
0.001,-0.001,0.000,0.001,0.907,-0.371,7.152,111.669,-115.674
-0.000,0.001,0.000,-0.001,0.907,-0.370,7.157,111.671,-115.638
-0.000,-0.000,0.000,-0.001,0.907,-0.370,7.223,111.659,-115.669
-0.000,-0.000,0.000,-0.001,0.907,-0.370,7.219,111.656,-115.694
-0.001,-0.000,0.000,-0.001,0.908,-0.370,7.164,111.668,-115.617
-0.000,-0.000,0.000,-0.001,0.908,-0.370,7.170,111.663,-115.622
0.001,-0.000,0.000,0.000,0.907,-0.371,7.122,111.678,-115.574
-0.000,0.001,-0.001,0.000,0.907,-0.371,7.062,111.697,-115.462
-0.000,-0.000,0.000,0.000,0.907,-0.371,7.008,111.712,-115.355
0.001,-0.000,0.000,0.000,0.907,-0.371,6.984,111.722,-115.260
-0.000,0.001,0.000,0.000,0.907,-0.370,7.024,111.709,-115.288
-0.004,0.001,0.000,0.000,0.907,-0.371,7.051,111.704,-115.263
0.002,0.001,0.000,0.000,0.907,-0.371,7.078,111.702,-115.251
-0.000,0.001,-0.001,0.000,0.907,-0.371,7.096,111.702,-115.228
-0.001,-0.000,0.000,-0.001,0.908,-0.370,7.128,111.690,-115.288
0.001,-0.000,0.000,-0.001,0.908,-0.370,7.096,111.691,-115.262
-0.001,0.001,0.000,-0.000,0.907,-0.371,7.008,111.708,-115.241
-0.001,-0.000,0.000,-0.000,0.907,-0.370,6.997,111.704,-115.216
0.001,-0.000,0.001,0.000,0.907,-0.371,7.077,111.699,-115.108
-0.001,-0.000,-0.001,0.000,0.907,-0.371,7.106,111.696,-115.097
0.002,-0.000,0.000,-0.001,0.908,-0.371,7.145,111.685,-115.169
-0.001,0.001,0.000,-0.000,0.907,-0.371,7.153,111.682,-115.194
-0.000,0.001,0.000,-0.000,0.907,-0.371,7.180,111.670,-115.342
-0.000,-0.000,0.000,-0.000,0.907,-0.371,7.203,111.665,-115.381
0.001,-0.000,0.000,-0.000,0.907,-0.370,7.205,111.654,-115.500
-0.000,-0.000,0.000,-0.000,0.907,-0.370,7.213,111.648,-115.524
-0.000,0.001,0.000,-0.000,0.906,-0.371,7.188,111.670,-115.372
-0.001,-0.000,0.000,-0.000,0.907,-0.370,7.203,111.668,-115.333
-0.001,-0.000,0.001,0.000,0.907,-0.370,7.197,111.666,-115.345
-0.000,-0.000,0.000,0.000,0.907,-0.370,7.172,111.665,-115.373
0.001,-0.000,0.000,0.000,0.907,-0.371,7.159,111.660,-115.465
0.001,-0.001,0.000,0.000,0.907,-0.371,7.079,111.677,-115.415
0.001,-0.001,0.000,-0.000,0.907,-0.370,7.023,111.689,-115.350
-0.000,0.001,0.000,-0.001,0.908,-0.370,6.988,111.695,-115.283
-0.000,-0.003,0.000,-0.001,0.908,-0.370,7.047,111.682,-115.293
-0.000,-0.001,0.000,0.000,0.908,-0.371,7.000,111.697,-115.190
-0.001,0.001,0.000,0.000,0.907,-0.370,6.997,111.693,-115.210
-0.000,-0.000,0.001,-0.001,0.907,-0.371,7.016,111.687,-115.245
-0.000,-0.000,0.000,-0.001,0.907,-0.371,7.036,111.684,-115.264
-0.000,-0.001,0.000,-0.000,0.908,-0.371,7.078,111.676,-115.370
-0.000,-0.000,0.000,-0.000,0.908,-0.370,7.137,111.664,-115.434
-0.001,-0.001,0.001,-0.000,0.908,-0.370,7.156,111.660,-115.422
-0.000,0.001,0.000,0.000,0.907,-0.371,7.237,111.647,-115.496
-0.001,-0.000,-0.002,-0.000,0.907,-0.371,7.250,111.646,-115.520
-0.003,-0.000,0.000,-0.000,0.907,-0.371,7.286,111.645,-115.515
-0.000,-0.000,-0.001,-0.000,0.907,-0.371,7.288,111.649,-115.511
-0.000,-0.001,0.000,-0.000,0.907,-0.371,7.261,111.651,-115.602
-0.001,-0.000,0.000,0.000,0.908,-0.370,7.232,111.654,-115.626
-0.000,-0.000,-0.001,0.000,0.908,-0.370,7.211,111.649,-115.681
-0.000,-0.000,0.000,-0.000,0.907,-0.370,7.202,111.646,-115.671
0.001,-0.000,0.000,-0.000,0.907,-0.371,7.146,111.661,-115.569
-0.000,-0.003,0.001,-0.000,0.907,-0.371,7.132,111.674,-115.447
0.001,-0.000,0.001,-0.000,0.908,-0.370,7.119,111.676,-115.393
0.001,-0.000,-0.001,0.000,0.907,-0.371,7.107,111.678,-115.381
-0.000,-0.001,0.000,0.000,0.906,-0.371,7.021,111.704,-115.242
-0.000,0.001,0.000,0.000,0.906,-0.371,7.011,111.717,-115.123
-0.000,-0.000,-0.001,-0.000,0.907,-0.371,7.041,111.716,-115.083
0.001,-0.000,0.000,-0.000,0.907,-0.371,7.082,111.703,-115.158
-0.001,0.001,-0.001,0.000,0.907,-0.370,7.037,111.705,-115.157
-0.000,-0.000,0.001,0.000,0.907,-0.371,6.985,111.717,-115.073
-0.001,-0.000,0.000,0.000,0.907,-0.371,6.961,111.723,-115.041
-0.000,-0.000,-0.001,-0.000,0.907,-0.371,6.976,111.721,-115.080
-0.000,-0.001,-0.001,-0.000,0.907,-0.371,7.006,111.711,-115.172
-0.001,-0.000,-0.001,0.000,0.907,-0.371,6.925,111.726,-115.140
-0.001,-0.001,-0.001,0.000,0.907,-0.371,6.955,111.725,-115.126
0.001,-0.003,-0.001,0.000,0.907,-0.371,7.011,111.705,-115.254
-0.000,-0.000,0.001,0.000,0.907,-0.370,7.066,111.688,-115.319
-0.001,-0.001,0.000,0.000,0.907,-0.370,7.095,111.672,-115.379
-0.000,-0.000,0.000,-0.000,0.907,-0.370,7.095,111.665,-115.437
-0.000,-0.000,0.000,-0.001,0.907,-0.371,7.120,111.660,-115.473
-0.000,-0.000,0.001,-0.001,0.907,-0.371,7.111,111.670,-115.387
-0.000,-0.000,0.000,-0.000,0.907,-0.370,7.101,111.677,-115.316
0.002,0.001,0.000,0.000,0.908,-0.370,7.190,111.660,-115.326
0.001,-0.003,-0.001,-0.000,0.907,-0.370,7.126,111.673,-115.240
-0.001,0.001,0.000,-0.000,0.907,-0.370,7.111,111.673,-115.252
-0.000,-0.000,-0.001,-0.000,0.907,-0.371,7.117,111.675,-115.255
0.001,-0.004,0.000,-0.000,0.907,-0.371,7.139,111.665,-115.352
0.002,-0.000,0.000,-0.000,0.907,-0.371,7.166,111.655,-115.453
0.001,0.001,-0.001,0.000,0.907,-0.370,7.159,111.659,-115.373
-0.003,0.001,-0.001,0.001,0.907,-0.371,7.148,111.662,-115.337
-0.000,-0.001,0.000,0.001,0.907,-0.371,7.147,111.665,-115.335
-0.000,0.001,0.000,0.000,0.907,-0.370,7.154,111.660,-115.336
-0.000,-0.001,0.000,-0.000,0.907,-0.371,7.210,111.648,-115.419
-0.001,-0.001,0.000,-0.000,0.907,-0.371,7.231,111.647,-115.423
0.002,-0.000,0.001,-0.001,0.907,-0.370,7.304,111.627,-115.533
-0.001,0.001,-0.001,-0.000,0.907,-0.371,7.234,111.647,-115.434
-0.000,-0.001,-0.001,-0.000,0.907,-0.371,7.208,111.648,-115.489
-0.001,0.001,-0.001,-0.000,0.907,-0.370,7.177,111.648,-115.531
-0.000,-0.000,0.000,0.000,0.907,-0.371,7.147,111.655,-115.523
-0.001,-0.001,-0.001,0.000,0.907,-0.371,7.131,111.662,-115.502
0.001,0.001,0.000,0.000,0.908,-0.370,7.120,111.660,-115.523
-0.001,-0.000,-0.001,-0.000,0.907,-0.371,7.080,111.665,-115.607
0.001,-0.000,-0.001,-0.000,0.907,-0.371,7.121,111.660,-115.696
-0.001,-0.000,0.000,-0.000,0.907,-0.371,7.119,111.679,-115.538
-0.001,-0.000,0.003,0.000,0.907,-0.371,7.147,111.680,-115.552
-0.001,0.001,0.000,-0.000,0.907,-0.371,7.144,111.684,-115.549
-0.000,-0.000,0.001,-0.000,0.907,-0.371,7.137,111.688,-115.527
0.001,-0.000,0.000,-0.000,0.906,-0.371,7.127,111.699,-115.462
-0.000,0.001,-0.001,0.000,0.907,-0.371,7.194,111.687,-115.501
0.001,-0.000,0.000,0.000,0.907,-0.371,7.180,111.684,-115.520
-0.003,-0.000,0.001,-0.000,0.907,-0.370,7.177,111.681,-115.490
-0.001,-0.000,0.001,-0.000,0.907,-0.371,7.155,111.688,-115.430
0.001,-0.001,0.000,-0.000,0.908,-0.371,7.084,111.697,-115.426
-0.000,-0.003,0.000,-0.000,0.908,-0.371,7.045,111.695,-115.458
0.001,-0.000,0.000,0.000,0.907,-0.370,7.055,111.683,-115.554
0.001,-0.001,0.000,0.000,0.907,-0.370,7.042,111.690,-115.469
-0.000,0.001,0.000,0.000,0.907,-0.370,7.114,111.669,-115.604
-0.000,0.001,0.000,-0.000,0.907,-0.370,7.165,111.656,-115.678
0.001,-0.001,-0.001,-0.000,0.907,-0.371,7.218,111.647,-115.746
0.001,-0.000,-0.001,-0.000,0.907,-0.371,7.270,111.643,-115.799
0.002,-0.000,0.000,-0.000,0.907,-0.371,7.314,111.637,-115.841
-0.001,-0.001,0.000,0.000,0.907,-0.371,7.252,111.650,-115.793
-0.001,-0.001,0.001,0.000,0.907,-0.371,7.242,111.653,-115.766
0.001,0.001,0.000,0.000,0.907,-0.370,7.216,111.666,-115.634
-0.001,-0.000,0.001,-0.000,0.907,-0.370,7.280,111.652,-115.670
-0.001,-0.001,0.000,-0.000,0.907,-0.370,7.262,111.660,-115.592
0.001,-0.000,0.000,-0.001,0.907,-0.370,7.269,111.655,-115.562
-0.000,-0.000,0.000,0.000,0.907,-0.371,7.209,111.665,-115.508
0.001,-0.001,0.000,0.000,0.907,-0.371,7.117,111.672,-115.569
0.001,-0.001,0.000,0.000,0.907,-0.371,7.139,111.670,-115.576
-0.003,-0.003,0.000,-0.001,0.907,-0.371,7.130,111.678,-115.539
0.002,0.001,0.000,0.000,0.907,-0.370,7.116,111.682,-115.512
0.002,0.001,0.000,0.000,0.907,-0.370,7.088,111.689,-115.452
0.001,-0.000,0.000,-0.000,0.907,-0.370,7.087,111.686,-115.417
-0.001,-0.000,0.000,-0.000,0.907,-0.370,7.085,111.680,-115.422
-0.001,-0.000,-0.001,-0.000,0.907,-0.370,7.116,111.671,-115.397
0.001,-0.000,0.000,-0.000,0.907,-0.370,7.169,111.663,-115.353
-0.000,-0.000,0.000,-0.001,0.907,-0.371,7.246,111.654,-115.346
-0.001,-0.000,0.003,-0.001,0.907,-0.371,7.291,111.651,-115.370
-0.000,-0.000,0.000,0.000,0.907,-0.371,7.220,111.672,-115.331
0.001,-0.001,0.000,-0.000,0.907,-0.371,7.173,111.685,-115.327
-0.000,-0.000,0.001,0.000,0.907,-0.371,7.064,111.706,-115.269
-0.000,-0.001,0.003,0.000,0.907,-0.371,7.064,111.695,-115.378
-0.000,0.001,0.000,0.000,0.907,-0.370,7.142,111.671,-115.448
-0.001,0.001,-0.001,-0.000,0.907,-0.370,7.078,111.687,-115.315
-0.000,-0.001,0.000,-0.000,0.907,-0.370,7.053,111.696,-115.207
-0.000,0.002,0.000,0.000,0.908,-0.371,7.052,111.694,-115.193
-0.001,-0.001,0.000,-0.000,0.907,-0.371,7.031,111.697,-115.214
-0.000,-0.003,0.000,-0.000,0.907,-0.371,7.034,111.706,-115.192
-0.001,0.001,-0.001,-0.000,0.907,-0.371,7.032,111.703,-115.226
0.001,-0.000,0.000,-0.000,0.907,-0.370,7.034,111.695,-115.287
-0.000,-0.001,0.000,-0.000,0.907,-0.370,7.057,111.686,-115.293
0.001,-0.000,0.000,0.000,0.907,-0.371,7.042,111.688,-115.284
0.002,-0.001,-0.001,-0.000,0.907,-0.370,7.035,111.684,-115.332
-0.001,0.001,0.000,-0.000,0.907,-0.370,7.075,111.675,-115.378
-0.000,-0.000,0.000,0.000,0.907,-0.370,7.047,111.679,-115.302
-0.003,0.001,0.000,-0.001,0.907,-0.370,7.069,111.678,-115.241
-0.003,-0.000,-0.001,-0.001,0.907,-0.370,7.079,111.680,-115.177
0.001,0.001,0.000,-0.000,0.907,-0.371,7.095,111.673,-115.260
0.001,-0.001,0.001,0.000,0.907,-0.370,7.087,111.673,-115.280
-0.001,0.001,0.000,-0.000,0.907,-0.370,7.056,111.676,-115.294
-0.000,-0.000,0.000,-0.000,0.907,-0.370,7.043,111.680,-115.269
0.001,-0.001,0.001,0.000,0.907,-0.370,6.994,111.689,-115.240
0.001,-0.000,0.000,-0.000,0.907,-0.370,7.041,111.675,-115.310
0.001,-0.000,0.000,-0.000,0.907,-0.370,7.070,111.662,-115.412
-0.000,-0.000,0.000,-0.000,0.907,-0.371,7.079,111.657,-115.502
0.001,-0.000,0.000,0.000,0.907,-0.370,7.071,111.662,-115.497
0.001,0.001,0.000,0.000,0.908,-0.370,7.094,111.666,-115.399
-0.001,-0.000,0.000,0.000,0.908,-0.370,7.086,111.665,-115.346
0.001,-0.001,0.000,-0.000,0.907,-0.371,7.048,111.684,-115.243
-0.000,-0.000,0.000,-0.000,0.907,-0.371,7.033,111.691,-115.210
-0.001,-0.000,0.000,-0.000,0.907,-0.371,7.035,111.693,-115.217
0.001,-0.001,-0.001,-0.001,0.907,-0.370,7.025,111.692,-115.203
-0.001,-0.000,0.000,0.001,0.907,-0.371,7.042,111.688,-115.226
-0.000,-0.001,0.000,0.001,0.907,-0.371,7.026,111.699,-115.153
-0.000,-0.001,0.000,0.000,0.907,-0.371,7.039,111.699,-115.134
-0.003,0.001,-0.001,0.000,0.907,-0.371,7.037,111.705,-115.048
-0.000,-0.001,0.000,0.000,0.907,-0.370,6.986,111.717,-114.910
-0.000,0.001,0.000,-0.000,0.908,-0.371,7.031,111.703,-114.959
-0.000,0.001,0.000,-0.000,0.908,-0.371,7.058,111.695,-115.001
-0.000,-0.000,-0.001,-0.000,0.908,-0.371,7.055,111.693,-115.028
-0.000,-0.000,0.000,-0.000,0.907,-0.371,7.050,111.701,-115.009
0.001,-0.000,0.000,-0.000,0.908,-0.371,7.088,111.692,-115.073
0.001,-0.000,0.001,-0.000,0.908,-0.371,7.167,111.667,-115.229
-0.000,-0.001,0.000,0.000,0.907,-0.371,7.197,111.662,-115.242
-0.001,-0.000,0.000,-0.000,0.907,-0.370,7.155,111.670,-115.193
-0.000,-0.000,0.000,-0.001,0.908,-0.370,7.152,111.662,-115.202
0.002,-0.000,0.000,-0.001,0.908,-0.370,7.200,111.642,-115.284
0.001,-0.000,0.000,-0.000,0.907,-0.370,7.217,111.638,-115.353
-0.000,-0.000,0.000,0.000,0.907,-0.370,7.171,111.641,-115.435
-0.000,0.001,0.001,0.000,0.907,-0.370,7.127,111.645,-115.487
0.001,-0.000,0.000,0.000,0.907,-0.371,7.155,111.649,-115.475
-0.000,-0.001,-0.001,-0.000,0.907,-0.370,7.161,111.656,-115.413
-0.001,-0.001,0.000,-0.000,0.907,-0.370,7.167,111.656,-115.382
0.001,-0.000,0.000,-0.000,0.907,-0.370,7.178,111.652,-115.354
-0.001,-0.001,0.000,0.000,0.908,-0.370,7.167,111.645,-115.397
-0.000,-0.001,-0.002,-0.000,0.907,-0.370,7.187,111.626,-115.539
-0.001,-0.000,-0.001,-0.000,0.907,-0.370,7.117,111.640,-115.475
-0.001,-0.001,0.000,0.000,0.907,-0.371,7.142,111.634,-115.610
0.001,-0.001,-0.001,0.000,0.907,-0.371,7.124,111.649,-115.534
-0.001,-0.001,0.000,0.000,0.907,-0.371,7.166,111.648,-115.536
-0.001,0.001,0.001,-0.001,0.907,-0.371,7.200,111.650,-115.521
-0.000,-0.001,-0.001,-0.000,0.907,-0.370,7.212,111.662,-115.365
-0.001,-0.000,0.000,-0.000,0.907,-0.370,7.227,111.656,-115.389
-0.000,-0.000,0.001,0.000,0.907,-0.370,7.221,111.652,-115.416
-0.003,-0.000,0.000,0.000,0.908,-0.371,7.243,111.640,-115.517
-0.001,-0.000,-0.001,0.000,0.908,-0.371,7.248,111.642,-115.559
0.001,-0.001,0.000,0.000,0.907,-0.371,7.239,111.645,-115.564
-0.000,-0.001,-0.001,0.000,0.907,-0.371,7.182,111.659,-115.530
-0.000,0.001,0.000,0.000,0.907,-0.371,7.104,111.682,-115.404
-0.000,-0.000,-0.001,-0.000,0.908,-0.371,7.024,111.697,-115.334
-0.000,-0.000,0.000,-0.000,0.907,-0.371,7.027,111.700,-115.284
-0.001,0.002,-0.001,-0.000,0.907,-0.371,6.997,111.710,-115.213
-0.000,-0.003,0.000,0.000,0.906,-0.370,6.961,111.710,-115.248
0.002,-0.000,0.001,-0.000,0.907,-0.370,6.957,111.713,-115.180
-0.000,-0.000,-0.001,-0.000,0.907,-0.370,6.905,111.725,-115.044
-0.000,-0.001,-0.001,-0.000,0.907,-0.370,6.972,111.698,-115.251
0.001,-0.000,-0.001,-0.000,0.907,-0.370,6.996,111.693,-115.236
0.002,-0.001,-0.001,0.000,0.907,-0.370,6.992,111.692,-115.228
0.001,0.001,0.000,0.000,0.907,-0.370,6.916,111.704,-115.178
-0.000,-0.001,-0.001,0.000,0.907,-0.371,6.915,111.705,-115.177
-0.001,-0.000,0.001,-0.000,0.907,-0.371,6.895,111.713,-115.127
-0.003,-0.000,-0.001,-0.000,0.907,-0.371,6.942,111.707,-115.160
0.001,-0.001,0.000,-0.001,0.907,-0.371,6.959,111.709,-115.138
0.002,-0.000,-0.001,0.000,0.907,-0.371,6.945,111.712,-115.106
-0.003,-0.000,0.000,0.000,0.908,-0.370,6.921,111.710,-115.127
0.001,-0.000,0.001,0.000,0.908,-0.370,6.925,111.704,-115.117
-0.001,-0.000,0.000,-0.000,0.907,-0.370,6.973,111.693,-115.148
-0.000,-0.000,-0.001,0.000,0.907,-0.370,7.067,111.670,-115.277
-0.001,-0.000,-0.001,0.000,0.907,-0.370,7.132,111.656,-115.369
-0.001,-0.000,0.001,0.000,0.907,-0.371,7.134,111.654,-115.509
-0.000,-0.001,0.000,0.000,0.907,-0.371,7.136,111.667,-115.477
-0.001,-0.000,0.000,0.000,0.908,-0.371,7.147,111.672,-115.437
-0.003,-0.003,0.000,-0.000,0.907,-0.371,7.163,111.674,-115.416
-0.000,-0.000,0.000,0.000,0.907,-0.370,7.109,111.685,-115.370
-0.000,-0.000,0.000,0.000,0.907,-0.370,7.103,111.683,-115.370
-0.001,-0.000,0.000,0.000,0.907,-0.371,7.016,111.704,-115.241
-0.001,-0.001,-0.001,-0.000,0.907,-0.371,6.972,111.714,-115.184
-0.001,-0.000,0.001,-0.000,0.907,-0.371,7.006,111.706,-115.215
0.001,-0.000,0.000,0.000,0.907,-0.371,7.028,111.701,-115.251
-0.000,0.001,0.000,0.000,0.907,-0.371,7.028,111.704,-115.227
-0.001,-0.000,0.000,0.000,0.907,-0.371,7.011,111.713,-115.186
0.002,0.001,0.001,-0.000,0.907,-0.370,7.008,111.716,-115.097
0.002,-0.001,-0.001,-0.000,0.907,-0.370,7.097,111.687,-115.230
-0.001,-0.000,0.000,0.000,0.907,-0.371,7.063,111.696,-115.145
0.001,-0.001,0.000,0.000,0.907,-0.371,7.131,111.682,-115.178
-0.003,0.001,0.000,0.000,0.907,-0.370,7.161,111.670,-115.242
-0.001,0.001,-0.001,-0.000,0.907,-0.371,7.183,111.665,-115.294
-0.000,-0.001,-0.002,-0.000,0.907,-0.371,7.196,111.662,-115.360
-0.000,-0.000,0.000,-0.001,0.907,-0.371,7.229,111.658,-115.409
-0.001,-0.000,-0.001,0.000,0.907,-0.370,7.168,111.669,-115.389
-0.000,-0.000,-0.001,0.000,0.907,-0.370,7.149,111.668,-115.410
-0.000,-0.000,-0.001,0.000,0.907,-0.370,7.117,111.665,-115.476
-0.001,0.002,0.000,0.000,0.907,-0.371,7.028,111.676,-115.514
-0.001,-0.001,0.001,-0.000,0.907,-0.371,6.994,111.688,-115.468
0.001,-0.000,0.000,-0.000,0.907,-0.371,7.080,111.676,-115.532
0.002,-0.001,0.001,-0.001,0.907,-0.371,7.047,111.696,-115.368
-0.003,-0.001,0.000,-0.001,0.908,-0.371,7.058,111.694,-115.348
-0.000,-0.001,-0.001,-0.001,0.908,-0.371,7.090,111.690,-115.309
0.001,-0.001,0.000,-0.000,0.907,-0.371,7.144,111.677,-115.362
-0.001,-0.000,0.000,-0.000,0.907,-0.371,7.167,111.672,-115.377
0.001,-0.000,0.001,0.000,0.907,-0.370,7.115,111.682,-115.304
-0.000,-0.001,0.000,0.000,0.907,-0.371,7.103,111.690,-115.259
-0.004,0.001,0.000,-0.000,0.907,-0.371,7.076,111.696,-115.246
0.001,-0.000,0.000,-0.000,0.907,-0.371,7.033,111.700,-115.230
-0.000,-0.001,0.000,-0.001,0.907,-0.371,6.996,111.711,-115.168
-0.000,-0.000,0.000,0.000,0.907,-0.371,7.006,111.709,-115.186
-0.000,0.001,0.000,0.000,0.907,-0.371,7.041,111.702,-115.223
-0.000,-0.001,0.000,0.000,0.907,-0.371,6.985,111.714,-115.152
-0.000,-0.000,-0.001,0.000,0.906,-0.371,7.003,111.707,-115.218
0.001,-0.000,0.000,0.000,0.906,-0.371,6.982,111.714,-115.196
-0.001,0.001,0.000,-0.000,0.907,-0.370,7.039,111.693,-115.301
-0.000,0.002,0.000,-0.000,0.907,-0.370,7.115,111.664,-115.429
-0.000,-0.000,0.000,-0.001,0.907,-0.371,7.101,111.662,-115.472
-0.001,-0.001,-0.001,-0.001,0.907,-0.371,7.071,111.667,-115.482
-0.000,-0.001,0.000,0.000,0.907,-0.371,7.050,111.682,-115.404
-0.000,0.001,0.000,-0.001,0.907,-0.371,6.979,111.706,-115.290
-0.001,-0.000,0.001,-0.001,0.907,-0.371,7.018,111.702,-115.353
0.001,-0.001,-0.001,-0.000,0.908,-0.370,7.030,111.694,-115.350
-0.000,-0.000,0.000,-0.000,0.907,-0.370,7.068,111.682,-115.367
0.001,-0.000,0.000,-0.000,0.907,-0.370,7.111,111.670,-115.400
0.001,-0.000,0.000,-0.000,0.906,-0.371,7.192,111.653,-115.563
0.001,0.001,0.000,-0.000,0.907,-0.371,7.215,111.656,-115.560
0.001,-0.000,0.000,0.000,0.907,-0.371,7.091,111.692,-115.363
-0.001,0.001,0.000,0.000,0.907,-0.371,7.051,111.703,-115.277
-0.000,0.001,0.000,-0.000,0.907,-0.370,7.029,111.707,-115.196
-0.000,-0.001,0.000,-0.000,0.907,-0.370,7.041,111.700,-115.183
-0.003,-0.000,0.000,-0.000,0.908,-0.371,7.100,111.680,-115.275
-0.003,-0.000,0.001,-0.000,0.908,-0.371,7.098,111.670,-115.392
-0.000,-0.000,0.000,-0.000,0.908,-0.371,7.173,111.654,-115.493
-0.001,0.001,-0.001,0.000,0.907,-0.370,7.157,111.657,-115.485
-0.000,-0.000,0.001,-0.000,0.907,-0.371,7.171,111.656,-115.520
-0.000,-0.000,-0.001,0.000,0.907,-0.370,7.196,111.654,-115.521
-0.000,-0.000,0.000,0.000,0.907,-0.370,7.234,111.648,-115.515
0.002,-0.000,0.001,0.000,0.908,-0.369,7.260,111.632,-115.515
-0.000,-0.000,0.000,0.000,0.907,-0.370,7.240,111.630,-115.514
-0.001,-0.000,0.001,0.000,0.907,-0.370,7.242,111.626,-115.579
-0.000,-0.001,0.000,0.000,0.908,-0.371,7.280,111.619,-115.656
0.001,0.001,0.000,0.000,0.907,-0.371,7.257,111.633,-115.610
-0.001,-0.000,-0.001,0.000,0.907,-0.371,7.231,111.645,-115.556
-0.000,-0.001,0.000,-0.000,0.907,-0.371,7.263,111.648,-115.592
-0.001,-0.000,-0.001,0.000,0.907,-0.370,7.324,111.632,-115.672
0.002,0.001,0.000,-0.000,0.907,-0.371,7.354,111.627,-115.709
-0.000,-0.001,-0.001,-0.000,0.907,-0.371,7.312,111.642,-115.636
0.001,-0.000,0.000,-0.000,0.907,-0.370,7.266,111.652,-115.564
0.001,-0.000,-0.001,-0.001,0.907,-0.370,7.194,111.661,-115.532
-0.000,0.001,-0.001,-0.001,0.907,-0.370,7.171,111.664,-115.486
-0.000,-0.001,-0.001,-0.000,0.907,-0.370,7.207,111.653,-115.492
0.001,-0.003,0.000,-0.000,0.907,-0.371,7.202,111.659,-115.451
-0.000,-0.000,0.001,-0.000,0.906,-0.371,7.207,111.670,-115.411
-0.003,-0.001,-0.001,-0.000,0.906,-0.371,7.180,111.678,-115.373
-0.003,0.001,-0.001,-0.000,0.907,-0.370,7.193,111.666,-115.422
-0.000,0.001,0.001,-0.000,0.907,-0.372,7.153,111.674,-115.423
-0.000,-0.000,0.000,-0.000,0.907,-0.372,7.095,111.693,-115.398
-0.000,-0.001,0.000,0.001,0.908,-0.371,7.087,111.693,-115.435
-0.000,-0.000,0.000,0.001,0.908,-0.371,7.074,111.694,-115.389
0.001,-0.000,0.000,-0.000,0.908,-0.370,7.050,111.691,-115.367
-0.000,-0.003,-0.001,-0.000,0.907,-0.371,7.059,111.690,-115.328
0.001,-0.000,0.000,-0.000,0.907,-0.371,7.104,111.679,-115.370
0.001,-0.000,-0.001,0.000,0.907,-0.371,7.106,111.683,-115.308
-0.000,-0.000,0.000,0.000,0.907,-0.371,7.089,111.689,-115.235
0.001,-0.001,0.001,0.000,0.907,-0.371,7.073,111.698,-115.145
-0.000,-0.001,0.001,0.000,0.907,-0.371,7.060,111.701,-115.116
-0.000,-0.000,0.001,0.000,0.907,-0.371,7.058,111.705,-115.086
-0.000,-0.001,0.000,0.000,0.907,-0.371,7.141,111.692,-115.116
-0.000,0.002,-0.001,0.000,0.907,-0.371,7.142,111.695,-115.091
-0.000,-0.001,0.000,0.000,0.907,-0.371,7.145,111.697,-115.117
-0.000,-0.000,0.000,0.000,0.908,-0.371,7.113,111.700,-115.142
-0.001,0.001,0.000,0.000,0.907,-0.370,7.060,111.697,-115.208
-0.001,-0.000,0.000,0.000,0.907,-0.370,7.090,111.685,-115.237
0.001,-0.000,0.000,-0.000,0.907,-0.370,7.104,111.675,-115.255
-0.000,0.001,0.000,-0.000,0.907,-0.370,7.089,111.677,-115.227
0.001,-0.001,0.000,-0.000,0.907,-0.370,7.137,111.663,-115.322
-0.000,-0.000,0.000,0.000,0.907,-0.372,7.211,111.654,-115.440
-0.000,-0.001,0.000,-0.000,0.906,-0.371,7.243,111.654,-115.493
-0.000,0.002,0.000,-0.000,0.906,-0.371,7.130,111.678,-115.459
-0.000,-0.001,0.000,-0.000,0.907,-0.371,7.089,111.692,-115.370
0.001,0.001,0.001,0.000,0.907,-0.371,7.030,111.697,-115.400
-0.000,-0.000,-0.001,-0.000,0.906,-0.371,7.093,111.688,-115.433
-0.003,-0.000,0.000,-0.000,0.906,-0.371,7.069,111.700,-115.392
-0.000,-0.001,0.000,0.000,0.907,-0.371,7.106,111.688,-115.467
-0.000,-0.003,0.000,0.000,0.907,-0.371,7.122,111.682,-115.496
-0.000,0.001,0.000,-0.000,0.906,-0.371,7.150,111.678,-115.520
0.001,-0.000,0.000,-0.000,0.908,-0.371,7.214,111.668,-115.548
-0.000,-0.000,0.001,-0.000,0.908,-0.371,7.157,111.677,-115.529
-0.003,-0.000,0.001,-0.000,0.907,-0.370,7.141,111.680,-115.479
-0.000,0.001,0.000,0.000,0.907,-0.370,7.156,111.676,-115.456
0.001,0.001,-0.001,-0.000,0.907,-0.371,7.232,111.660,-115.507
0.001,0.001,0.001,-0.000,0.907,-0.371,7.250,111.660,-115.495
0.001,0.001,0.001,-0.001,0.907,-0.370,7.210,111.662,-115.497
-0.001,-0.001,-0.001,-0.001,0.907,-0.370,7.193,111.660,-115.510
-0.000,-0.001,-0.001,-0.001,0.907,-0.370,7.111,111.674,-115.428
-0.000,-0.000,0.000,-0.001,0.907,-0.371,7.139,111.669,-115.481
0.002,0.002,0.000,-0.000,0.907,-0.371,7.120,111.678,-115.449
0.001,-0.000,0.000,-0.000,0.907,-0.371,7.075,111.691,-115.391
-0.001,-0.000,0.000,0.000,0.907,-0.371,7.067,111.696,-115.323
-0.001,-0.000,0.000,0.000,0.907,-0.370,7.078,111.696,-115.267
-0.001,-0.000,-0.001,-0.000,0.907,-0.371,7.184,111.675,-115.343
0.001,-0.001,-0.001,-0.000,0.907,-0.371,7.193,111.674,-115.367
-0.001,-0.000,0.000,0.000,0.907,-0.371,7.132,111.688,-115.298
-0.001,-0.001,0.000,-0.000,0.907,-0.370,7.087,111.697,-115.209
0.001,-0.000,0.000,-0.000,0.907,-0.370,7.066,111.696,-115.159
-0.000,-0.001,-0.001,0.000,0.907,-0.371,7.088,111.694,-115.176
0.002,0.001,-0.001,-0.001,0.907,-0.371,7.097,111.692,-115.220
0.001,-0.000,0.000,-0.001,0.907,-0.371,6.997,111.714,-115.146
-0.003,0.001,0.000,-0.000,0.907,-0.371,6.944,111.722,-115.138
-0.000,-0.001,0.000,-0.000,0.907,-0.371,6.946,111.721,-115.125
-0.001,-0.000,0.000,-0.000,0.907,-0.371,7.000,111.708,-115.179
-0.001,-0.000,0.000,-0.000,0.907,-0.371,7.062,111.694,-115.227
-0.000,-0.001,-0.001,0.000,0.907,-0.371,7.104,111.688,-115.222
0.001,-0.000,-0.001,0.000,0.907,-0.371,7.122,111.687,-115.191
-0.001,-0.000,0.000,-0.001,0.907,-0.371,7.151,111.675,-115.287
-0.000,-0.000,-0.001,-0.000,0.907,-0.371,7.168,111.670,-115.376
0.001,0.001,-0.001,-0.000,0.907,-0.371,7.140,111.678,-115.404
-0.000,0.001,0.000,0.000,0.907,-0.371,7.099,111.692,-115.358
-0.003,-0.000,0.000,0.000,0.907,-0.370,6.968,111.722,-115.158
-0.000,-0.000,0.000,0.000,0.908,-0.371,6.965,111.725,-115.076
0.001,-0.000,0.000,0.000,0.908,-0.371,6.921,111.728,-115.066
0.001,-0.003,0.000,-0.000,0.907,-0.371,6.923,111.727,-115.037
-0.000,-0.000,-0.001,-0.001,0.907,-0.371,6.964,111.712,-115.135
-0.000,-0.001,-0.001,-0.001,0.907,-0.371,6.962,111.713,-115.121
-0.000,-0.001,0.000,-0.001,0.907,-0.371,6.997,111.704,-115.158
-0.000,0.001,0.001,-0.000,0.906,-0.371,7.052,111.691,-115.242
-0.000,-0.000,-0.001,-0.000,0.906,-0.371,7.054,111.688,-115.312
0.001,-0.001,0.000,0.000,0.907,-0.370,7.047,111.692,-115.241
0.001,0.001,0.000,0.000,0.908,-0.371,6.972,111.712,-115.097
-0.001,0.001,0.001,-0.000,0.907,-0.371,7.027,111.700,-115.147
-0.000,-0.000,0.000,-0.000,0.907,-0.371,7.032,111.699,-115.147
-0.001,0.001,0.001,0.000,0.907,-0.370,7.022,111.699,-115.127
-0.000,0.001,0.001,0.000,0.907,-0.371,6.992,111.702,-115.112
-0.001,-0.000,0.000,0.000,0.907,-0.371,7.011,111.692,-115.194
-0.001,-0.000,0.000,0.000,0.907,-0.371,7.025,111.687,-115.253
0.001,-0.000,0.000,-0.000,0.907,-0.370,7.009,111.690,-115.246
0.001,-0.000,0.000,-0.000,0.907,-0.370,6.998,111.692,-115.225
-0.003,-0.000,0.000,-0.000,0.907,-0.370,6.991,111.692,-115.204
0.001,-0.001,0.000,-0.001,0.906,-0.370,7.016,111.691,-115.185
-0.000,-0.000,0.001,-0.001,0.906,-0.370,7.070,111.682,-115.233
-0.000,-0.000,0.001,-0.000,0.907,-0.370,7.068,111.679,-115.215
-0.001,-0.001,-0.001,0.000,0.908,-0.371,7.106,111.668,-115.275
-0.003,-0.000,0.000,0.000,0.908,-0.371,7.111,111.663,-115.346
0.001,0.001,0.000,0.000,0.907,-0.370,7.137,111.656,-115.410
-0.001,-0.000,0.000,-0.001,0.907,-0.370,7.137,111.656,-115.418
0.002,-0.001,-0.001,-0.001,0.907,-0.370,7.125,111.658,-115.416
-0.000,-0.001,0.000,0.000,0.907,-0.371,7.116,111.662,-115.449
0.001,-0.001,-0.001,-0.000,0.907,-0.370,7.127,111.655,-115.542
0.002,-0.001,0.000,-0.000,0.907,-0.371,7.132,111.651,-115.617
-0.001,-0.000,0.001,-0.000,0.907,-0.371,7.098,111.662,-115.580
-0.001,-0.000,0.000,-0.001,0.907,-0.371,7.150,111.657,-115.678
0.001,-0.001,-0.001,-0.000,0.907,-0.371,7.176,111.657,-115.731
-0.001,-0.001,0.000,-0.000,0.907,-0.371,7.160,111.662,-115.757
-0.000,-0.001,0.001,-0.000,0.907,-0.370,7.140,111.673,-115.641
-0.001,-0.000,0.000,-0.000,0.907,-0.370,7.182,111.669,-115.585
0.002,-0.000,0.000,-0.000,0.907,-0.370,7.184,111.672,-115.535
-0.000,-0.000,0.001,-0.000,0.906,-0.370,7.165,111.677,-115.487
-0.000,0.001,0.000,-0.000,0.907,-0.371,7.159,111.683,-115.440
-0.001,0.001,0.000,-0.001,0.906,-0.371,7.168,111.689,-115.361
-0.000,-0.001,0.000,-0.001,0.906,-0.371,7.119,111.708,-115.205
-0.001,-0.001,0.000,-0.000,0.908,-0.370,7.129,111.702,-115.157
-0.000,-0.000,0.000,-0.001,0.907,-0.371,7.107,111.702,-115.163
0.001,-0.000,0.001,-0.001,0.907,-0.371,7.121,111.694,-115.246
0.001,0.001,0.000,-0.001,0.907,-0.371,7.134,111.689,-115.317
0.001,-0.001,-0.001,-0.000,0.907,-0.371,7.141,111.685,-115.354
-0.003,0.001,0.000,-0.000,0.907,-0.371,7.145,111.680,-115.385
-0.000,-0.000,0.001,-0.000,0.907,-0.370,7.122,111.681,-115.325
-0.000,-0.000,0.001,-0.000,0.907,-0.371,7.102,111.682,-115.332
-0.000,-0.000,-0.001,-0.000,0.907,-0.371,7.139,111.681,-115.327
-0.000,-0.001,0.001,-0.000,0.907,-0.370,7.142,111.672,-115.329
-0.000,-0.003,0.000,0.000,0.907,-0.370,7.143,111.667,-115.323
-0.001,-0.001,0.000,0.000,0.907,-0.370,7.139,111.665,-115.338
-0.000,-0.000,-0.001,-0.001,0.907,-0.370,7.103,111.672,-115.309
-0.000,-0.000,0.000,-0.000,0.907,-0.371,7.144,111.663,-115.357
-0.001,-0.000,-0.001,-0.000,0.907,-0.371,7.133,111.675,-115.244
-0.000,-0.000,0.003,-0.000,0.907,-0.371,7.127,111.687,-115.220
0.001,-0.000,0.000,-0.000,0.907,-0.371,7.090,111.701,-115.122
-0.000,-0.000,0.000,-0.000,0.907,-0.370,7.103,111.694,-115.129
-0.001,-0.001,0.000,-0.000,0.907,-0.370,7.113,111.683,-115.143
-0.001,0.001,0.000,0.000,0.907,-0.371,7.073,111.689,-115.149
0.001,-0.000,0.001,0.000,0.907,-0.371,7.008,111.709,-115.052
0.002,-0.000,-0.001,0.000,0.907,-0.371,6.998,111.716,-115.045
-0.001,-0.000,0.000,-0.000,0.907,-0.371,6.961,111.725,-115.030
-0.001,0.001,0.000,0.000,0.907,-0.371,6.953,111.726,-115.037
-0.000,-0.001,0.000,0.000,0.907,-0.371,6.944,111.725,-115.064
-0.000,-0.000,0.000,0.000,0.907,-0.371,7.000,111.703,-115.187
-0.000,-0.000,-0.002,0.001,0.907,-0.370,7.101,111.673,-115.350
-0.000,-0.000,0.000,0.000,0.907,-0.370,7.233,111.635,-115.573
-0.000,0.001,0.000,0.000,0.907,-0.370,7.279,111.630,-115.552
0.001,-0.001,0.000,-0.000,0.907,-0.371,7.249,111.645,-115.486
-0.001,-0.000,0.000,-0.000,0.908,-0.370,7.203,111.656,-115.422
0.002,-0.001,0.000,-0.000,0.908,-0.370,7.166,111.657,-115.385
-0.001,-0.000,0.003,0.000,0.907,-0.370,7.156,111.663,-115.322
-0.001,-0.000,-0.001,0.000,0.907,-0.370,7.139,111.663,-115.328
-0.000,-0.003,0.000,-0.000,0.907,-0.370,7.160,111.660,-115.327
-0.001,-0.000,0.000,-0.000,0.907,-0.371,7.144,111.670,-115.324
-0.001,-0.000,0.000,-0.000,0.907,-0.371,7.169,111.672,-115.354
-0.000,-0.000,0.000,-0.000,0.907,-0.371,7.165,111.678,-115.375
-0.000,-0.000,-0.001,-0.000,0.908,-0.370,7.159,111.671,-115.408
-0.000,-0.000,0.000,-0.000,0.907,-0.370,7.164,111.668,-115.410
-0.000,0.001,-0.001,-0.000,0.907,-0.370,7.152,111.668,-115.431
-0.001,-0.000,0.000,-0.000,0.907,-0.370,7.180,111.661,-115.450
-0.001,-0.000,0.000,-0.000,0.907,-0.370,7.138,111.670,-115.378
-0.000,-0.000,0.001,-0.000,0.907,-0.370,7.149,111.668,-115.353
-0.001,-0.000,-0.001,0.000,0.907,-0.371,7.122,111.673,-115.342
-0.001,-0.000,-0.001,-0.000,0.907,-0.370,7.126,111.672,-115.333
-0.001,-0.000,-0.001,-0.000,0.907,-0.370,7.104,111.671,-115.349
-0.003,-0.000,-0.001,-0.000,0.907,-0.370,7.074,111.675,-115.329
-0.000,-0.000,-0.001,-0.001,0.907,-0.370,7.086,111.668,-115.392
-0.000,-0.001,0.001,-0.000,0.907,-0.371,7.100,111.667,-115.388
0.001,-0.000,0.000,-0.000,0.907,-0.371,7.102,111.671,-115.376
-0.001,-0.000,0.000,-0.000,0.907,-0.370,7.094,111.674,-115.311
-0.001,-0.000,-0.001,-0.000,0.907,-0.370,7.117,111.671,-115.289
-0.001,-0.000,0.000,-0.000,0.908,-0.370,7.108,111.666,-115.297
0.001,0.001,0.001,-0.000,0.908,-0.370,7.124,111.654,-115.323
-0.001,-0.001,0.000,0.000,0.907,-0.370,7.057,111.667,-115.250
-0.000,0.001,0.001,0.000,0.907,-0.371,7.014,111.684,-115.151
-0.001,0.001,0.000,0.000,0.907,-0.371,7.034,111.683,-115.204
0.001,-0.001,-0.001,0.000,0.907,-0.371,7.066,111.679,-115.280
-0.000,-0.003,0.001,0.000,0.908,-0.370,7.108,111.670,-115.339
-0.000,-0.000,0.000,0.000,0.908,-0.370,7.066,111.684,-115.211
-0.001,-0.001,0.001,-0.000,0.907,-0.370,7.032,111.689,-115.166
-0.001,0.001,0.000,-0.000,0.907,-0.370,7.013,111.687,-115.183
-0.000,0.001,0.000,-0.000,0.907,-0.371,6.962,111.697,-115.241
0.001,0.001,0.000,0.000,0.907,-0.371,6.942,111.700,-115.264
0.001,-0.001,-0.002,0.000,0.907,-0.371,6.974,111.694,-115.299
-0.001,0.002,0.001,0.000,0.907,-0.371,6.958,111.697,-115.321
0.001,-0.000,0.000,-0.001,0.907,-0.370,7.012,111.685,-115.326
-0.001,-0.000,-0.001,-0.001,0.907,-0.371,7.012,111.690,-115.270
-0.001,-0.003,0.000,-0.001,0.907,-0.371,7.060,111.683,-115.312
-0.001,-0.000,0.001,0.000,0.907,-0.371,7.082,111.677,-115.335
-0.001,-0.000,0.000,-0.000,0.907,-0.371,7.083,111.682,-115.309
-0.000,-0.000,0.000,-0.000,0.907,-0.370,7.042,111.691,-115.293
-0.001,-0.000,0.000,-0.000,0.907,-0.370,7.061,111.684,-115.307
-0.001,-0.001,0.000,-0.000,0.908,-0.370,7.115,111.671,-115.328
-0.000,-0.001,-0.001,-0.000,0.908,-0.370,7.165,111.656,-115.409
-0.000,0.001,0.000,-0.000,0.908,-0.370,7.138,111.658,-115.412
0.001,-0.000,-0.001,-0.000,0.907,-0.371,7.159,111.661,-115.387
-0.000,-0.001,0.000,-0.001,0.907,-0.370,7.138,111.669,-115.327
-0.003,-0.000,0.000,-0.001,0.907,-0.370,7.074,111.683,-115.218
-0.001,0.001,0.000,0.000,0.907,-0.371,7.066,111.693,-115.125
0.001,-0.003,0.000,0.000,0.907,-0.370,7.033,111.692,-115.135
-0.003,-0.001,-0.001,-0.001,0.907,-0.370,7.054,111.680,-115.171
0.001,-0.000,0.000,-0.001,0.907,-0.370,7.026,111.674,-115.219
0.001,-0.000,-0.002,-0.001,0.907,-0.370,7.063,111.664,-115.251
-0.001,0.001,0.000,-0.000,0.907,-0.370,7.136,111.647,-115.324
0.002,-0.000,-0.001,-0.000,0.907,-0.370,7.177,111.637,-115.376
0.001,0.001,0.000,0.000,0.907,-0.370,7.176,111.640,-115.372
0.001,-0.001,0.000,0.000,0.907,-0.370,7.156,111.647,-115.358
-0.001,-0.000,-0.001,0.000,0.907,-0.371,7.127,111.655,-115.346
0.001,-0.000,0.001,0.000,0.907,-0.371,7.102,111.663,-115.324
-0.000,0.002,0.000,-0.000,0.906,-0.371,7.106,111.668,-115.335
-0.001,-0.001,0.001,-0.000,0.906,-0.371,7.096,111.678,-115.309
-0.001,-0.000,0.000,-0.001,0.907,-0.371,7.130,111.671,-115.339
-0.001,-0.001,-0.001,0.000,0.907,-0.370,7.126,111.662,-115.460
-0.001,-0.001,-0.001,0.000,0.907,-0.370,7.165,111.654,-115.502
-0.001,0.001,-0.001,-0.001,0.907,-0.371,7.210,111.653,-115.502
0.001,-0.000,-0.001,-0.000,0.907,-0.371,7.184,111.660,-115.499
-0.001,-0.000,0.000,-0.000,0.907,-0.371,7.155,111.671,-115.438
-0.000,-0.000,-0.002,0.000,0.907,-0.371,7.118,111.680,-115.378
0.001,-0.000,-0.001,-0.000,0.907,-0.371,7.078,111.691,-115.339
-0.001,-0.000,-0.001,0.000,0.907,-0.371,7.055,111.699,-115.284
0.001,-0.000,-0.001,0.000,0.907,-0.371,7.000,111.705,-115.289
0.002,-0.000,0.001,-0.000,0.907,-0.370,7.003,111.705,-115.232
0.001,0.001,0.000,-0.000,0.908,-0.371,6.927,111.724,-115.088
0.001,-0.000,-0.001,-0.000,0.908,-0.371,6.925,111.716,-115.139
-0.000,-0.000,0.000,-0.000,0.907,-0.371,6.885,111.722,-115.113
-0.000,-0.000,-0.001,-0.000,0.907,-0.370,6.922,111.708,-115.196
-0.000,-0.001,0.000,-0.000,0.907,-0.370,6.999,111.690,-115.270
-0.000,-0.001,0.001,-0.000,0.907,-0.370,7.032,111.678,-115.329
-0.001,-0.000,-0.001,-0.001,0.907,-0.371,7.007,111.682,-115.393
-0.000,-0.001,-0.001,-0.001,0.907,-0.370,7.083,111.670,-115.447
-0.001,-0.000,0.000,-0.001,0.907,-0.370,7.096,111.671,-115.421
0.001,-0.001,0.003,-0.000,0.908,-0.371,7.156,111.661,-115.442
0.001,-0.000,-0.001,-0.001,0.907,-0.370,7.128,111.667,-115.411
-0.000,-0.000,0.000,-0.001,0.907,-0.370,7.073,111.678,-115.348
0.001,-0.003,-0.001,-0.000,0.907,-0.371,7.024,111.693,-115.277
-0.001,-0.000,0.000,-0.000,0.907,-0.371,7.088,111.685,-115.332
-0.000,-0.001,0.000,-0.000,0.907,-0.370,7.143,111.672,-115.388
-0.000,-0.000,-0.001,0.000,0.907,-0.370,7.101,111.675,-115.411
-0.001,-0.001,0.001,0.000,0.907,-0.371,7.114,111.672,-115.422
-0.000,-0.001,-0.001,0.000,0.907,-0.371,7.134,111.672,-115.390
-0.000,0.001,0.001,-0.001,0.906,-0.370,7.143,111.680,-115.247
-0.001,-0.003,0.000,-0.000,0.907,-0.371,7.146,111.679,-115.225
-0.000,-0.000,0.000,-0.000,0.907,-0.371,7.123,111.688,-115.160
-0.001,-0.001,-0.001,-0.001,0.907,-0.371,7.097,111.692,-115.178
-0.000,-0.001,0.000,-0.000,0.907,-0.370,7.080,111.691,-115.232
-0.001,-0.001,0.000,-0.000,0.907,-0.370,7.095,111.685,-115.271
-0.000,-0.000,0.000,-0.001,0.907,-0.370,7.016,111.697,-115.180
0.001,-0.000,-0.001,-0.000,0.908,-0.370,7.039,111.693,-115.116
-0.000,-0.001,0.000,0.000,0.907,-0.370,7.099,111.680,-115.135
-0.000,-0.000,-0.001,0.000,0.907,-0.370,7.099,111.680,-115.119
0.002,0.001,-0.002,0.000,0.906,-0.370,7.122,111.673,-115.155
-0.003,0.001,0.000,0.000,0.907,-0.371,7.183,111.655,-115.278
-0.001,-0.003,-0.001,0.000,0.907,-0.371,7.226,111.643,-115.401
-0.000,-0.001,0.000,-0.000,0.907,-0.370,7.256,111.626,-115.549
-0.001,-0.001,0.000,-0.001,0.907,-0.370,7.229,111.634,-115.518
0.001,-0.001,0.000,-0.001,0.907,-0.370,7.173,111.649,-115.451
-0.000,0.001,0.001,-0.001,0.907,-0.371,7.105,111.664,-115.476
0.002,0.001,-0.001,-0.000,0.907,-0.371,7.038,111.683,-115.421
0.001,-0.001,0.000,-0.001,0.907,-0.371,7.008,111.697,-115.367
0.001,0.001,0.000,-0.001,0.907,-0.371,6.992,111.704,-115.346
-0.000,-0.000,0.000,-0.000,0.907,-0.370,6.940,111.713,-115.300
0.002,-0.003,0.000,-0.000,0.907,-0.370,7.006,111.699,-115.342
-0.000,-0.003,-0.001,-0.000,0.907,-0.371,7.045,111.690,-115.375
0.001,-0.000,0.000,-0.000,0.908,-0.371,7.096,111.679,-115.428
-0.001,0.001,-0.001,-0.000,0.908,-0.371,7.123,111.677,-115.416
0.001,-0.000,-0.001,-0.001,0.907,-0.370,7.095,111.680,-115.412
-0.001,0.001,0.001,-0.000,0.907,-0.370,7.040,111.689,-115.316
-0.000,-0.000,-0.002,-0.000,0.907,-0.371,7.115,111.667,-115.451
-0.001,-0.000,0.000,-0.000,0.907,-0.371,7.116,111.670,-115.449
0.002,-0.000,0.001,-0.000,0.907,-0.370,7.126,111.666,-115.507
-0.001,-0.000,0.000,0.000,0.907,-0.371,7.108,111.672,-115.478
-0.001,-0.000,0.001,0.000,0.907,-0.371,7.068,111.684,-115.408
0.002,-0.000,0.000,0.000,0.907,-0.371,7.038,111.693,-115.379
-0.000,-0.000,0.000,-0.000,0.907,-0.371,7.040,111.699,-115.313
0.001,-0.001,0.001,-0.000,0.907,-0.371,7.085,111.684,-115.391
-0.000,-0.000,0.000,-0.001,0.907,-0.370,7.137,111.675,-115.382
-0.000,0.001,0.000,-0.000,0.907,-0.371,7.165,111.675,-115.343
-0.001,-0.001,0.000,0.000,0.907,-0.371,7.247,111.661,-115.412
0.001,-0.000,-0.001,0.000,0.907,-0.371,7.257,111.664,-115.437
-0.000,-0.001,0.001,0.000,0.907,-0.370,7.185,111.675,-115.385
-0.000,-0.000,0.000,-0.001,0.907,-0.371,7.082,111.696,-115.269
-0.001,-0.000,0.000,-0.001,0.907,-0.371,7.038,111.697,-115.335
0.001,-0.000,0.001,-0.001,0.908,-0.371,7.042,111.693,-115.373
-0.001,-0.001,-0.001,-0.000,0.907,-0.370,7.068,111.685,-115.404
-0.000,-0.001,0.000,-0.001,0.907,-0.370,7.112,111.666,-115.517
-0.000,-0.000,0.000,-0.001,0.907,-0.370,7.140,111.651,-115.628
-0.000,-0.000,-0.001,0.000,0.907,-0.371,7.120,111.660,-115.645
-0.001,-0.000,-0.001,-0.000,0.907,-0.370,7.099,111.677,-115.508
-0.000,-0.000,0.000,-0.000,0.907,-0.370,7.061,111.687,-115.429
-0.001,-0.000,0.000,0.000,0.907,-0.371,7.067,111.689,-115.378
0.001,-0.001,-0.001,0.000,0.907,-0.371,7.061,111.691,-115.348
-0.003,-0.001,0.000,-0.000,0.906,-0.371,7.104,111.685,-115.402
-0.000,-0.000,-0.001,-0.000,0.907,-0.371,7.080,111.690,-115.426
-0.000,-0.001,-0.001,-0.000,0.907,-0.371,7.093,111.691,-115.428
-0.000,-0.001,0.000,-0.000,0.907,-0.371,7.139,111.690,-115.405
-0.001,-0.001,-0.001,-0.000,0.907,-0.370,7.203,111.668,-115.531
-0.001,-0.003,-0.001,-0.000,0.907,-0.370,7.219,111.660,-115.575
-0.001,-0.001,0.000,-0.000,0.907,-0.370,7.222,111.653,-115.598
0.001,0.001,-0.001,-0.000,0.907,-0.371,7.262,111.646,-115.662
-0.001,-0.000,0.001,-0.000,0.907,-0.371,7.197,111.677,-115.419
-0.001,0.001,-0.001,-0.000,0.907,-0.371,7.184,111.685,-115.320
0.001,-0.000,0.000,-0.001,0.906,-0.371,7.157,111.692,-115.296
-0.001,-0.000,-0.001,-0.000,0.907,-0.371,7.159,111.696,-115.236
-0.001,-0.001,-0.001,-0.001,0.907,-0.370,7.125,111.693,-115.274
0.001,0.002,-0.002,-0.001,0.907,-0.370,7.163,111.674,-115.401
-0.000,0.002,0.001,-0.001,0.907,-0.370,7.176,111.667,-115.444
-0.001,0.001,0.000,0.000,0.907,-0.370,7.182,111.664,-115.432
-0.001,0.001,0.000,0.000,0.907,-0.370,7.162,111.679,-115.252
-0.001,-0.001,0.001,-0.000,0.907,-0.370,7.146,111.678,-115.230
-0.001,-0.000,0.000,-0.000,0.908,-0.370,7.176,111.663,-115.282
-0.000,-0.001,0.000,-0.000,0.908,-0.370,7.153,111.657,-115.280
-0.000,-0.000,-0.001,0.000,0.907,-0.370,7.081,111.670,-115.233
0.001,-0.001,-0.001,0.000,0.908,-0.370,7.034,111.682,-115.126
-0.001,-0.001,0.000,0.000,0.908,-0.370,7.024,111.677,-115.122
-0.001,-0.000,-0.001,0.000,0.908,-0.370,7.024,111.676,-115.087
0.001,-0.000,0.000,-0.001,0.907,-0.370,6.976,111.690,-114.987
-0.000,0.002,-0.001,-0.001,0.907,-0.370,7.026,111.685,-114.939
-0.001,-0.000,0.000,-0.001,0.907,-0.370,7.087,111.671,-114.978
0.001,-0.000,0.000,-0.000,0.907,-0.371,7.115,111.665,-115.017
-0.001,-0.001,0.001,-0.000,0.907,-0.371,7.092,111.672,-115.011
-0.000,-0.001,0.000,-0.001,0.907,-0.370,7.054,111.679,-114.999
-0.000,-0.000,-0.001,-0.000,0.907,-0.370,7.049,111.681,-114.995
-0.001,0.001,-0.001,-0.000,0.907,-0.370,7.062,111.680,-115.001
-0.000,-0.000,0.000,-0.000,0.907,-0.370,7.046,111.684,-114.999
-0.001,-0.000,0.000,0.000,0.907,-0.370,6.996,111.692,-114.944
-0.000,-0.001,0.001,0.000,0.908,-0.370,6.958,111.696,-114.917
0.001,-0.000,0.000,0.000,0.908,-0.370,6.978,111.688,-114.957
-0.001,0.001,0.000,-0.000,0.907,-0.370,6.987,111.680,-115.002
-0.000,-0.000,-0.001,-0.000,0.907,-0.370,7.008,111.678,-114.993
0.001,-0.001,0.000,-0.000,0.907,-0.370,7.001,111.683,-114.959
-0.000,-0.000,-0.001,-0.001,0.908,-0.371,7.004,111.686,-114.975
-0.000,-0.001,0.000,-0.000,0.907,-0.370,6.987,111.692,-114.961
-0.000,-0.000,-0.001,0.000,0.907,-0.371,7.027,111.692,-114.915
-0.000,-0.000,0.001,0.000,0.907,-0.371,7.004,111.698,-114.898
-0.001,0.001,0.000,-0.000,0.907,-0.371,7.024,111.694,-114.946
0.004,0.001,0.000,-0.001,0.906,-0.370,7.058,111.684,-115.039
-0.000,-0.000,-0.001,-0.001,0.906,-0.370,7.076,111.682,-115.067
-0.000,0.002,0.000,-0.001,0.907,-0.370,7.081,111.680,-115.080
-0.000,0.001,0.001,-0.001,0.907,-0.371,7.099,111.677,-115.117
-0.000,0.001,-0.001,-0.001,0.907,-0.371,7.138,111.666,-115.234
-0.001,-0.000,0.000,-0.000,0.907,-0.371,7.146,111.661,-115.337
-0.000,-0.001,0.000,0.000,0.907,-0.371,7.164,111.657,-115.438
-0.000,-0.000,-0.001,0.000,0.907,-0.370,7.164,111.664,-115.375
0.001,-0.000,0.000,0.000,0.907,-0.370,7.136,111.661,-115.416
-0.000,0.001,0.000,-0.001,0.907,-0.370,7.128,111.661,-115.425
-0.003,0.001,0.001,-0.001,0.907,-0.370,7.090,111.664,-115.436
-0.000,-0.001,0.001,-0.001,0.907,-0.369,7.070,111.656,-115.466
-0.000,-0.000,0.001,0.000,0.907,-0.370,7.100,111.649,-115.485
-0.000,-0.001,0.000,0.000,0.907,-0.370,7.095,111.659,-115.394
-0.000,-0.001,-0.001,-0.001,0.907,-0.371,7.187,111.650,-115.446
-0.001,-0.000,-0.001,-0.001,0.907,-0.371,7.207,111.650,-115.478
0.001,0.001,0.001,-0.001,0.907,-0.370,7.159,111.665,-115.418
-0.001,-0.000,0.001,-0.001,0.907,-0.370,7.116,111.677,-115.357
-0.000,0.001,0.000,-0.001,0.907,-0.371,7.090,111.683,-115.339
-0.001,-0.001,-0.001,-0.000,0.907,-0.371,7.098,111.682,-115.359
0.001,-0.001,0.000,-0.000,0.907,-0.371,7.074,111.691,-115.317
-0.000,-0.000,0.000,0.000,0.907,-0.371,7.084,111.693,-115.344
-0.001,-0.000,0.001,0.000,0.907,-0.371,7.093,111.689,-115.416
-0.000,-0.001,0.000,0.000,0.907,-0.371,7.124,111.683,-115.472
-0.001,0.001,0.000,-0.001,0.907,-0.371,7.146,111.675,-115.509
-0.000,-0.000,0.000,-0.000,0.907,-0.370,7.143,111.674,-115.460
-0.001,0.001,0.000,-0.001,0.907,-0.371,7.112,111.680,-115.415
-0.000,-0.001,0.000,-0.001,0.907,-0.371,7.122,111.681,-115.406
-0.001,-0.000,0.001,0.000,0.907,-0.371,7.069,111.698,-115.313
0.002,0.001,0.000,0.000,0.907,-0.372,7.016,111.714,-115.254
-0.000,0.001,0.000,0.000,0.907,-0.372,7.028,111.721,-115.216
-0.000,-0.000,0.001,-0.001,0.907,-0.371,7.066,111.712,-115.206
-0.001,-0.000,0.000,-0.001,0.907,-0.371,7.041,111.714,-115.186
-0.000,-0.000,0.000,-0.001,0.907,-0.371,6.990,111.718,-115.210
-0.001,-0.000,0.000,-0.000,0.907,-0.371,7.036,111.709,-115.234
0.001,-0.001,0.000,0.001,0.907,-0.371,7.084,111.693,-115.320
-0.000,-0.001,-0.001,0.001,0.907,-0.371,7.057,111.698,-115.286
0.002,-0.000,-0.001,0.000,0.908,-0.371,7.017,111.706,-115.246
-0.001,-0.000,-0.001,-0.000,0.907,-0.370,6.989,111.707,-115.223
0.002,-0.000,0.000,-0.000,0.907,-0.370,7.013,111.696,-115.242
-0.001,-0.000,0.001,-0.001,0.907,-0.370,7.060,111.685,-115.269
-0.001,0.001,0.000,-0.000,0.907,-0.370,7.045,111.687,-115.262
-0.001,-0.001,0.000,-0.000,0.907,-0.370,7.027,111.693,-115.228
-0.000,-0.000,0.001,0.000,0.907,-0.371,7.027,111.701,-115.207
-0.000,-0.000,0.000,0.000,0.907,-0.370,6.983,111.713,-115.115
-0.000,-0.000,-0.001,-0.000,0.907,-0.370,6.997,111.709,-115.092
-0.001,0.001,0.000,-0.000,0.907,-0.370,7.041,111.690,-115.195
-0.000,-0.000,0.001,-0.001,0.908,-0.370,7.031,111.690,-115.151
0.002,-0.000,0.000,-0.001,0.908,-0.370,6.974,111.704,-115.019
-0.001,-0.000,-0.001,-0.001,0.908,-0.370,6.912,111.717,-114.882
0.001,-0.001,-0.001,-0.000,0.908,-0.370,6.813,111.737,-114.711
0.001,-0.003,0.000,-0.000,0.907,-0.371,6.806,111.739,-114.679
-0.000,0.002,0.001,-0.000,0.907,-0.371,6.893,111.725,-114.771
-0.000,-0.001,0.000,0.000,0.907,-0.370,6.916,111.710,-114.842
0.001,-0.000,0.000,-0.001,0.907,-0.370,7.003,111.679,-115.025
-0.001,-0.001,0.000,-0.000,0.907,-0.370,7.073,111.661,-115.131
0.001,-0.001,0.000,-0.000,0.907,-0.370,7.064,111.664,-115.134
-0.000,-0.000,0.000,0.000,0.907,-0.371,7.073,111.670,-115.156
0.001,-0.001,0.000,0.000,0.907,-0.371,7.061,111.674,-115.174
-0.000,-0.000,0.000,0.000,0.907,-0.371,7.041,111.678,-115.166
-0.001,0.001,0.001,0.000,0.907,-0.369,7.032,111.669,-115.180
-0.000,-0.003,0.000,-0.001,0.907,-0.371,7.039,111.671,-115.145
-0.000,0.001,0.000,-0.001,0.907,-0.371,7.048,111.676,-115.133
-0.000,0.001,0.001,-0.001,0.907,-0.371,7.012,111.697,-115.021
-0.001,-0.000,0.001,-0.000,0.907,-0.370,7.036,111.692,-115.019
-0.001,-0.000,0.000,-0.000,0.907,-0.370,7.077,111.681,-115.042
-0.000,-0.001,0.000,-0.000,0.906,-0.371,6.988,111.704,-114.955
-0.000,-0.001,0.000,0.000,0.907,-0.371,7.042,111.692,-115.050
-0.003,-0.000,0.000,0.000,0.907,-0.371,7.038,111.694,-115.081
0.001,-0.001,0.000,-0.001,0.907,-0.371,7.004,111.700,-115.078
0.001,-0.000,0.000,-0.000,0.906,-0.370,7.028,111.694,-115.105
-0.001,-0.000,0.000,-0.000,0.906,-0.370,7.059,111.686,-115.136
-0.000,-0.000,0.000,-0.001,0.907,-0.371,6.986,111.697,-115.164
-0.000,-0.003,0.000,0.000,0.908,-0.371,6.832,111.733,-114.975
-0.000,-0.001,0.000,-0.000,0.907,-0.370,6.762,111.737,-114.990
-0.000,-0.001,0.000,-0.000,0.907,-0.370,6.839,111.721,-115.020
-0.000,-0.001,-0.001,-0.001,0.907,-0.371,6.909,111.715,-114.970
-0.001,-0.001,0.000,-0.001,0.907,-0.371,6.980,111.704,-114.991
-0.003,-0.001,0.000,-0.001,0.907,-0.371,7.026,111.696,-115.032
-0.003,-0.001,0.000,0.000,0.908,-0.371,7.031,111.690,-115.068
-0.000,-0.000,0.000,0.000,0.907,-0.372,7.005,111.697,-115.073
-0.000,-0.000,0.000,0.000,0.907,-0.372,7.010,111.702,-115.095
-0.000,-0.001,-0.001,-0.000,0.906,-0.371,7.059,111.693,-115.169
0.001,-0.000,0.000,-0.001,0.907,-0.371,7.097,111.686,-115.195
0.001,-0.001,-0.001,-0.001,0.907,-0.370,7.059,111.693,-115.137
-0.000,0.001,-0.001,-0.001,0.907,-0.370,7.024,111.698,-115.077
-0.000,-0.001,0.000,0.000,0.907,-0.370,7.000,111.705,-115.003
-0.001,-0.000,0.000,-0.000,0.907,-0.370,7.050,111.686,-115.110
0.001,-0.001,0.000,-0.000,0.907,-0.370,7.050,111.685,-115.083
-0.000,-0.000,0.000,-0.000,0.908,-0.370,7.040,111.682,-115.071
-0.000,0.001,0.000,0.000,0.907,-0.370,7.028,111.681,-115.083
-0.000,-0.000,0.000,0.000,0.907,-0.370,7.028,111.677,-115.121
0.001,-0.000,-0.001,-0.000,0.908,-0.370,6.983,111.683,-115.082
0.002,-0.000,0.000,-0.000,0.906,-0.371,6.945,111.691,-115.070
0.001,-0.000,0.000,-0.000,0.906,-0.371,6.919,111.701,-115.045
0.002,0.001,0.000,0.000,0.908,-0.371,6.953,111.697,-115.094
0.001,0.001,0.000,0.000,0.907,-0.371,6.872,111.718,-114.996
0.001,-0.000,0.001,0.000,0.907,-0.371,6.783,111.739,-114.896
-0.003,-0.000,-0.001,0.000,0.907,-0.370,6.731,111.745,-114.811
-0.000,-0.000,0.000,-0.001,0.907,-0.371,6.787,111.730,-114.869
-0.000,-0.000,0.000,-0.001,0.907,-0.371,6.769,111.743,-114.764
-0.001,-0.000,0.001,0.000,0.907,-0.371,6.762,111.746,-114.792
0.001,-0.000,0.000,0.000,0.907,-0.371,6.747,111.748,-114.789
-0.003,-0.001,0.000,0.000,0.907,-0.370,6.843,111.725,-114.905
-0.000,-0.000,0.000,0.000,0.907,-0.370,6.939,111.705,-114.976
-0.001,-0.001,0.001,-0.000,0.907,-0.371,7.076,111.678,-115.076
-0.001,-0.000,0.001,-0.001,0.907,-0.370,7.083,111.673,-115.104
-0.000,-0.000,0.000,-0.001,0.907,-0.370,7.093,111.666,-115.108
-0.001,-0.003,-0.001,-0.001,0.907,-0.371,7.078,111.669,-115.155
-0.001,0.001,0.000,0.000,0.907,-0.371,7.050,111.673,-115.205
-0.000,-0.001,-0.001,0.000,0.907,-0.371,7.042,111.672,-115.277
-0.003,-0.000,-0.001,-0.000,0.907,-0.371,7.083,111.677,-115.290
-0.003,-0.000,0.001,-0.000,0.907,-0.371,7.077,111.687,-115.227
-0.000,-0.001,0.000,-0.000,0.908,-0.370,7.079,111.687,-115.203
0.001,-0.001,0.000,-0.000,0.908,-0.370,7.110,111.676,-115.230
-0.000,-0.000,-0.001,-0.000,0.907,-0.370,7.127,111.670,-115.269
0.002,0.001,-0.001,-0.001,0.907,-0.370,7.172,111.660,-115.324
-0.000,-0.000,0.000,-0.001,0.907,-0.370,7.213,111.650,-115.375
-0.000,-0.001,0.000,0.000,0.908,-0.371,7.244,111.643,-115.433
-0.001,-0.000,-0.001,0.000,0.908,-0.371,7.195,111.657,-115.370
-0.001,-0.000,0.001,-0.001,0.907,-0.370,7.147,111.666,-115.290
-0.000,-0.000,0.000,-0.000,0.907,-0.370,7.191,111.658,-115.324
0.001,-0.001,0.000,-0.001,0.908,-0.371,7.211,111.649,-115.403
0.001,-0.000,0.000,-0.001,0.908,-0.371,7.130,111.661,-115.391
-0.000,-0.001,-0.001,0.000,0.907,-0.371,7.040,111.679,-115.415
0.002,-0.000,0.000,0.000,0.907,-0.370,7.016,111.679,-115.497
-0.000,0.001,-0.001,0.000,0.907,-0.370,7.020,111.678,-115.474
-0.000,-0.001,0.001,-0.000,0.907,-0.371,7.070,111.673,-115.488
0.001,-0.001,-0.001,-0.001,0.907,-0.370,7.042,111.680,-115.435
-0.001,-0.000,0.000,-0.001,0.907,-0.370,7.031,111.680,-115.405
0.001,-0.000,0.000,-0.001,0.907,-0.370,7.126,111.650,-115.565
-0.001,-0.000,0.001,0.000,0.907,-0.371,7.083,111.669,-115.481
-0.001,0.001,-0.001,0.000,0.907,-0.371,7.029,111.686,-115.398
-0.000,-0.000,0.000,0.000,0.907,-0.371,7.036,111.687,-115.373
0.001,-0.000,-0.002,0.000,0.908,-0.370,6.998,111.696,-115.256
-0.000,-0.001,0.001,-0.000,0.907,-0.370,6.986,111.697,-115.211
-0.001,0.001,0.000,-0.000,0.907,-0.370,6.962,111.705,-115.114
-0.000,0.001,0.000,-0.001,0.907,-0.370,6.984,111.703,-115.051
-0.000,0.001,0.000,0.000,0.907,-0.370,6.907,111.720,-114.908
-0.000,-0.000,0.001,-0.001,0.907,-0.370,6.956,111.701,-115.019
-0.000,0.001,-0.001,-0.001,0.907,-0.370,6.950,111.697,-115.089
-0.000,0.001,0.000,-0.001,0.907,-0.371,6.936,111.696,-115.162
-0.000,-0.001,-0.001,0.000,0.907,-0.370,6.852,111.707,-115.184
0.001,-0.000,0.000,0.000,0.907,-0.370,6.896,111.699,-115.215
-0.000,-0.000,0.000,-0.000,0.907,-0.370,6.899,111.697,-115.220
-0.000,-0.001,0.001,-0.000,0.907,-0.370,6.876,111.704,-115.156
-0.001,-0.000,0.000,-0.000,0.907,-0.371,6.915,111.707,-115.111
-0.000,-0.000,0.000,-0.000,0.907,-0.370,6.975,111.694,-115.176
-0.000,-0.001,0.000,0.000,0.907,-0.371,6.990,111.687,-115.231
-0.000,-0.000,0.000,0.000,0.907,-0.371,7.013,111.681,-115.281
-0.000,0.001,-0.001,-0.000,0.908,-0.371,6.954,111.692,-115.319
0.001,-0.000,0.001,-0.001,0.907,-0.370,6.966,111.699,-115.246
-0.001,-0.000,0.001,-0.001,0.907,-0.370,7.049,111.684,-115.251
-0.001,-0.000,0.003,-0.001,0.907,-0.371,7.120,111.674,-115.271
-0.001,0.001,-0.001,-0.000,0.907,-0.371,7.227,111.655,-115.358
-0.001,0.001,-0.001,-0.000,0.907,-0.371,7.209,111.662,-115.368
0.001,-0.003,-0.002,0.000,0.907,-0.371,7.190,111.667,-115.367
-0.001,-0.001,-0.002,-0.000,0.907,-0.371,7.185,111.668,-115.365
-0.001,-0.000,0.001,-0.000,0.907,-0.370,7.140,111.675,-115.349
-0.000,-0.000,0.001,-0.000,0.907,-0.370,7.113,111.682,-115.295
-0.001,-0.000,-0.001,-0.000,0.907,-0.371,7.048,111.697,-115.213
-0.000,0.001,-0.001,-0.000,0.908,-0.371,7.026,111.701,-115.169
-0.000,-0.001,0.000,-0.000,0.908,-0.371,6.981,111.715,-115.039
-0.003,-0.000,0.001,0.000,0.907,-0.370,6.973,111.711,-115.063
-0.000,0.001,-0.001,-0.000,0.907,-0.371,6.983,111.708,-115.087
-0.000,-0.001,0.000,-0.000,0.907,-0.371,6.993,111.706,-115.121
-0.000,-0.003,0.000,-0.000,0.907,-0.371,7.051,111.696,-115.141
-0.000,-0.000,-0.001,0.000,0.907,-0.371,7.017,111.698,-115.162
0.001,-0.000,-0.001,-0.001,0.908,-0.371,6.944,111.704,-115.191
0.001,-0.000,0.000,-0.001,0.908,-0.371,6.943,111.705,-115.161
-0.000,-0.000,0.000,-0.000,0.907,-0.371,6.935,111.708,-115.139
0.001,0.001,-0.001,-0.000,0.907,-0.371,6.984,111.696,-115.212
-0.000,-0.003,0.000,-0.000,0.907,-0.371,7.007,111.695,-115.215
-0.000,-0.001,0.000,0.000,0.907,-0.370,6.922,111.714,-115.097
-0.000,-0.000,0.000,0.000,0.907,-0.370,6.919,111.712,-115.063
0.001,0.001,0.000,-0.000,0.907,-0.370,6.930,111.706,-115.069
-0.001,0.001,-0.001,-0.001,0.907,-0.370,6.887,111.709,-115.021
-0.000,-0.000,0.000,-0.000,0.907,-0.371,6.864,111.713,-115.001
0.002,-0.000,0.000,-0.000,0.907,-0.371,6.899,111.707,-115.043
-0.000,-0.000,-0.001,-0.000,0.908,-0.370,6.972,111.682,-115.146
-0.000,-0.001,0.000,0.000,0.907,-0.370,7.044,111.660,-115.238
0.001,-0.001,0.000,0.000,0.907,-0.370,7.069,111.652,-115.270
-0.001,-0.000,0.001,-0.000,0.907,-0.371,7.112,111.647,-115.319
-0.001,-0.000,0.000,-0.000,0.907,-0.370,7.158,111.642,-115.341
-0.000,-0.001,0.000,-0.000,0.907,-0.370,7.204,111.636,-115.367
-0.000,0.001,0.000,0.000,0.907,-0.371,7.189,111.645,-115.345
-0.000,-0.001,0.000,-0.000,0.907,-0.370,7.252,111.635,-115.422
-0.000,-0.001,-0.001,0.000,0.907,-0.371,7.201,111.649,-115.396
0.001,-0.000,0.000,0.000,0.907,-0.371,7.222,111.657,-115.333
-0.001,-0.001,0.000,-0.000,0.907,-0.370,7.240,111.651,-115.378
-0.003,-0.000,-0.001,-0.000,0.908,-0.370,7.191,111.661,-115.315
-0.000,-0.001,0.001,-0.000,0.908,-0.370,7.224,111.653,-115.326
-0.000,-0.000,0.000,0.000,0.907,-0.371,7.203,111.661,-115.281
0.001,-0.000,0.000,-0.000,0.907,-0.370,7.225,111.653,-115.327
-0.000,-0.001,0.001,-0.000,0.907,-0.370,7.165,111.661,-115.304
-0.001,0.001,0.000,0.000,0.907,-0.371,7.227,111.647,-115.463
-0.000,-0.000,0.000,-0.001,0.907,-0.371,7.228,111.651,-115.468
0.001,0.001,0.000,-0.001,0.907,-0.371,7.180,111.666,-115.410
-0.000,-0.000,-0.001,-0.001,0.907,-0.371,7.156,111.678,-115.331
0.002,-0.001,0.000,0.000,0.908,-0.371,7.130,111.684,-115.293
-0.001,-0.000,0.000,0.000,0.908,-0.371,7.151,111.680,-115.293
-0.000,-0.001,0.000,0.000,0.907,-0.371,7.171,111.677,-115.341
-0.000,0.001,0.000,-0.000,0.907,-0.370,7.192,111.672,-115.377
-0.001,0.001,0.001,-0.000,0.907,-0.370,7.161,111.678,-115.338
-0.000,-0.000,-0.001,0.000,0.906,-0.372,7.146,111.694,-115.307
-0.001,-0.000,0.001,-0.000,0.907,-0.370,7.122,111.696,-115.294
0.001,-0.000,0.001,-0.000,0.907,-0.370,7.106,111.692,-115.315
-0.003,-0.000,0.000,-0.000,0.907,-0.370,7.066,111.696,-115.299
0.001,-0.000,-0.001,-0.000,0.907,-0.370,7.066,111.697,-115.242
-0.000,-0.000,0.001,-0.000,0.907,-0.370,7.107,111.673,-115.394
-0.000,0.001,0.000,-0.000,0.907,-0.370,7.091,111.669,-115.389
-0.000,-0.000,0.001,-0.000,0.908,-0.371,7.059,111.680,-115.356
-0.000,-0.000,0.000,-0.000,0.907,-0.370,7.036,111.689,-115.271
-0.000,0.001,0.000,-0.000,0.907,-0.370,7.005,111.691,-115.227
0.001,-0.000,0.000,-0.000,0.907,-0.370,6.935,111.699,-115.108
-0.000,-0.000,0.000,0.000,0.907,-0.371,6.970,111.700,-115.092
-0.001,-0.000,0.000,0.000,0.907,-0.370,7.052,111.684,-115.165
-0.000,-0.003,0.000,0.000,0.907,-0.370,7.136,111.668,-115.215
-0.000,-0.001,-0.001,-0.001,0.907,-0.370,7.180,111.659,-115.238
0.001,-0.000,0.000,-0.000,0.907,-0.370,7.179,111.657,-115.250
-0.000,-0.000,0.000,-0.000,0.907,-0.370,7.179,111.655,-115.259
0.001,-0.000,0.000,-0.000,0.907,-0.371,7.166,111.662,-115.251
-0.001,0.001,-0.001,-0.001,0.907,-0.370,7.219,111.645,-115.376
-0.001,-0.000,0.000,0.000,0.907,-0.370,7.190,111.638,-115.468
-0.000,-0.000,0.001,0.000,0.907,-0.370,7.127,111.656,-115.366
-0.000,-0.000,0.001,-0.000,0.907,-0.371,7.074,111.669,-115.313
-0.003,-0.000,0.000,-0.000,0.907,-0.370,7.064,111.673,-115.288
0.001,-0.000,0.000,-0.000,0.907,-0.370,7.057,111.679,-115.225
-0.003,0.002,0.000,-0.000,0.907,-0.371,7.099,111.673,-115.247
-0.000,-0.000,0.001,-0.000,0.907,-0.371,7.099,111.671,-115.316
0.001,-0.001,0.000,-0.000,0.907,-0.371,7.118,111.672,-115.321
-0.003,-0.000,0.000,0.000,0.907,-0.371,7.089,111.683,-115.303
-0.000,-0.000,0.000,0.000,0.907,-0.371,7.023,111.703,-115.217
0.001,-0.001,0.000,-0.000,0.907,-0.370,6.989,111.705,-115.162
-0.000,0.001,0.000,-0.000,0.908,-0.370,6.974,111.704,-115.150
0.001,-0.000,0.000,0.000,0.907,-0.371,7.087,111.675,-115.290
-0.000,0.001,0.000,0.000,0.907,-0.371,7.116,111.670,-115.306
0.001,-0.003,-0.001,0.000,0.907,-0.370,7.148,111.662,-115.342
0.001,0.001,0.000,-0.000,0.907,-0.370,7.135,111.662,-115.339
0.001,0.001,0.000,-0.000,0.907,-0.370,7.111,111.666,-115.308
-0.001,-0.000,0.000,-0.000,0.907,-0.371,7.032,111.681,-115.293
-0.000,-0.001,0.000,-0.001,0.907,-0.370,7.092,111.676,-115.269
-0.000,-0.000,0.000,-0.001,0.907,-0.370,7.071,111.680,-115.249
-0.001,-0.000,0.001,-0.001,0.907,-0.370,7.102,111.679,-115.201
-0.000,-0.000,0.001,-0.000,0.907,-0.370,7.164,111.661,-115.296
-0.001,-0.003,0.000,-0.000,0.908,-0.370,7.213,111.646,-115.380
0.001,0.001,0.001,-0.000,0.908,-0.370,7.229,111.638,-115.444
-0.000,-0.001,0.001,-0.001,0.907,-0.370,7.303,111.617,-115.563
-0.001,-0.000,0.000,-0.000,0.907,-0.370,7.254,111.631,-115.483
-0.000,-0.001,0.000,-0.000,0.907,-0.370,7.267,111.628,-115.520
-0.001,-0.000,0.000,-0.000,0.907,-0.370,7.213,111.640,-115.469
0.001,-0.000,-0.001,0.000,0.907,-0.371,7.173,111.653,-115.411
0.001,-0.000,0.000,0.000,0.907,-0.370,7.140,111.661,-115.358
-0.001,-0.000,0.001,0.000,0.907,-0.370,7.129,111.663,-115.303
-0.001,-0.001,0.000,-0.001,0.908,-0.370,7.128,111.666,-115.248
-0.001,-0.000,-0.001,-0.001,0.908,-0.370,7.060,111.671,-115.278
-0.001,-0.001,0.000,-0.000,0.907,-0.370,7.105,111.656,-115.419
0.001,-0.001,0.001,-0.000,0.907,-0.371,7.085,111.661,-115.464
0.001,0.001,-0.001,-0.000,0.907,-0.371,7.066,111.673,-115.446
0.002,-0.001,0.000,0.000,0.907,-0.370,7.056,111.674,-115.382
-0.000,-0.000,0.000,-0.001,0.907,-0.370,7.009,111.685,-115.303
-0.000,-0.001,0.000,-0.001,0.907,-0.370,7.008,111.687,-115.297
0.001,-0.001,0.000,-0.001,0.907,-0.370,7.042,111.681,-115.326
-0.000,-0.001,0.000,0.000,0.907,-0.370,7.091,111.664,-115.402
0.001,0.002,0.000,-0.001,0.907,-0.370,7.104,111.662,-115.376
0.001,-0.001,0.001,-0.001,0.907,-0.370,7.154,111.649,-115.410
-0.000,-0.001,0.000,0.000,0.906,-0.371,7.146,111.662,-115.390
-0.001,-0.000,0.000,0.000,0.908,-0.371,7.133,111.668,-115.369
-0.001,-0.001,0.000,0.000,0.908,-0.371,7.154,111.660,-115.415
-0.003,0.002,0.000,-0.000,0.907,-0.371,7.217,111.649,-115.461
0.001,-0.000,0.001,-0.001,0.907,-0.371,7.156,111.668,-115.408
-0.000,-0.001,0.000,-0.000,0.907,-0.371,7.120,111.672,-115.437
-0.000,-0.001,0.001,-0.000,0.907,-0.371,7.165,111.660,-115.531
0.002,-0.000,0.000,-0.000,0.907,-0.370,7.132,111.664,-115.534
-0.001,-0.000,-0.001,-0.001,0.907,-0.370,7.110,111.666,-115.524
-0.000,-0.000,0.000,-0.001,0.907,-0.370,7.035,111.688,-115.337
-0.000,-0.001,0.000,-0.000,0.907,-0.371,6.984,111.705,-115.210
-0.001,-0.001,0.000,0.000,0.907,-0.371,6.885,111.731,-115.030
-0.000,0.001,0.001,0.000,0.907,-0.371,6.909,111.726,-115.026
-0.000,-0.001,0.001,-0.000,0.907,-0.371,6.972,111.711,-115.090
-0.001,0.001,-0.001,-0.000,0.907,-0.370,6.976,111.705,-115.105
-0.001,-0.000,0.000,-0.000,0.907,-0.370,6.986,111.705,-115.052
-0.000,0.001,0.001,-0.000,0.907,-0.370,6.976,111.706,-115.004
0.001,0.001,0.000,-0.001,0.907,-0.371,7.024,111.695,-115.051
0.001,-0.000,0.000,-0.001,0.907,-0.371,7.057,111.694,-115.042
-0.003,0.001,0.000,-0.000,0.907,-0.371,7.081,111.689,-115.086
0.001,0.001,0.000,-0.000,0.906,-0.370,7.100,111.685,-115.125
-0.001,-0.000,0.000,-0.000,0.906,-0.370,6.986,111.699,-115.135
-0.000,0.001,0.000,0.000,0.907,-0.370,6.909,111.713,-115.052
-0.001,0.001,0.000,-0.000,0.907,-0.370,6.983,111.688,-115.226
-0.000,0.001,0.000,-0.001,0.907,-0.370,7.011,111.685,-115.201
0.001,0.002,0.000,-0.001,0.907,-0.370,6.991,111.681,-115.241
0.001,0.001,0.000,-0.000,0.907,-0.370,7.019,111.670,-115.297
-0.001,-0.001,0.001,0.000,0.907,-0.371,7.055,111.665,-115.337
-0.000,-0.000,0.000,0.000,0.907,-0.371,7.051,111.671,-115.348
0.001,0.001,0.001,-0.000,0.907,-0.370,6.945,111.690,-115.301
0.001,-0.000,-0.002,-0.000,0.907,-0.370,6.869,111.710,-115.150
0.001,-0.001,0.000,-0.000,0.907,-0.370,6.871,111.703,-115.177
-0.000,-0.001,0.001,-0.000,0.907,-0.371,7.012,111.678,-115.320
-0.001,0.001,0.001,-0.000,0.907,-0.371,7.061,111.675,-115.309
-0.003,-0.001,-0.001,-0.000,0.907,-0.370,7.103,111.669,-115.292
0.001,-0.000,-0.001,-0.000,0.907,-0.370,7.141,111.659,-115.298
-0.000,-0.000,-0.001,0.000,0.907,-0.370,7.199,111.642,-115.383
-0.001,-0.001,0.000,-0.000,0.907,-0.370,7.112,111.661,-115.285
-0.001,-0.000,0.001,-0.000,0.907,-0.370,7.045,111.673,-115.219
0.001,-0.001,0.000,-0.000,0.907,-0.371,6.979,111.692,-115.172
-0.001,-0.001,0.001,-0.001,0.907,-0.372,6.986,111.696,-115.207
-0.000,-0.000,0.000,-0.001,0.907,-0.372,7.093,111.686,-115.256
-0.000,-0.001,0.001,-0.000,0.908,-0.370,7.115,111.679,-115.240
0.001,-0.000,-0.001,-0.000,0.907,-0.371,7.159,111.667,-115.311
-0.000,-0.001,-0.001,-0.000,0.907,-0.371,7.140,111.670,-115.303
-0.000,0.001,0.000,-0.000,0.907,-0.371,7.155,111.673,-115.287
0.002,-0.000,0.001,-0.000,0.907,-0.370,7.155,111.675,-115.259
-0.000,-0.000,-0.002,-0.000,0.907,-0.370,7.164,111.666,-115.298
0.002,-0.000,0.000,-0.000,0.907,-0.370,7.164,111.659,-115.336
-0.001,-0.000,0.000,-0.001,0.907,-0.371,7.211,111.647,-115.431
0.001,-0.000,0.000,-0.001,0.907,-0.371,7.223,111.650,-115.444
0.001,-0.001,0.000,-0.000,0.907,-0.371,7.247,111.647,-115.535
-0.000,0.001,0.000,-0.001,0.907,-0.370,7.194,111.657,-115.504
-0.000,-0.000,-0.001,-0.000,0.907,-0.370,7.175,111.661,-115.501
-0.001,-0.001,0.001,-0.000,0.907,-0.370,7.127,111.672,-115.437
-0.000,0.001,0.000,-0.000,0.907,-0.371,7.129,111.675,-115.449
0.001,-0.000,-0.001,-0.000,0.907,-0.371,7.158,111.673,-115.477
-0.003,-0.001,0.001,-0.000,0.907,-0.371,7.092,111.700,-115.313
-0.000,-0.001,0.000,-0.000,0.907,-0.371,7.118,111.700,-115.287
0.001,0.001,0.000,-0.001,0.907,-0.370,7.145,111.695,-115.272
-0.003,-0.001,0.001,-0.001,0.907,-0.370,7.146,111.691,-115.266
-0.001,0.001,-0.001,-0.001,0.907,-0.371,7.126,111.693,-115.257
-0.001,-0.000,0.000,0.000,0.907,-0.371,7.058,111.708,-115.161
-0.001,0.001,0.000,-0.000,0.907,-0.370,7.053,111.700,-115.195
0.002,0.001,0.000,-0.000,0.907,-0.370,7.023,111.697,-115.198
-0.001,-0.000,0.000,-0.000,0.907,-0.371,7.040,111.692,-115.227
0.001,-0.000,0.000,-0.001,0.907,-0.371,7.030,111.694,-115.230
-0.000,-0.003,-0.001,-0.001,0.907,-0.371,7.011,111.696,-115.266
-0.004,-0.000,0.000,-0.001,0.907,-0.370,7.015,111.692,-115.289
0.001,-0.001,-0.001,-0.000,0.907,-0.371,7.095,111.675,-115.373
-0.001,0.001,0.000,0.000,0.907,-0.371,7.243,111.649,-115.490
-0.001,-0.000,0.001,0.000,0.907,-0.371,7.287,111.637,-115.593
-0.000,-0.000,0.000,0.000,0.908,-0.371,7.248,111.649,-115.536
-0.003,-0.001,0.000,0.000,0.908,-0.371,7.296,111.639,-115.571
-0.001,0.002,0.000,-0.000,0.908,-0.370,7.366,111.625,-115.578
-0.000,-0.001,-0.001,-0.000,0.907,-0.370,7.397,111.620,-115.563
-0.000,-0.000,-0.001,-0.000,0.907,-0.370,7.376,111.624,-115.541
0.001,-0.000,0.000,0.000,0.907,-0.371,7.299,111.641,-115.480
-0.000,0.001,0.001,0.000,0.907,-0.370,7.226,111.658,-115.384
-0.003,0.001,0.000,0.000,0.907,-0.370,7.203,111.657,-115.398
-0.000,0.001,0.000,-0.000,0.907,-0.369,7.144,111.654,-115.389
-0.001,-0.000,0.001,-0.000,0.907,-0.370,7.077,111.671,-115.293
-0.000,-0.000,0.001,-0.001,0.907,-0.370,7.024,111.684,-115.206
-0.000,-0.000,0.000,-0.001,0.907,-0.370,6.970,111.694,-115.108
0.001,-0.000,0.000,-0.000,0.906,-0.370,6.966,111.696,-115.062
-0.000,-0.001,0.000,-0.000,0.907,-0.371,6.996,111.690,-115.097
0.001,-0.003,0.000,-0.000,0.907,-0.371,7.033,111.684,-115.164
-0.000,-0.000,-0.001,-0.001,0.908,-0.370,7.067,111.668,-115.273
-0.000,-0.000,-0.001,-0.001,0.907,-0.370,7.098,111.657,-115.347
0.001,-0.000,0.000,-0.001,0.908,-0.370,7.020,111.677,-115.208
-0.001,0.001,-0.001,-0.001,0.908,-0.370,7.025,111.675,-115.218
-0.000,-0.001,-0.001,-0.000,0.906,-0.370,6.956,111.692,-115.158
0.001,-0.000,0.000,0.000,0.907,-0.370,6.985,111.686,-115.210
-0.001,0.001,0.000,0.000,0.907,-0.370,7.008,111.683,-115.218
0.001,-0.000,0.000,0.000,0.907,-0.370,7.009,111.685,-115.183
0.001,0.001,0.001,0.000,0.907,-0.370,7.020,111.683,-115.177
-0.001,-0.000,0.000,0.000,0.907,-0.370,6.972,111.696,-115.092
-0.001,-0.003,0.000,0.000,0.907,-0.371,7.101,111.663,-115.291
-0.001,-0.001,0.000,-0.000,0.906,-0.371,7.134,111.657,-115.351
-0.001,-0.000,0.001,-0.000,0.906,-0.371,7.190,111.651,-115.440
0.001,-0.000,0.000,0.000,0.907,-0.371,7.228,111.650,-115.460
-0.001,-0.000,0.000,-0.001,0.907,-0.370,7.261,111.651,-115.416
0.001,-0.000,0.001,-0.001,0.907,-0.370,7.273,111.656,-115.316
-0.000,0.001,-0.001,-0.000,0.907,-0.370,7.188,111.670,-115.255
-0.001,-0.000,0.000,-0.000,0.907,-0.370,7.172,111.670,-115.251
-0.000,-0.003,0.000,-0.000,0.907,-0.370,7.092,111.687,-115.148
-0.001,0.001,0.001,0.000,0.907,-0.371,7.089,111.690,-115.102
-0.000,-0.001,-0.001,0.000,0.907,-0.371,7.058,111.697,-115.056
-0.000,-0.000,-0.001,0.000,0.907,-0.370,7.073,111.689,-115.111
0.001,0.001,0.000,0.000,0.907,-0.370,7.073,111.685,-115.142
-0.000,0.001,0.000,0.000,0.907,-0.370,7.050,111.686,-115.167
0.001,0.001,0.000,-0.000,0.907,-0.370,7.064,111.680,-115.213
-0.001,-0.000,-0.001,-0.000,0.907,-0.370,7.079,111.673,-115.278
-0.000,-0.001,0.001,-0.000,0.907,-0.370,7.018,111.688,-115.176
-0.001,0.001,0.001,-0.001,0.907,-0.371,7.016,111.696,-115.104
0.002,0.001,0.000,-0.001,0.907,-0.371,7.045,111.697,-115.115
-0.001,-0.001,0.000,-0.000,0.907,-0.370,7.064,111.686,-115.195
-0.001,-0.001,-0.001,-0.001,0.907,-0.370,7.075,111.679,-115.231
-0.001,-0.000,0.000,-0.000,0.907,-0.370,6.961,111.704,-115.075
0.001,0.001,0.000,-0.000,0.907,-0.370,7.022,111.693,-115.109
-0.003,-0.003,0.000,0.000,0.907,-0.370,7.014,111.684,-115.195
-0.000,0.001,0.001,-0.001,0.907,-0.370,7.011,111.674,-115.304
0.001,-0.000,0.001,-0.001,0.907,-0.370,7.005,111.671,-115.371
0.001,0.001,-0.001,-0.000,0.907,-0.370,6.963,111.677,-115.337
-0.000,-0.001,0.000,-0.001,0.907,-0.370,7.011,111.669,-115.353
-0.000,-0.000,0.000,-0.001,0.907,-0.370,7.093,111.658,-115.395
-0.000,0.001,-0.001,-0.000,0.907,-0.370,7.141,111.640,-115.466
-0.000,0.001,0.000,0.000,0.908,-0.370,7.233,111.612,-115.592
-0.000,-0.000,0.000,0.000,0.908,-0.370,7.210,111.622,-115.508
0.001,-0.000,-0.001,-0.000,0.907,-0.370,7.211,111.630,-115.436
-0.001,-0.001,0.000,-0.001,0.907,-0.370,7.219,111.626,-115.494
0.001,-0.001,0.001,-0.001,0.907,-0.370,7.158,111.644,-115.429
0.001,-0.001,0.001,-0.000,0.907,-0.370,7.109,111.656,-115.366
-0.001,-0.000,-0.001,-0.001,0.907,-0.371,7.088,111.662,-115.353
-0.000,-0.001,0.001,-0.001,0.907,-0.371,7.037,111.676,-115.299
0.001,0.001,-0.001,-0.000,0.907,-0.370,7.004,111.680,-115.290
-0.000,-0.001,0.000,0.000,0.907,-0.371,7.016,111.680,-115.286
0.001,-0.000,-0.001,-0.000,0.907,-0.371,7.033,111.687,-115.250
0.001,-0.000,0.000,-0.000,0.907,-0.371,7.139,111.664,-115.390
-0.001,-0.000,-0.001,-0.001,0.907,-0.370,7.166,111.656,-115.420
0.001,0.001,-0.001,0.000,0.907,-0.370,7.148,111.660,-115.394
-0.001,-0.001,-0.001,0.000,0.907,-0.370,7.158,111.655,-115.417
-0.000,-0.000,-0.001,0.000,0.907,-0.370,7.199,111.645,-115.467
-0.000,-0.000,0.000,0.000,0.907,-0.370,7.212,111.640,-115.481
-0.001,-0.000,0.000,0.000,0.907,-0.370,7.182,111.641,-115.482
0.002,-0.000,0.000,-0.000,0.907,-0.370,7.170,111.645,-115.476
0.001,-0.000,-0.001,-0.001,0.908,-0.370,7.111,111.659,-115.387
-0.001,-0.000,-0.001,0.000,0.907,-0.370,7.055,111.668,-115.367
-0.000,-0.001,0.001,0.000,0.907,-0.370,7.086,111.664,-115.381
-0.000,-0.000,0.000,-0.000,0.907,-0.371,7.076,111.667,-115.383
-0.001,0.001,-0.001,-0.000,0.907,-0.370,7.094,111.664,-115.394
0.001,-0.000,0.000,-0.000,0.907,-0.370,7.079,111.667,-115.383
-0.000,0.001,0.001,-0.000,0.907,-0.371,7.089,111.670,-115.374
-0.000,-0.000,-0.001,0.000,0.907,-0.371,7.104,111.671,-115.355
-0.001,-0.001,0.000,0.000,0.907,-0.371,7.110,111.675,-115.315
-0.000,-0.001,0.001,-0.000,0.907,-0.370,7.071,111.681,-115.285
0.002,0.001,-0.001,-0.000,0.907,-0.370,7.104,111.669,-115.300
-0.001,0.001,0.001,-0.000,0.907,-0.370,7.104,111.664,-115.275
-0.001,-0.000,0.000,-0.000,0.907,-0.371,7.075,111.678,-115.230
0.001,-0.001,0.000,-0.000,0.907,-0.371,7.098,111.678,-115.261
-0.001,0.002,0.000,-0.000,0.907,-0.371,7.060,111.688,-115.278
-0.001,0.001,0.001,0.000,0.907,-0.371,7.019,111.694,-115.290
-0.001,-0.003,0.000,-0.000,0.907,-0.370,7.005,111.695,-115.279
-0.000,0.001,0.000,-0.000,0.907,-0.370,7.092,111.681,-115.248
0.001,-0.000,0.000,-0.000,0.907,-0.370,7.105,111.676,-115.281
-0.000,-0.000,0.000,-0.000,0.907,-0.371,7.079,111.686,-115.234
-0.000,-0.000,0.000,-0.000,0.907,-0.371,7.123,111.676,-115.295
-0.000,-0.001,0.001,-0.000,0.907,-0.371,7.067,111.689,-115.230
-0.000,-0.001,0.000,-0.000,0.907,-0.371,7.128,111.674,-115.300
0.001,-0.001,0.000,-0.000,0.907,-0.371,7.180,111.661,-115.395
-0.000,-0.000,0.000,-0.000,0.907,-0.371,7.204,111.657,-115.425
-0.001,-0.000,-0.001,-0.000,0.907,-0.371,7.280,111.648,-115.465
-0.000,-0.000,0.000,0.000,0.907,-0.370,7.251,111.654,-115.448
-0.000,-0.003,-0.002,0.000,0.907,-0.370,7.203,111.660,-115.403
-0.000,-0.000,0.000,-0.000,0.907,-0.370,7.137,111.672,-115.339
-0.000,0.001,0.000,-0.000,0.907,-0.370,7.118,111.682,-115.213
0.001,-0.000,0.001,-0.001,0.906,-0.370,7.137,111.676,-115.253
-0.000,-0.000,0.000,-0.001,0.906,-0.370,7.148,111.673,-115.284
0.001,-0.001,0.000,-0.000,0.907,-0.370,7.110,111.676,-115.287
-0.001,-0.000,0.001,-0.000,0.907,-0.370,7.121,111.671,-115.282
-0.000,-0.001,0.000,-0.000,0.907,-0.370,7.042,111.679,-115.261
-0.000,-0.001,0.000,-0.001,0.907,-0.369,6.954,111.687,-115.214
-0.001,-0.000,0.001,-0.001,0.907,-0.369,6.929,111.685,-115.203
0.001,-0.001,0.001,-0.001,0.907,-0.371,6.889,111.707,-115.076
-0.001,-0.001,0.000,0.000,0.907,-0.370,6.961,111.692,-115.147
-0.000,0.001,-0.001,0.000,0.907,-0.371,7.020,111.677,-115.252
0.001,-0.001,0.000,0.000,0.907,-0.371,6.990,111.684,-115.248
-0.000,-0.000,0.000,-0.000,0.907,-0.370,7.060,111.667,-115.352
-0.000,-0.000,-0.001,0.000,0.907,-0.371,7.072,111.663,-115.396
0.001,-0.001,0.000,0.000,0.907,-0.371,7.106,111.655,-115.472
-0.001,0.001,0.000,-0.000,0.907,-0.370,7.162,111.644,-115.527
-0.000,-0.003,0.000,-0.000,0.907,-0.370,7.158,111.638,-115.605
-0.001,-0.000,-0.001,-0.000,0.907,-0.370,7.174,111.637,-115.558
0.001,0.002,0.000,-0.000,0.907,-0.370,7.139,111.650,-115.461
-0.001,0.001,0.000,-0.000,0.907,-0.370,7.176,111.644,-115.477
-0.000,-0.000,0.000,-0.000,0.907,-0.371,7.184,111.645,-115.481
-0.001,0.001,0.001,-0.000,0.907,-0.371,7.215,111.642,-115.489
-0.001,-0.001,0.000,-0.000,0.907,-0.370,7.238,111.636,-115.551
-0.001,0.001,0.000,-0.001,0.907,-0.370,7.258,111.627,-115.649
-0.000,0.001,0.001,-0.001,0.907,-0.370,7.283,111.624,-115.669
0.001,-0.000,-0.001,-0.000,0.907,-0.370,7.181,111.649,-115.543
-0.001,-0.001,-0.001,0.000,0.907,-0.370,7.091,111.674,-115.399
0.001,-0.000,0.001,0.000,0.907,-0.370,7.002,111.697,-115.257
-0.000,0.001,0.000,-0.000,0.907,-0.370,6.971,111.700,-115.180
-0.000,-0.000,0.001,-0.000,0.907,-0.371,6.999,111.701,-115.129
-0.000,-0.001,0.000,-0.000,0.907,-0.371,7.054,111.696,-115.089
0.001,-0.000,0.000,-0.000,0.907,-0.371,7.037,111.706,-114.980
-0.000,0.001,0.000,-0.001,0.907,-0.370,7.030,111.709,-114.903
-0.001,-0.001,0.000,-0.001,0.907,-0.370,7.029,111.700,-114.964
-0.000,-0.000,-0.001,0.000,0.907,-0.370,6.972,111.706,-114.935
0.001,-0.000,-0.001,0.000,0.907,-0.370,6.894,111.716,-114.874
-0.001,-0.000,0.000,0.000,0.907,-0.370,6.891,111.710,-114.892
-0.000,0.002,0.000,-0.000,0.907,-0.370,6.909,111.705,-114.902
-0.001,-0.000,0.000,-0.000,0.907,-0.371,6.906,111.703,-114.947
-0.001,-0.001,0.000,-0.000,0.907,-0.371,6.951,111.698,-114.994
-0.000,-0.000,0.000,-0.000,0.907,-0.371,6.989,111.698,-115.038
0.002,0.001,0.000,-0.001,0.907,-0.371,7.035,111.688,-115.098
-0.001,0.001,0.000,-0.001,0.907,-0.370,7.095,111.674,-115.175
-0.001,0.001,0.000,-0.001,0.907,-0.370,7.109,111.664,-115.297
-0.000,-0.000,0.000,-0.000,0.907,-0.370,7.149,111.653,-115.373
-0.003,0.001,-0.001,0.000,0.907,-0.370,7.154,111.652,-115.338
0.001,0.001,0.001,0.000,0.907,-0.370,7.170,111.643,-115.336
-0.003,0.001,0.000,-0.000,0.907,-0.371,7.209,111.649,-115.291
-0.001,-0.001,0.000,-0.001,0.907,-0.371,7.211,111.661,-115.262
-0.000,-0.001,0.001,0.000,0.907,-0.371,7.201,111.666,-115.277
-0.001,-0.000,0.000,0.000,0.907,-0.371,7.135,111.675,-115.279
-0.000,-0.000,0.001,-0.000,0.908,-0.372,7.172,111.671,-115.361
0.001,-0.000,-0.001,-0.000,0.907,-0.371,7.124,111.681,-115.358
-0.000,0.001,0.000,-0.000,0.907,-0.371,7.121,111.677,-115.397
0.001,-0.001,0.001,0.000,0.907,-0.370,7.132,111.672,-115.444
-0.003,-0.000,0.000,0.000,0.907,-0.370,7.129,111.663,-115.537
-0.000,-0.000,-0.002,-0.001,0.907,-0.370,7.150,111.658,-115.512
0.001,-0.001,0.000,-0.001,0.907,-0.370,7.111,111.671,-115.370
-0.001,-0.000,0.000,-0.001,0.908,-0.370,7.104,111.677,-115.273
-0.001,0.002,-0.001,-0.000,0.907,-0.371,7.030,111.694,-115.175
-0.000,-0.000,-0.001,-0.000,0.907,-0.371,7.039,111.690,-115.200
-0.001,-0.001,0.000,-0.001,0.906,-0.371,7.097,111.681,-115.282
0.001,-0.001,0.000,-0.001,0.906,-0.371,7.175,111.672,-115.387
0.001,-0.000,0.000,-0.000,0.908,-0.371,7.201,111.671,-115.371
-0.000,0.001,-0.001,-0.000,0.907,-0.371,7.141,111.674,-115.435
0.001,-0.001,0.000,-0.000,0.907,-0.371,7.158,111.676,-115.363
-0.001,0.001,0.000,-0.000,0.906,-0.370,7.092,111.688,-115.207
-0.000,-0.001,-0.001,0.000,0.907,-0.370,7.159,111.672,-115.249
-0.000,-0.000,0.000,-0.000,0.907,-0.371,7.181,111.667,-115.274
0.001,0.001,0.000,-0.000,0.907,-0.371,7.155,111.676,-115.242
-0.001,0.001,0.000,0.000,0.907,-0.370,7.069,111.693,-115.133
0.001,0.001,0.000,-0.000,0.907,-0.371,7.038,111.696,-115.109
-0.001,0.001,0.001,-0.000,0.907,-0.371,7.029,111.693,-115.152
0.001,-0.000,-0.001,0.000,0.907,-0.370,7.076,111.680,-115.214
-0.003,-0.001,0.000,-0.000,0.907,-0.370,7.100,111.670,-115.255
-0.000,-0.000,0.000,-0.001,0.907,-0.370,7.140,111.662,-115.264
-0.000,0.001,-0.001,-0.001,0.907,-0.370,7.156,111.661,-115.253
-0.003,0.001,0.000,-0.000,0.907,-0.371,7.235,111.645,-115.331
-0.001,0.001,0.000,-0.000,0.907,-0.371,7.254,111.645,-115.354
-0.001,-0.000,0.000,-0.000,0.907,-0.371,7.199,111.662,-115.328
-0.001,0.001,0.001,-0.000,0.907,-0.371,7.161,111.673,-115.273
-0.000,-0.001,0.000,-0.000,0.907,-0.371,7.159,111.675,-115.259
-0.000,0.001,-0.001,-0.000,0.907,-0.371,7.116,111.676,-115.321
-0.001,0.001,0.000,-0.000,0.908,-0.371,7.110,111.678,-115.289
-0.000,-0.000,-0.001,-0.000,0.907,-0.370,7.078,111.683,-115.265
0.001,-0.001,0.000,-0.001,0.907,-0.370,7.077,111.675,-115.344
-0.000,0.001,-0.001,-0.001,0.907,-0.370,7.078,111.668,-115.402
-0.001,-0.000,0.000,-0.001,0.907,-0.370,7.091,111.659,-115.460
-0.001,-0.000,0.001,-0.001,0.907,-0.370,7.091,111.660,-115.440
-0.000,0.001,0.000,-0.000,0.907,-0.370,7.054,111.671,-115.384
-0.001,-0.001,-0.001,-0.000,0.908,-0.371,7.020,111.678,-115.360
-0.001,-0.001,0.000,-0.000,0.908,-0.371,7.016,111.681,-115.325
-0.001,-0.000,0.001,0.000,0.907,-0.371,7.011,111.693,-115.258
-0.000,-0.000,0.000,-0.000,0.907,-0.371,7.033,111.695,-115.243
-0.000,-0.001,0.000,0.000,0.907,-0.370,6.968,111.709,-115.153
0.001,-0.001,-0.001,0.000,0.907,-0.370,6.932,111.709,-115.137
-0.001,-0.001,0.000,-0.001,0.907,-0.370,6.955,111.701,-115.159
-0.000,-0.000,0.000,-0.000,0.907,-0.371,7.037,111.689,-115.159
0.001,-0.000,-0.001,-0.000,0.907,-0.371,7.015,111.694,-115.140
-0.000,-0.000,0.000,-0.000,0.907,-0.370,7.083,111.680,-115.192
-0.000,-0.001,0.000,-0.000,0.907,-0.370,7.117,111.674,-115.198
0.001,0.001,0.000,-0.000,0.907,-0.370,7.112,111.675,-115.198
0.001,-0.000,0.000,-0.001,0.907,-0.371,7.183,111.663,-115.249
-0.001,-0.000,0.000,0.000,0.907,-0.371,7.121,111.680,-115.193
-0.000,0.001,0.000,0.000,0.908,-0.370,7.113,111.681,-115.194
-0.000,0.002,0.000,0.000,0.908,-0.370,7.089,111.679,-115.194
-0.000,-0.000,-0.001,-0.000,0.907,-0.370,7.075,111.679,-115.171
-0.000,-0.000,0.000,-0.001,0.907,-0.370,7.063,111.679,-115.171
-0.000,-0.000,0.001,-0.001,0.907,-0.370,7.083,111.670,-115.254
-0.000,-0.000,0.000,-0.001,0.907,-0.370,7.034,111.678,-115.219
-0.000,-0.000,0.000,-0.000,0.906,-0.371,7.050,111.682,-115.156
-0.000,-0.000,0.001,-0.000,0.906,-0.371,7.158,111.661,-115.285
-0.001,-0.001,0.000,0.000,0.908,-0.370,7.158,111.660,-115.267
0.001,-0.000,0.000,-0.000,0.908,-0.370,7.153,111.645,-115.381
-0.000,-0.000,-0.001,-0.001,0.907,-0.371,7.181,111.642,-115.376
-0.001,-0.000,-0.001,-0.001,0.907,-0.371,7.217,111.635,-115.448
-0.001,-0.003,0.001,-0.000,0.907,-0.370,7.229,111.632,-115.497
-0.000,-0.000,0.001,-0.000,0.907,-0.370,7.158,111.649,-115.426
-0.000,-0.000,-0.001,-0.001,0.907,-0.371,7.113,111.665,-115.377
0.001,-0.000,0.000,0.000,0.907,-0.371,7.121,111.669,-115.358
-0.001,-0.000,0.001,0.000,0.907,-0.371,7.109,111.675,-115.329
0.002,0.002,0.001,-0.000,0.907,-0.371,7.108,111.676,-115.338
-0.001,-0.000,-0.001,0.000,0.907,-0.370,7.006,111.687,-115.325
-0.000,-0.003,0.000,-0.000,0.908,-0.370,6.963,111.692,-115.282
-0.003,-0.001,-0.001,-0.000,0.908,-0.370,7.008,111.678,-115.309
0.001,-0.001,0.003,-0.001,0.908,-0.371,7.015,111.680,-115.272
-0.003,-0.000,0.000,-0.000,0.908,-0.370,6.995,111.685,-115.235
-0.001,-0.001,0.000,-0.000,0.908,-0.370,6.961,111.689,-115.209
-0.000,-0.001,0.000,-0.001,0.907,-0.370,6.972,111.688,-115.204
-0.001,-0.000,0.000,-0.000,0.907,-0.370,6.984,111.687,-115.168
-0.000,-0.000,0.000,-0.000,0.907,-0.370,7.060,111.666,-115.256
-0.000,0.001,0.000,-0.000,0.908,-0.370,7.122,111.650,-115.354
-0.000,-0.000,0.001,-0.001,0.907,-0.370,7.094,111.662,-115.311
-0.001,-0.000,0.000,0.000,0.906,-0.370,7.035,111.676,-115.278
0.001,-0.000,-0.001,0.000,0.906,-0.370,6.995,111.688,-115.229
-0.000,-0.001,0.000,-0.001,0.907,-0.371,7.014,111.685,-115.255
-0.001,-0.000,0.000,-0.000,0.908,-0.370,7.048,111.679,-115.280
-0.001,-0.000,0.001,-0.000,0.908,-0.370,7.127,111.659,-115.368
0.001,0.001,0.000,-0.000,0.907,-0.370,7.123,111.660,-115.396
0.002,-0.001,0.001,-0.000,0.907,-0.370,7.206,111.647,-115.434
-0.000,-0.000,0.000,-0.000,0.907,-0.370,7.198,111.649,-115.432
-0.000,0.002,-0.001,-0.000,0.907,-0.370,7.164,111.656,-115.408
-0.001,-0.000,0.000,-0.001,0.907,-0.370,7.150,111.658,-115.414
-0.000,0.002,-0.001,-0.001,0.907,-0.370,7.133,111.661,-115.406
0.002,-0.001,-0.001,-0.001,0.907,-0.371,7.138,111.670,-115.382
-0.000,-0.000,0.001,-0.000,0.907,-0.370,7.155,111.664,-115.459
-0.001,-0.003,0.000,-0.000,0.907,-0.370,7.094,111.680,-115.373
-0.000,-0.001,-0.001,0.000,0.907,-0.369,7.052,111.679,-115.327
-0.001,0.001,0.001,0.000,0.907,-0.369,7.024,111.675,-115.281
-0.000,-0.001,-0.001,0.000,0.907,-0.369,7.003,111.670,-115.254
-0.000,-0.000,0.000,0.000,0.908,-0.370,7.096,111.645,-115.366
-0.001,-0.003,-0.001,-0.001,0.907,-0.371,7.050,111.659,-115.406
-0.000,-0.000,0.000,-0.000,0.907,-0.370,7.088,111.659,-115.414
-0.000,0.001,0.000,-0.000,0.907,-0.370,7.113,111.652,-115.473
-0.000,-0.001,0.000,0.000,0.908,-0.370,7.127,111.651,-115.450
0.001,-0.001,-0.001,-0.000,0.908,-0.371,7.155,111.650,-115.427
-0.000,-0.000,0.000,-0.000,0.908,-0.371,7.174,111.646,-115.444
0.001,-0.000,0.000,-0.001,0.907,-0.371,7.076,111.665,-115.423
-0.000,-0.001,0.000,-0.001,0.907,-0.370,7.026,111.672,-115.422
0.001,0.001,0.000,-0.001,0.907,-0.370,7.005,111.681,-115.335
-0.001,-0.000,0.000,-0.000,0.906,-0.371,7.029,111.687,-115.302
-0.003,-0.001,0.000,0.000,0.907,-0.371,7.087,111.673,-115.402
-0.001,-0.000,0.001,0.000,0.907,-0.370,7.088,111.672,-115.407
-0.001,-0.000,0.000,0.000,0.907,-0.370,7.041,111.681,-115.345
-0.000,-0.001,-0.001,-0.001,0.908,-0.370,7.034,111.683,-115.292
-0.001,-0.000,0.000,-0.000,0.907,-0.370,7.029,111.680,-115.324
-0.000,0.001,0.000,-0.000,0.907,-0.370,7.051,111.677,-115.334
-0.001,-0.000,0.000,-0.001,0.907,-0.370,7.091,111.667,-115.350
0.001,0.001,-0.001,-0.000,0.907,-0.371,7.114,111.664,-115.355
-0.000,-0.000,0.000,-0.000,0.907,-0.371,7.171,111.657,-115.389
-0.001,-0.000,0.000,-0.000,0.907,-0.370,7.142,111.664,-115.371
0.001,-0.000,0.000,0.000,0.907,-0.370,7.093,111.672,-115.364
-0.001,-0.001,0.000,0.000,0.907,-0.370,7.110,111.670,-115.356
-0.000,0.002,0.000,-0.000,0.907,-0.369,7.135,111.655,-115.405
-0.000,0.001,0.000,-0.000,0.907,-0.370,7.123,111.653,-115.422
-0.000,-0.001,0.001,-0.000,0.907,-0.370,7.135,111.654,-115.425
-0.000,-0.000,0.001,0.000,0.907,-0.371,7.148,111.660,-115.397
-0.000,-0.001,0.000,-0.000,0.907,-0.371,7.223,111.656,-115.380
-0.001,-0.000,0.000,-0.000,0.907,-0.371,7.189,111.671,-115.343
-0.001,-0.000,-0.001,-0.001,0.907,-0.371,7.227,111.666,-115.406
-0.000,-0.000,-0.001,-0.000,0.907,-0.370,7.260,111.653,-115.445
-0.000,-0.000,0.001,-0.000,0.908,-0.370,7.238,111.650,-115.426
-0.000,-0.001,-0.001,-0.000,0.908,-0.370,7.235,111.643,-115.410
-0.000,-0.000,0.000,-0.000,0.907,-0.370,7.269,111.632,-115.490
-0.001,-0.000,0.000,-0.000,0.907,-0.371,7.269,111.633,-115.527
0.001,-0.003,0.001,-0.000,0.907,-0.371,7.207,111.645,-115.537
-0.001,0.001,0.000,0.000,0.907,-0.370,7.127,111.665,-115.435
0.001,-0.000,0.000,0.000,0.907,-0.370,7.073,111.679,-115.330
-0.000,-0.000,0.000,0.000,0.907,-0.370,7.060,111.675,-115.322
-0.000,-0.000,0.000,-0.000,0.907,-0.370,7.122,111.666,-115.262
0.001,-0.000,-0.001,-0.000,0.907,-0.371,7.163,111.662,-115.299
-0.000,-0.000,0.000,0.000,0.907,-0.372,7.200,111.659,-115.357
-0.001,-0.001,0.000,0.000,0.907,-0.372,7.170,111.671,-115.383
0.001,-0.000,-0.001,-0.000,0.907,-0.371,7.196,111.667,-115.405
-0.000,-0.000,0.001,-0.000,0.907,-0.371,7.206,111.669,-115.397
0.001,-0.003,0.000,-0.000,0.907,-0.371,7.173,111.684,-115.302
-0.000,-0.000,0.000,-0.000,0.908,-0.370,7.144,111.685,-115.254
-0.001,-0.000,-0.001,-0.000,0.908,-0.370,7.193,111.665,-115.317
0.001,-0.000,0.000,-0.000,0.908,-0.370,7.327,111.630,-115.404
0.001,-0.003,0.000,-0.000,0.907,-0.370,7.335,111.635,-115.321
-0.000,-0.001,-0.001,-0.000,0.907,-0.371,7.288,111.641,-115.345
-0.000,-0.001,0.000,-0.000,0.907,-0.371,7.301,111.635,-115.438
-0.000,0.001,-0.001,-0.000,0.907,-0.370,7.333,111.621,-115.506
-0.000,-0.001,0.000,-0.000,0.907,-0.370,7.363,111.606,-115.620
-0.000,-0.000,-0.001,-0.000,0.907,-0.370,7.333,111.607,-115.662
-0.000,-0.000,0.000,-0.000,0.907,-0.370,7.277,111.616,-115.688
-0.000,0.001,0.000,-0.001,0.907,-0.371,7.259,111.624,-115.710
-0.001,-0.001,-0.001,-0.001,0.907,-0.371,7.242,111.635,-115.721
-0.001,-0.001,-0.001,-0.000,0.908,-0.370,7.173,111.648,-115.662
-0.000,0.002,-0.001,0.000,0.908,-0.371,7.135,111.660,-115.590
-0.000,-0.000,0.001,-0.000,0.908,-0.370,7.117,111.664,-115.538
-0.000,0.001,0.000,-0.000,0.908,-0.370,7.085,111.674,-115.417
0.001,0.002,0.000,-0.001,0.907,-0.370,7.123,111.670,-115.407
-0.001,-0.003,-0.001,-0.000,0.907,-0.370,7.155,111.662,-115.460
0.002,-0.000,0.000,-0.000,0.907,-0.370,7.173,111.657,-115.495
-0.003,-0.001,0.001,0.000,0.907,-0.371,7.160,111.666,-115.495
-0.001,-0.000,0.000,-0.000,0.907,-0.370,7.152,111.669,-115.456
-0.001,-0.000,0.000,-0.000,0.908,-0.371,7.096,111.677,-115.348
0.001,-0.001,0.000,-0.000,0.908,-0.371,7.078,111.682,-115.305
-0.000,0.001,0.000,-0.000,0.907,-0.370,7.038,111.690,-115.200
0.001,0.001,0.000,-0.000,0.907,-0.370,7.020,111.686,-115.214
-0.001,0.001,-0.001,-0.000,0.907,-0.370,7.044,111.688,-115.103
-0.001,0.001,0.001,-0.000,0.907,-0.370,7.099,111.680,-115.080
-0.000,-0.000,0.001,0.000,0.908,-0.370,7.177,111.661,-115.133
-0.000,-0.001,0.001,0.000,0.908,-0.370,7.167,111.652,-115.204
-0.000,-0.001,0.001,-0.000,0.907,-0.370,7.144,111.655,-115.228
-0.000,0.001,0.000,-0.000,0.907,-0.370,7.146,111.657,-115.226
-0.001,-0.001,0.000,0.000,0.907,-0.370,7.132,111.663,-115.192
-0.000,-0.001,-0.001,-0.000,0.907,-0.371,7.085,111.683,-115.091
-0.000,-0.000,0.000,-0.000,0.907,-0.371,7.034,111.698,-115.007
-0.000,-0.001,0.000,-0.000,0.907,-0.371,6.989,111.705,-115.007
-0.001,-0.001,0.000,-0.001,0.907,-0.370,6.923,111.714,-114.959
-0.000,-0.000,-0.001,-0.001,0.907,-0.370,6.922,111.711,-114.963
-0.000,-0.000,0.001,-0.001,0.907,-0.370,6.954,111.703,-115.002
-0.000,-0.001,0.000,-0.001,0.907,-0.370,6.977,111.693,-115.074
-0.000,0.001,-0.001,-0.001,0.907,-0.371,6.989,111.685,-115.170
-0.001,0.001,0.000,0.000,0.907,-0.370,7.027,111.685,-115.126
0.001,-0.001,0.001,0.000,0.907,-0.370,7.008,111.694,-115.007
-0.001,-0.000,0.000,-0.000,0.907,-0.371,7.008,111.705,-114.906
-0.001,-0.000,0.000,-0.001,0.907,-0.370,6.986,111.711,-114.843
-0.001,-0.001,0.000,-0.001,0.907,-0.370,7.010,111.696,-114.944
-0.003,0.001,0.000,-0.000,0.907,-0.370,7.060,111.683,-115.010
-0.000,-0.001,0.000,0.000,0.907,-0.370,7.107,111.669,-115.102
-0.000,-0.000,-0.001,0.000,0.907,-0.370,7.147,111.659,-115.188
0.002,-0.001,0.001,0.000,0.906,-0.371,7.141,111.662,-115.281
-0.000,-0.000,0.001,0.000,0.907,-0.371,7.012,111.696,-115.134
-0.000,0.001,0.000,-0.000,0.907,-0.370,6.918,111.709,-115.084
-0.001,-0.000,0.000,-0.000,0.907,-0.370,6.937,111.700,-115.113
-0.000,-0.000,0.000,-0.000,0.907,-0.370,6.994,111.684,-115.212
-0.000,-0.001,0.001,-0.001,0.907,-0.371,7.068,111.668,-115.322
-0.003,-0.001,0.000,-0.001,0.907,-0.371,7.112,111.665,-115.345
-0.001,-0.001,0.000,0.000,0.907,-0.370,7.044,111.680,-115.221
-0.000,-0.000,0.000,0.000,0.907,-0.370,7.049,111.674,-115.257
-0.000,-0.000,0.000,0.000,0.907,-0.370,7.083,111.671,-115.241
-0.000,0.001,0.000,0.000,0.908,-0.370,7.141,111.659,-115.255
-0.000,0.001,0.000,-0.000,0.907,-0.370,7.112,111.653,-115.286
-0.000,-0.003,0.001,-0.000,0.907,-0.370,7.069,111.668,-115.170
-0.001,-0.000,0.000,-0.000,0.907,-0.371,6.984,111.691,-115.047
-0.000,-0.001,0.001,0.000,0.907,-0.370,7.023,111.685,-115.046
-0.001,-0.000,0.000,0.000,0.907,-0.370,6.995,111.679,-115.137
0.001,0.001,0.001,-0.000,0.908,-0.371,7.048,111.669,-115.212
0.001,-0.000,0.000,-0.000,0.907,-0.371,7.106,111.660,-115.281
-0.000,-0.000,0.000,-0.000,0.907,-0.371,7.160,111.653,-115.333
0.001,-0.000,0.000,-0.000,0.907,-0.370,7.192,111.644,-115.393
0.001,-0.003,0.001,-0.000,0.907,-0.371,7.141,111.657,-115.357
0.001,0.001,0.000,-0.000,0.907,-0.370,7.105,111.666,-115.304
-0.001,-0.001,0.000,-0.000,0.907,-0.370,7.050,111.670,-115.323
-0.001,-0.001,0.000,-0.000,0.907,-0.370,7.078,111.664,-115.354
-0.001,-0.000,0.000,-0.001,0.907,-0.370,7.063,111.666,-115.338
0.001,-0.000,0.000,-0.001,0.907,-0.370,7.077,111.660,-115.344
-0.003,-0.001,0.000,-0.000,0.908,-0.370,7.094,111.655,-115.352
-0.000,-0.001,-0.001,0.000,0.908,-0.370,7.080,111.658,-115.315
-0.000,-0.000,-0.001,0.000,0.908,-0.370,7.139,111.637,-115.441
-0.001,-0.001,-0.001,-0.000,0.908,-0.370,7.105,111.639,-115.450
-0.001,-0.000,0.000,-0.000,0.907,-0.370,6.949,111.667,-115.394
0.001,-0.000,0.000,-0.001,0.907,-0.370,7.025,111.652,-115.473
-0.000,-0.000,0.000,-0.001,0.907,-0.370,7.088,111.644,-115.484
-0.001,-0.000,-0.001,-0.000,0.907,-0.370,7.120,111.641,-115.486
-0.000,0.001,-0.001,-0.000,0.907,-0.370,7.177,111.630,-115.519
-0.000,-0.000,-0.001,-0.000,0.907,-0.370,7.245,111.621,-115.506
0.001,0.001,0.000,-0.000,0.907,-0.371,7.218,111.638,-115.420
-0.000,-0.000,0.000,-0.000,0.907,-0.371,7.177,111.655,-115.320
0.001,-0.003,0.000,-0.001,0.908,-0.370,7.146,111.660,-115.253
-0.000,0.001,0.001,-0.000,0.907,-0.370,7.169,111.653,-115.239
-0.000,-0.000,0.001,-0.001,0.907,-0.371,7.160,111.651,-115.291
-0.001,-0.001,0.000,-0.001,0.907,-0.371,7.086,111.671,-115.220
-0.000,-0.003,0.000,-0.000,0.907,-0.371,7.046,111.680,-115.222
-0.000,-0.001,0.001,-0.000,0.907,-0.371,6.996,111.694,-115.168
0.001,-0.000,-0.001,-0.000,0.907,-0.371,7.070,111.678,-115.260
-0.001,-0.000,-0.001,0.000,0.908,-0.371,7.192,111.652,-115.390
0.001,-0.000,0.000,0.000,0.907,-0.371,7.275,111.638,-115.492
-0.000,-0.000,0.000,0.000,0.907,-0.371,7.288,111.642,-115.507
-0.000,-0.000,0.000,0.000,0.907,-0.370,7.224,111.650,-115.510
-0.001,0.001,0.000,-0.000,0.908,-0.370,7.199,111.656,-115.442
-0.001,-0.000,0.000,0.000,0.907,-0.371,7.190,111.660,-115.398
-0.001,-0.001,-0.001,0.000,0.907,-0.371,7.136,111.671,-115.348
-0.001,-0.001,0.001,0.000,0.907,-0.370,7.137,111.669,-115.328
-0.000,-0.001,0.000,-0.000,0.907,-0.370,7.126,111.670,-115.305
-0.000,-0.000,0.000,-0.000,0.907,-0.370,7.133,111.668,-115.285
-0.001,-0.001,-0.001,-0.001,0.907,-0.370,7.137,111.667,-115.309
-0.003,-0.000,0.000,-0.001,0.907,-0.370,7.122,111.669,-115.307
-0.000,-0.001,-0.001,-0.001,0.907,-0.370,7.097,111.676,-115.259
-0.000,-0.000,0.000,0.000,0.907,-0.370,7.054,111.684,-115.205
-0.001,-0.000,0.000,0.000,0.907,-0.371,7.044,111.688,-115.193
-0.001,-0.001,0.000,-0.000,0.908,-0.371,7.045,111.686,-115.208
-0.001,-0.001,0.000,-0.000,0.908,-0.371,7.092,111.672,-115.289
0.001,-0.000,0.000,-0.000,0.907,-0.370,7.063,111.671,-115.283
-0.001,-0.000,0.000,-0.000,0.907,-0.370,7.047,111.670,-115.277
-0.001,-0.001,-0.001,-0.000,0.907,-0.370,7.057,111.665,-115.288
-0.000,-0.000,0.000,-0.000,0.907,-0.370,7.066,111.660,-115.326
-0.003,-0.000,0.000,-0.000,0.907,-0.370,7.129,111.642,-115.457
-0.003,-0.000,0.000,-0.001,0.907,-0.371,7.137,111.650,-115.417
0.002,-0.000,0.001,-0.000,0.907,-0.371,7.130,111.665,-115.353
-0.000,-0.000,0.000,-0.000,0.907,-0.370,7.119,111.666,-115.348
-0.001,-0.000,-0.001,-0.000,0.907,-0.370,7.061,111.669,-115.334
0.001,-0.000,0.000,-0.000,0.908,-0.370,7.063,111.666,-115.352
-0.001,-0.001,0.000,-0.000,0.907,-0.370,7.046,111.670,-115.310
-0.000,-0.000,0.001,-0.000,0.907,-0.370,7.011,111.677,-115.253
-0.000,-0.000,0.001,-0.000,0.907,-0.370,6.958,111.686,-115.176
0.001,-0.000,0.000,-0.001,0.908,-0.370,6.950,111.678,-115.247
-0.000,-0.000,0.001,-0.001,0.908,-0.370,6.899,111.693,-115.133
-0.000,-0.000,0.000,0.000,0.907,-0.371,6.830,111.723,-114.960
-0.003,-0.000,0.001,0.000,0.907,-0.371,6.785,111.732,-114.912
0.001,-0.000,0.000,0.000,0.907,-0.370,6.828,111.720,-114.958
0.001,-0.001,0.001,0.000,0.907,-0.370,6.877,111.702,-115.066
-0.000,-0.000,-0.001,0.000,0.908,-0.371,6.825,111.718,-115.019
0.001,-0.000,0.000,0.000,0.907,-0.371,6.810,111.725,-114.992
-0.001,0.001,0.001,0.000,0.907,-0.371,6.834,111.718,-115.033
-0.000,-0.001,-0.001,-0.000,0.906,-0.370,6.933,111.698,-115.143
0.001,-0.001,0.001,0.000,0.907,-0.371,7.013,111.680,-115.254
0.002,0.001,0.000,0.000,0.907,-0.371,7.078,111.664,-115.365
-0.000,-0.000,0.001,-0.000,0.908,-0.371,7.028,111.675,-115.317
0.001,-0.001,0.001,0.000,0.907,-0.370,7.064,111.665,-115.363
-0.001,-0.000,0.000,-0.000,0.907,-0.371,7.058,111.675,-115.277
0.001,0.001,0.000,-0.000,0.907,-0.371,6.967,111.702,-115.140
-0.000,0.001,-0.001,-0.001,0.908,-0.371,7.028,111.693,-115.157
-0.000,0.001,0.000,-0.001,0.908,-0.371,7.060,111.687,-115.200
0.001,-0.001,-0.001,-0.000,0.907,-0.371,7.090,111.677,-115.280
-0.001,-0.001,0.000,0.000,0.907,-0.371,7.036,111.697,-115.147
0.001,-0.000,0.000,0.000,0.907,-0.371,7.029,111.695,-115.194
0.001,-0.000,0.000,0.000,0.907,-0.372,7.119,111.688,-115.272
-0.003,-0.001,0.000,-0.001,0.907,-0.372,7.165,111.684,-115.325
0.001,-0.001,-0.001,0.000,0.907,-0.371,7.154,111.690,-115.305
0.001,-0.001,0.000,0.000,0.907,-0.371,7.135,111.691,-115.317
0.002,-0.001,0.000,-0.000,0.907,-0.371,7.137,111.691,-115.323
-0.001,-0.001,0.000,0.000,0.908,-0.371,7.130,111.694,-115.267
-0.000,-0.000,0.000,0.000,0.908,-0.371,7.140,111.694,-115.175
-0.000,-0.001,0.000,-0.000,0.908,-0.371,7.127,111.701,-115.116
-0.001,0.001,-0.001,-0.000,0.907,-0.370,7.102,111.702,-115.096
-0.001,-0.000,0.000,-0.000,0.907,-0.370,7.141,111.687,-115.157
-0.001,0.001,-0.001,-0.000,0.907,-0.370,7.232,111.659,-115.271
-0.000,-0.001,-0.001,-0.001,0.907,-0.370,7.249,111.649,-115.293
-0.001,-0.000,0.000,-0.001,0.907,-0.370,7.224,111.648,-115.287
-0.000,-0.001,0.001,-0.001,0.907,-0.370,7.237,111.642,-115.313
-0.001,-0.001,0.000,0.000,0.907,-0.370,7.269,111.635,-115.334
0.001,0.001,0.000,0.000,0.907,-0.371,7.214,111.651,-115.259
-0.001,-0.000,-0.001,0.000,0.907,-0.371,7.179,111.659,-115.254
0.001,-0.000,0.000,0.000,0.907,-0.371,7.136,111.669,-115.231
0.001,-0.001,0.001,-0.000,0.907,-0.370,7.155,111.663,-115.256
0.001,0.001,0.001,-0.001,0.907,-0.371,7.126,111.668,-115.268
-0.000,-0.000,0.000,-0.001,0.907,-0.371,7.145,111.675,-115.204
-0.000,-0.001,-0.001,-0.001,0.907,-0.370,7.159,111.667,-115.183
-0.001,-0.001,0.000,0.000,0.907,-0.370,7.096,111.675,-115.132
-0.000,-0.001,0.000,0.000,0.907,-0.370,7.050,111.683,-115.082
-0.000,-0.000,0.000,-0.000,0.907,-0.371,7.083,111.676,-115.115
-0.000,-0.000,0.001,-0.000,0.907,-0.371,7.171,111.664,-115.172
-0.000,-0.000,0.001,-0.000,0.907,-0.370,7.206,111.658,-115.183
-0.001,-0.000,0.000,-0.000,0.907,-0.370,7.190,111.664,-115.125
0.001,-0.000,0.001,-0.000,0.907,-0.370,7.109,111.679,-115.062
-0.000,0.001,0.000,-0.001,0.907,-0.370,7.096,111.676,-115.065
0.001,-0.000,0.001,0.000,0.907,-0.371,7.155,111.662,-115.164
-0.000,-0.000,-0.001,-0.000,0.907,-0.371,7.200,111.654,-115.249
0.001,-0.001,0.000,-0.000,0.907,-0.371,7.157,111.671,-115.192
-0.000,-0.001,-0.001,-0.001,0.907,-0.370,7.087,111.677,-115.152
0.001,0.001,0.000,0.000,0.908,-0.370,7.027,111.686,-115.077
-0.000,-0.000,-0.001,0.000,0.908,-0.370,7.027,111.682,-115.060
-0.000,-0.000,-0.001,-0.001,0.907,-0.370,7.072,111.675,-115.088
-0.000,-0.001,-0.001,-0.000,0.907,-0.370,7.070,111.675,-115.082
-0.000,-0.000,0.000,-0.001,0.907,-0.370,7.128,111.657,-115.197
-0.001,-0.001,-0.001,-0.001,0.907,-0.370,7.106,111.665,-115.150
-0.000,-0.001,0.000,-0.000,0.907,-0.370,7.090,111.663,-115.219
-0.001,0.001,-0.001,-0.000,0.908,-0.370,7.037,111.676,-115.148
-0.001,-0.000,0.000,-0.000,0.908,-0.370,7.034,111.675,-115.160
-0.001,-0.000,0.000,0.000,0.907,-0.370,7.061,111.663,-115.221
-0.001,0.001,0.000,0.000,0.908,-0.370,7.083,111.656,-115.250
0.001,-0.001,-0.001,0.000,0.908,-0.370,7.035,111.661,-115.231
-0.001,-0.000,0.000,0.000,0.908,-0.370,7.084,111.650,-115.270
-0.000,-0.000,0.000,-0.000,0.907,-0.371,7.049,111.658,-115.262
-0.003,-0.000,-0.001,-0.000,0.907,-0.371,7.059,111.668,-115.234
-0.003,-0.001,0.000,-0.000,0.907,-0.371,7.111,111.660,-115.307
-0.000,-0.000,0.000,-0.000,0.907,-0.371,7.101,111.666,-115.309
0.002,-0.001,0.000,-0.000,0.907,-0.371,7.100,111.671,-115.282
0.001,0.002,0.001,0.000,0.908,-0.371,7.092,111.677,-115.264
-0.001,-0.001,0.000,-0.000,0.907,-0.371,7.110,111.678,-115.255
-0.000,-0.001,0.000,-0.000,0.907,-0.371,7.072,111.687,-115.221
-0.001,-0.000,0.000,-0.000,0.907,-0.371,7.059,111.692,-115.217
0.002,-0.001,0.000,-0.000,0.907,-0.371,7.051,111.697,-115.213
0.001,-0.000,-0.001,-0.000,0.907,-0.371,6.974,111.716,-115.142
-0.001,0.001,-0.001,-0.000,0.907,-0.371,6.954,111.719,-115.092
-0.001,-0.000,0.000,0.000,0.907,-0.370,6.990,111.706,-115.112
-0.001,-0.001,0.000,-0.000,0.907,-0.370,7.044,111.695,-115.095
-0.000,0.001,-0.001,-0.000,0.907,-0.370,7.072,111.687,-115.094
-0.000,-0.000,-0.001,-0.000,0.907,-0.371,7.076,111.689,-115.072
-0.001,0.001,0.000,-0.000,0.907,-0.370,7.079,111.685,-115.072
-0.001,-0.000,0.000,-0.000,0.907,-0.370,7.053,111.678,-115.118
-0.000,-0.000,0.000,0.000,0.908,-0.370,6.929,111.703,-114.961
-0.001,-0.000,0.000,0.000,0.908,-0.371,6.842,111.710,-114.960
-0.000,-0.000,0.001,-0.000,0.907,-0.371,6.867,111.705,-115.004
0.001,-0.001,0.001,-0.000,0.907,-0.371,6.880,111.704,-115.055
-0.000,-0.001,0.000,-0.000,0.907,-0.372,6.937,111.701,-115.134
0.002,-0.000,0.000,-0.000,0.907,-0.371,6.980,111.697,-115.187
0.001,-0.000,-0.001,-0.000,0.907,-0.371,7.048,111.681,-115.270
-0.000,-0.000,0.001,0.000,0.907,-0.371,7.014,111.694,-115.227
-0.003,-0.000,0.001,-0.000,0.907,-0.371,6.968,111.705,-115.205
-0.003,-0.000,0.000,-0.000,0.907,-0.371,7.004,111.701,-115.229
-0.001,0.001,0.000,-0.000,0.907,-0.371,7.009,111.703,-115.184
0.001,-0.001,-0.001,-0.000,0.908,-0.371,7.044,111.685,-115.320
0.001,-0.000,0.000,-0.000,0.908,-0.371,7.060,111.684,-115.297
0.001,-0.000,-0.001,-0.001,0.907,-0.370,7.049,111.682,-115.272
-0.001,-0.000,0.000,-0.001,0.908,-0.370,7.065,111.673,-115.298
-0.001,-0.000,0.000,-0.001,0.908,-0.370,7.123,111.661,-115.289
0.001,0.001,0.000,-0.000,0.907,-0.370,7.100,111.657,-115.298
-0.000,-0.000,0.000,-0.000,0.907,-0.370,7.084,111.657,-115.277
0.001,-0.000,-0.002,-0.000,0.907,-0.370,7.090,111.656,-115.260
-0.000,-0.001,0.000,0.000,0.907,-0.370,7.072,111.661,-115.237
-0.000,-0.001,0.000,-0.000,0.907,-0.370,6.975,111.682,-115.157
-0.001,0.001,0.000,-0.001,0.907,-0.370,6.871,111.702,-115.099
-0.001,-0.000,0.000,-0.001,0.907,-0.370,6.844,111.709,-115.043
-0.001,-0.000,0.001,-0.000,0.907,-0.371,6.850,111.717,-114.944
0.001,-0.001,0.000,-0.000,0.907,-0.370,6.926,111.702,-115.003
-0.004,-0.000,-0.002,-0.000,0.907,-0.370,7.004,111.681,-115.103
-0.000,-0.001,0.001,0.000,0.908,-0.370,7.080,111.658,-115.225
0.001,-0.000,0.000,-0.001,0.907,-0.371,7.085,111.661,-115.210
-0.000,-0.001,0.000,-0.001,0.907,-0.371,7.129,111.654,-115.300
0.002,-0.000,0.000,-0.000,0.906,-0.371,7.128,111.658,-115.346
-0.001,-0.000,0.000,-0.000,0.907,-0.370,7.169,111.653,-115.398
-0.000,0.001,0.000,-0.000,0.907,-0.370,7.238,111.644,-115.398
-0.001,0.001,0.001,-0.000,0.907,-0.370,7.308,111.627,-115.459
-0.000,-0.000,0.000,-0.000,0.907,-0.370,7.347,111.615,-115.525
-0.000,-0.000,0.001,0.000,0.907,-0.371,7.319,111.620,-115.530
-0.000,-0.000,0.000,0.000,0.907,-0.371,7.237,111.638,-115.484
-0.003,-0.001,0.001,-0.000,0.907,-0.371,7.245,111.639,-115.498
-0.001,-0.003,0.000,-0.001,0.907,-0.371,7.203,111.652,-115.441
0.001,-0.000,0.000,-0.001,0.907,-0.371,7.172,111.664,-115.383
-0.000,-0.000,0.000,-0.001,0.907,-0.370,7.185,111.660,-115.390
-0.000,-0.000,-0.001,0.000,0.907,-0.370,7.159,111.665,-115.336
-0.000,-0.000,0.000,0.000,0.907,-0.370,7.140,111.666,-115.281
-0.000,-0.000,-0.001,-0.000,0.907,-0.370,7.144,111.661,-115.248
-0.001,-0.000,0.000,-0.000,0.908,-0.370,7.134,111.663,-115.197
-0.000,0.001,0.000,-0.000,0.908,-0.370,7.126,111.666,-115.145
-0.000,-0.000,0.000,-0.000,0.907,-0.370,7.115,111.668,-115.094
0.001,-0.000,0.000,0.000,0.907,-0.371,7.113,111.669,-115.091
-0.001,-0.000,0.001,0.000,0.907,-0.371,7.020,111.698,-114.960
0.001,-0.000,0.000,-0.000,0.907,-0.371,7.028,111.694,-114.987
-0.000,-0.000,0.000,-0.000,0.907,-0.371,7.014,111.703,-114.887
-0.001,-0.000,0.001,-0.000,0.907,-0.371,7.043,111.692,-114.971
-0.001,-0.000,0.000,-0.000,0.907,-0.371,7.142,111.663,-115.163
0.001,-0.001,0.000,-0.001,0.907,-0.371,7.209,111.648,-115.313
-0.000,-0.000,0.000,-0.000,0.907,-0.371,7.276,111.636,-115.426
0.001,-0.000,0.001,-0.000,0.907,-0.371,7.267,111.640,-115.449
-0.001,-0.001,0.003,-0.000,0.908,-0.371,7.216,111.662,-115.322
-0.001,-0.000,0.000,-0.000,0.907,-0.371,7.155,111.677,-115.254
-0.000,-0.000,0.000,-0.000,0.907,-0.371,7.158,111.673,-115.292
0.001,-0.000,0.000,-0.000,0.908,-0.370,7.109,111.679,-115.242
-0.000,-0.001,-0.001,-0.001,0.907,-0.370,7.106,111.673,-115.262
-0.000,0.001,-0.001,-0.001,0.907,-0.370,7.150,111.659,-115.360
-0.001,-0.000,-0.001,-0.001,0.907,-0.370,7.166,111.650,-115.461
0.001,-0.000,0.000,-0.001,0.907,-0.370,7.166,111.648,-115.496
-0.003,-0.000,0.000,0.000,0.907,-0.371,7.184,111.645,-115.532
-0.000,0.001,0.000,0.000,0.907,-0.371,7.198,111.648,-115.529
-0.000,-0.001,-0.001,0.000,0.907,-0.370,7.130,111.664,-115.421
-0.001,0.001,-0.001,-0.001,0.907,-0.370,7.102,111.671,-115.347
-0.000,0.001,0.000,-0.001,0.907,-0.370,7.074,111.674,-115.331
-0.000,0.001,-0.001,-0.001,0.907,-0.370,7.084,111.675,-115.273
-0.000,0.001,-0.001,-0.000,0.907,-0.370,7.090,111.676,-115.215
-0.001,-0.001,0.000,-0.000,0.907,-0.370,7.092,111.669,-115.241
-0.001,-0.000,-0.001,0.000,0.907,-0.371,7.151,111.658,-115.340
-0.000,-0.000,0.000,-0.000,0.908,-0.370,7.200,111.643,-115.463
-0.000,-0.000,0.000,-0.000,0.908,-0.370,7.240,111.633,-115.515
-0.001,0.001,0.000,0.000,0.907,-0.371,7.261,111.632,-115.525
-0.001,-0.000,0.000,-0.000,0.907,-0.371,7.263,111.639,-115.474
-0.001,-0.000,0.000,-0.000,0.907,-0.371,7.262,111.639,-115.535
-0.001,-0.000,0.001,0.000,0.908,-0.371,7.263,111.642,-115.509
-0.001,-0.003,0.001,0.000,0.907,-0.370,7.202,111.652,-115.457
0.001,-0.000,-0.001,0.000,0.908,-0.371,7.108,111.682,-115.241
-0.000,-0.000,0.001,0.000,0.908,-0.371,7.034,111.704,-115.067
0.001,-0.001,-0.002,-0.000,0.907,-0.370,6.996,111.715,-114.942
-0.000,-0.000,0.000,-0.000,0.907,-0.370,6.987,111.716,-114.880
-0.000,-0.001,-0.001,-0.000,0.907,-0.370,6.973,111.710,-114.912
-0.000,-0.003,0.000,-0.000,0.907,-0.370,6.994,111.699,-114.958
-0.000,-0.001,0.000,-0.000,0.907,-0.370,6.984,111.697,-114.941
0.001,0.001,0.001,-0.000,0.907,-0.370,6.992,111.688,-114.992
-0.000,-0.001,0.000,-0.000,0.908,-0.371,6.955,111.694,-114.968
-0.001,-0.000,0.000,0.000,0.908,-0.371,6.956,111.693,-115.009
-0.000,-0.000,-0.001,-0.000,0.907,-0.371,7.018,111.687,-115.008
-0.000,-0.001,-0.001,-0.000,0.907,-0.371,7.087,111.672,-115.112
-0.001,0.001,-0.001,-0.001,0.907,-0.371,7.089,111.675,-115.162
0.001,-0.000,0.000,0.000,0.907,-0.371,7.118,111.667,-115.260
-0.000,0.001,0.000,0.000,0.907,-0.371,7.156,111.654,-115.368
0.004,0.001,-0.002,-0.001,0.907,-0.371,7.183,111.655,-115.387
-0.001,-0.001,0.000,-0.001,0.907,-0.371,7.148,111.671,-115.297
-0.000,0.001,0.000,-0.000,0.907,-0.370,7.043,111.692,-115.190
-0.001,-0.000,-0.001,-0.001,0.907,-0.370,7.020,111.692,-115.182
-0.000,-0.001,0.000,-0.000,0.907,-0.370,7.078,111.676,-115.265
0.001,0.001,-0.001,-0.000,0.907,-0.370,7.142,111.666,-115.285
0.001,-0.001,0.000,-0.001,0.907,-0.370,7.204,111.655,-115.324
-0.001,-0.001,0.001,-0.000,0.907,-0.371,7.207,111.659,-115.285
-0.001,-0.000,0.000,-0.000,0.907,-0.371,7.252,111.648,-115.358
0.001,-0.001,0.000,0.000,0.907,-0.370,7.216,111.641,-115.454
0.002,-0.001,0.000,-0.001,0.907,-0.370,7.210,111.639,-115.484
0.001,-0.000,0.000,-0.001,0.907,-0.370,7.200,111.639,-115.522
-0.000,-0.001,0.000,-0.000,0.907,-0.371,7.187,111.650,-115.501
-0.000,0.001,0.000,-0.000,0.907,-0.371,7.197,111.655,-115.456
-0.000,-0.000,-0.001,-0.000,0.907,-0.371,7.201,111.657,-115.449
-0.003,0.001,0.001,-0.000,0.907,-0.371,7.158,111.672,-115.366
-0.000,0.001,-0.001,0.000,0.908,-0.371,7.161,111.669,-115.365
-0.000,-0.000,0.000,0.000,0.907,-0.370,7.120,111.672,-115.356
-0.001,-0.001,0.000,0.000,0.907,-0.370,7.050,111.682,-115.298
-0.000,-0.001,-0.001,-0.000,0.907,-0.371,7.004,111.692,-115.265
0.001,-0.000,-0.001,-0.000,0.907,-0.371,7.016,111.687,-115.316
-0.000,-0.000,0.000,-0.000,0.907,-0.371,7.088,111.678,-115.305
0.001,-0.000,0.000,-0.001,0.908,-0.371,7.201,111.659,-115.347
-0.000,-0.000,0.000,-0.000,0.907,-0.371,7.209,111.663,-115.324
-0.000,0.001,0.001,-0.000,0.907,-0.370,7.204,111.663,-115.329
-0.000,-0.001,0.000,-0.000,0.907,-0.370,7.218,111.652,-115.425
-0.001,-0.001,0.001,-0.000,0.907,-0.370,7.146,111.662,-115.422
-0.001,-0.000,-0.001,0.000,0.908,-0.371,7.126,111.666,-115.405
-0.001,-0.001,0.000,0.000,0.908,-0.371,7.133,111.660,-115.443
-0.001,-0.000,0.000,-0.000,0.907,-0.371,7.185,111.650,-115.509
-0.000,-0.000,-0.001,-0.000,0.907,-0.371,7.189,111.650,-115.553
-0.000,-0.001,0.000,-0.000,0.908,-0.371,7.146,111.661,-115.544
-0.001,0.001,0.000,-0.001,0.907,-0.371,7.129,111.679,-115.450
0.001,-0.000,0.001,-0.000,0.907,-0.370,7.142,111.679,-115.441
-0.000,-0.000,0.000,-0.000,0.907,-0.370,7.138,111.675,-115.444
-0.001,-0.000,-0.001,-0.001,0.907,-0.371,7.113,111.687,-115.383
0.001,-0.004,0.000,0.000,0.907,-0.370,7.148,111.677,-115.415
0.001,-0.000,0.000,0.000,0.907,-0.370,7.140,111.673,-115.420
-0.000,-0.001,0.000,-0.000,0.907,-0.371,7.084,111.686,-115.349
-0.000,-0.000,0.001,-0.000,0.907,-0.370,7.028,111.697,-115.247
-0.000,-0.000,0.000,-0.000,0.907,-0.370,7.034,111.689,-115.242
0.001,-0.000,-0.001,-0.001,0.907,-0.370,7.035,111.682,-115.258
0.001,-0.000,0.001,-0.000,0.907,-0.370,7.087,111.675,-115.247
-0.000,0.001,0.001,0.000,0.907,-0.370,7.064,111.675,-115.223
0.001,-0.001,-0.001,0.000,0.907,-0.370,7.015,111.673,-115.246
0.001,0.001,-0.001,-0.001,0.907,-0.370,6.957,111.683,-115.248
-0.003,0.001,0.000,-0.001,0.908,-0.371,6.934,111.688,-115.231
-0.003,-0.001,-0.001,-0.001,0.908,-0.371,6.934,111.689,-115.237
-0.000,-0.000,0.000,0.000,0.907,-0.371,6.965,111.687,-115.266
0.002,-0.000,0.000,-0.001,0.907,-0.370,7.073,111.672,-115.308
-0.000,-0.000,0.000,-0.000,0.907,-0.370,7.183,111.656,-115.332
-0.000,0.001,0.000,-0.000,0.907,-0.370,7.288,111.633,-115.429
0.001,0.001,0.000,-0.001,0.907,-0.370,7.250,111.644,-115.401
-0.001,-0.001,0.001,0.000,0.907,-0.370,7.197,111.655,-115.353
0.001,-0.001,0.000,0.000,0.907,-0.370,7.210,111.651,-115.370
-0.000,-0.000,-0.001,-0.000,0.907,-0.371,7.186,111.664,-115.299
-0.003,-0.000,0.000,-0.000,0.907,-0.371,7.161,111.678,-115.207
-0.000,-0.003,-0.001,-0.000,0.908,-0.370,7.112,111.687,-115.122
-0.000,-0.000,0.001,-0.001,0.907,-0.370,7.081,111.688,-115.082
0.001,-0.000,0.000,-0.001,0.907,-0.370,7.052,111.685,-115.081
-0.000,-0.000,0.001,-0.000,0.907,-0.370,7.063,111.676,-115.134
-0.000,-0.000,-0.001,0.000,0.907,-0.370,7.047,111.677,-115.111
0.001,-0.001,-0.001,0.000,0.907,-0.370,7.051,111.666,-115.210
-0.000,-0.000,0.001,0.000,0.907,-0.370,7.070,111.658,-115.269
-0.000,-0.001,0.000,0.000,0.907,-0.371,7.072,111.665,-115.235
0.001,0.001,0.000,0.000,0.907,-0.371,7.062,111.677,-115.138
-0.000,0.001,0.000,0.000,0.907,-0.371,7.061,111.679,-115.114
-0.001,0.001,0.001,0.000,0.907,-0.370,7.103,111.665,-115.110
-0.001,-0.000,0.000,-0.000,0.907,-0.370,7.113,111.655,-115.152
0.001,-0.000,0.001,-0.000,0.906,-0.371,7.030,111.666,-115.175
-0.000,-0.000,0.000,-0.000,0.906,-0.371,7.008,111.680,-115.127
0.001,0.001,-0.001,-0.000,0.907,-0.370,6.950,111.693,-115.054
-0.000,-0.000,0.000,0.000,0.907,-0.371,6.983,111.684,-115.144
-0.000,0.002,-0.001,0.000,0.907,-0.371,6.980,111.691,-115.143
-0.001,-0.001,-0.001,-0.001,0.907,-0.370,6.986,111.691,-115.067
-0.001,-0.000,0.000,-0.001,0.908,-0.370,7.075,111.669,-115.153
-0.000,-0.000,0.000,-0.001,0.908,-0.370,7.118,111.658,-115.210
-0.000,-0.000,-0.001,-0.001,0.907,-0.370,7.137,111.654,-115.214
-0.000,-0.000,0.000,-0.001,0.908,-0.371,7.092,111.668,-115.130
-0.000,0.001,-0.001,0.000,0.907,-0.370,7.082,111.668,-115.163
0.002,-0.001,0.001,0.000,0.907,-0.370,7.051,111.674,-115.114
-0.000,-0.000,0.000,-0.000,0.907,-0.370,7.024,111.682,-115.063
0.001,-0.000,0.000,-0.001,0.907,-0.370,7.054,111.674,-115.086
-0.001,0.001,0.000,-0.001,0.907,-0.370,7.074,111.669,-115.076
-0.001,-0.001,0.000,-0.000,0.907,-0.370,7.079,111.661,-115.119
0.001,-0.000,0.000,-0.000,0.907,-0.370,7.050,111.661,-115.139
-0.001,0.001,0.000,0.000,0.907,-0.370,7.017,111.662,-115.142
-0.000,-0.000,0.000,-0.000,0.908,-0.371,6.997,111.665,-115.139
0.001,-0.000,0.000,-0.001,0.907,-0.371,6.988,111.674,-115.148
-0.000,0.001,-0.001,-0.001,0.907,-0.371,7.003,111.678,-115.178
-0.000,0.001,0.000,-0.001,0.907,-0.370,6.948,111.684,-115.203
-0.000,-0.000,-0.001,-0.001,0.907,-0.370,6.987,111.669,-115.361
0.001,0.001,0.001,-0.001,0.907,-0.370,6.960,111.682,-115.288
0.001,-0.000,0.001,-0.001,0.907,-0.370,6.890,111.701,-115.195
-0.001,-0.000,0.003,-0.000,0.907,-0.370,6.838,111.714,-115.087
-0.000,0.001,-0.001,-0.000,0.907,-0.370,6.783,111.724,-114.985
0.002,-0.003,0.000,-0.000,0.907,-0.369,6.871,111.698,-115.064
0.001,-0.001,0.000,-0.000,0.907,-0.370,6.913,111.688,-115.078
-0.000,-0.004,-0.001,-0.001,0.907,-0.370,6.957,111.677,-115.181
-0.000,-0.000,0.000,-0.001,0.907,-0.370,7.015,111.676,-115.143
-0.001,-0.001,0.001,-0.000,0.907,-0.371,7.028,111.677,-115.143
-0.001,-0.000,-0.001,0.000,0.907,-0.371,7.009,111.682,-115.138
-0.000,-0.000,0.000,0.000,0.907,-0.371,6.968,111.689,-115.133
-0.001,-0.000,0.000,-0.000,0.908,-0.369,6.950,111.684,-115.101
-0.001,-0.003,-0.002,0.000,0.907,-0.370,7.012,111.665,-115.162
-0.003,-0.001,0.000,0.000,0.907,-0.370,7.048,111.659,-115.178
-0.000,-0.000,0.000,-0.000,0.907,-0.371,7.034,111.676,-115.124
0.001,-0.000,0.000,0.000,0.907,-0.371,7.015,111.683,-115.142
-0.001,-0.001,0.001,-0.001,0.907,-0.371,7.004,111.685,-115.148
-0.001,-0.000,0.000,-0.001,0.907,-0.371,7.066,111.677,-115.169
0.002,-0.001,0.000,-0.000,0.907,-0.370,7.063,111.671,-115.242
-0.001,-0.001,0.000,-0.000,0.907,-0.370,7.040,111.675,-115.220
-0.000,-0.000,0.000,0.000,0.907,-0.370,7.058,111.671,-115.246
-0.003,-0.000,-0.001,-0.000,0.907,-0.371,7.088,111.665,-115.301
-0.001,-0.001,0.000,-0.000,0.907,-0.371,7.072,111.669,-115.316
0.001,-0.000,0.000,-0.001,0.907,-0.371,7.093,111.668,-115.337
-0.001,-0.000,0.000,-0.001,0.907,-0.371,7.088,111.671,-115.345
-0.001,-0.000,-0.001,-0.000,0.907,-0.370,7.003,111.691,-115.241
-0.001,-0.000,0.000,-0.000,0.907,-0.370,6.960,111.703,-115.148
-0.000,0.001,0.000,-0.000,0.907,-0.370,6.970,111.699,-115.146
0.001,-0.000,0.000,-0.000,0.907,-0.370,7.002,111.686,-115.234
-0.000,-0.001,0.000,-0.000,0.907,-0.370,7.031,111.677,-115.304
-0.000,-0.001,0.000,-0.001,0.907,-0.370,6.991,111.686,-115.254
-0.001,-0.000,0.000,-0.001,0.907,-0.370,7.037,111.671,-115.377
-0.000,0.002,0.001,-0.001,0.907,-0.370,7.015,111.675,-115.380
0.001,-0.000,0.001,0.000,0.907,-0.370,6.978,111.678,-115.361
-0.001,-0.000,0.001,0.000,0.907,-0.371,6.964,111.686,-115.297
-0.001,-0.001,0.000,-0.000,0.908,-0.370,6.978,111.685,-115.282
-0.000,-0.000,0.000,-0.000,0.908,-0.370,7.023,111.674,-115.318
-0.001,0.001,0.000,-0.000,0.907,-0.370,7.028,111.679,-115.248
-0.001,-0.000,0.001,-0.000,0.907,-0.370,7.103,111.669,-115.231
-0.001,-0.001,0.001,-0.000,0.907,-0.370,7.108,111.670,-115.199
-0.000,-0.001,0.000,-0.001,0.907,-0.370,7.117,111.663,-115.210
-0.001,-0.000,0.001,-0.000,0.908,-0.370,7.045,111.678,-115.117
0.001,-0.000,0.001,-0.000,0.908,-0.370,6.982,111.691,-115.033
-0.000,0.001,0.000,-0.001,0.907,-0.370,7.065,111.672,-115.138
-0.000,0.001,0.000,0.000,0.907,-0.370,7.106,111.655,-115.214
-0.003,-0.001,0.000,0.000,0.907,-0.370,7.039,111.670,-115.110
-0.001,-0.001,-0.001,0.000,0.907,-0.370,6.990,111.677,-115.084
0.001,0.001,0.000,-0.000,0.907,-0.370,7.054,111.665,-115.109
-0.000,-0.001,0.000,-0.000,0.907,-0.370,7.073,111.662,-115.128
-0.000,-0.001,0.000,-0.001,0.907,-0.371,7.103,111.665,-115.139
0.002,-0.001,0.000,0.000,0.907,-0.370,7.142,111.659,-115.191
-0.000,-0.000,0.000,0.000,0.907,-0.370,7.082,111.673,-115.110
-0.000,-0.001,0.001,-0.001,0.907,-0.370,7.050,111.675,-115.106
0.001,-0.000,-0.001,-0.000,0.908,-0.370,6.968,111.686,-115.061
-0.000,0.001,0.000,-0.000,0.907,-0.371,6.979,111.685,-115.068
-0.000,0.001,0.000,-0.000,0.907,-0.371,7.008,111.682,-115.084
0.002,-0.000,0.000,-0.000,0.907,-0.371,7.011,111.686,-115.078
-0.000,-0.000,0.000,-0.001,0.907,-0.370,6.933,111.701,-115.042
-0.000,-0.001,0.000,-0.001,0.907,-0.370,6.937,111.705,-114.983
0.001,-0.000,0.000,-0.000,0.907,-0.371,7.000,111.695,-115.012
0.001,0.001,0.000,-0.001,0.907,-0.371,7.014,111.687,-115.119
-0.000,-0.001,0.001,-0.001,0.907,-0.371,7.022,111.685,-115.168
-0.001,-0.001,0.000,-0.000,0.907,-0.370,7.054,111.670,-115.279
0.001,0.001,0.000,-0.001,0.907,-0.370,7.055,111.665,-115.305
-0.001,0.001,-0.001,-0.000,0.907,-0.371,7.046,111.667,-115.312
-0.001,-0.000,0.000,-0.000,0.907,-0.371,6.975,111.686,-115.246
-0.001,-0.000,-0.001,0.000,0.907,-0.370,6.970,111.684,-115.259
-0.003,-0.000,0.000,-0.000,0.908,-0.370,6.997,111.678,-115.266
-0.000,-0.001,0.000,-0.000,0.908,-0.370,6.997,111.679,-115.211
-0.001,-0.001,0.000,-0.000,0.908,-0.370,6.985,111.681,-115.178
-0.001,-0.000,-0.001,-0.000,0.908,-0.370,6.896,111.696,-115.116
-0.001,-0.003,0.000,-0.000,0.908,-0.370,6.914,111.696,-115.065
0.001,-0.001,0.000,-0.000,0.907,-0.370,7.023,111.669,-115.190
0.001,-0.000,-0.001,-0.000,0.907,-0.370,7.041,111.669,-115.200
0.001,-0.000,-0.001,-0.000,0.907,-0.370,7.088,111.658,-115.297
-0.000,-0.000,0.000,-0.000,0.906,-0.370,7.106,111.659,-115.316
-0.000,0.001,-0.001,-0.000,0.907,-0.370,7.108,111.666,-115.256
-0.001,-0.003,0.000,-0.000,0.907,-0.370,7.097,111.664,-115.318
-0.001,0.001,0.000,-0.000,0.907,-0.371,6.989,111.687,-115.245
-0.000,-0.000,-0.001,-0.001,0.907,-0.371,6.989,111.684,-115.300
-0.001,-0.000,0.000,-0.001,0.907,-0.371,6.996,111.686,-115.300
-0.001,0.002,0.000,-0.001,0.907,-0.370,7.059,111.677,-115.322
-0.001,-0.001,0.000,-0.000,0.907,-0.371,7.101,111.671,-115.352
-0.000,0.001,0.000,-0.000,0.907,-0.370,7.137,111.666,-115.380
-0.000,0.001,0.000,-0.000,0.907,-0.370,7.123,111.674,-115.327
0.001,-0.000,0.001,-0.001,0.907,-0.370,7.078,111.685,-115.227
-0.000,-0.001,0.000,-0.001,0.908,-0.371,7.062,111.688,-115.190
-0.000,0.001,0.000,-0.001,0.908,-0.371,7.068,111.688,-115.156
-0.001,-0.000,-0.001,-0.000,0.907,-0.370,7.039,111.689,-115.107
-0.003,0.001,0.000,-0.001,0.907,-0.371,7.024,111.694,-115.047
-0.000,-0.001,0.000,-0.001,0.907,-0.371,7.004,111.704,-114.971
0.001,-0.000,0.000,0.000,0.907,-0.370,7.104,111.676,-115.115
-0.000,-0.001,-0.001,-0.000,0.907,-0.370,7.083,111.673,-115.107
-0.000,-0.001,0.000,0.000,0.907,-0.370,7.150,111.650,-115.216
-0.000,0.001,0.000,0.000,0.907,-0.370,7.113,111.643,-115.305
-0.000,-0.000,-0.001,-0.001,0.907,-0.370,7.115,111.634,-115.379
-0.000,-0.000,0.000,-0.000,0.908,-0.370,7.075,111.640,-115.353
-0.001,0.001,-0.001,-0.000,0.908,-0.370,7.074,111.638,-115.368
-0.000,-0.001,0.000,-0.001,0.907,-0.370,7.003,111.657,-115.287
-0.000,-0.000,0.000,-0.000,0.906,-0.370,7.014,111.664,-115.234
-0.001,0.001,0.000,-0.000,0.908,-0.370,7.007,111.674,-115.172
-0.000,-0.001,0.000,-0.000,0.908,-0.370,7.021,111.670,-115.163
-0.000,-0.000,0.000,-0.001,0.907,-0.370,7.042,111.665,-115.165
-0.000,-0.000,0.001,-0.001,0.907,-0.370,7.081,111.658,-115.182
0.001,-0.000,0.000,-0.001,0.907,-0.370,7.118,111.653,-115.228
-0.001,0.001,0.000,-0.000,0.907,-0.370,7.150,111.649,-115.253
-0.000,-0.000,-0.001,-0.000,0.907,-0.370,7.193,111.641,-115.306
-0.001,-0.000,0.000,-0.000,0.908,-0.370,7.181,111.637,-115.326
0.001,-0.000,-0.001,0.000,0.907,-0.371,7.159,111.636,-115.405
-0.001,-0.001,0.000,-0.000,0.907,-0.371,7.137,111.643,-115.487
-0.000,-0.000,-0.001,-0.000,0.907,-0.371,7.088,111.659,-115.442
-0.000,-0.000,0.001,-0.001,0.907,-0.370,7.052,111.667,-115.406
0.004,-0.001,0.000,0.000,0.907,-0.371,7.033,111.680,-115.305
-0.000,-0.001,-0.001,0.000,0.907,-0.371,7.004,111.693,-115.220
-0.003,-0.000,0.000,-0.000,0.907,-0.371,6.988,111.699,-115.172
0.001,-0.001,-0.001,0.000,0.907,-0.370,6.988,111.699,-115.140
-0.001,0.001,0.000,0.000,0.907,-0.370,7.012,111.689,-115.150
0.001,-0.000,0.001,0.000,0.907,-0.370,7.089,111.670,-115.237
-0.000,0.001,-0.001,-0.000,0.908,-0.370,7.227,111.638,-115.352
-0.000,-0.000,-0.001,-0.001,0.907,-0.371,7.247,111.629,-115.427
-0.001,-0.000,0.001,-0.001,0.907,-0.371,7.290,111.623,-115.469
-0.000,-0.003,-0.001,-0.000,0.907,-0.371,7.304,111.626,-115.472
-0.000,0.001,0.000,-0.000,0.908,-0.370,7.331,111.618,-115.510
-0.000,-0.001,0.000,-0.000,0.908,-0.370,7.324,111.613,-115.544
-0.000,-0.000,0.000,-0.000,0.907,-0.370,7.346,111.605,-115.587
-0.000,-0.000,0.000,-0.000,0.907,-0.371,7.303,111.618,-115.537
-0.000,-0.003,0.000,-0.000,0.907,-0.371,7.262,111.637,-115.433
-0.001,-0.000,0.001,-0.000,0.907,-0.370,7.236,111.643,-115.427
-0.001,0.001,-0.001,-0.000,0.907,-0.370,7.147,111.667,-115.307
0.001,-0.000,0.000,-0.000,0.907,-0.370,7.159,111.660,-115.362
-0.000,-0.000,0.000,-0.000,0.907,-0.371,7.162,111.659,-115.427
-0.000,-0.000,-0.001,0.000,0.907,-0.371,7.115,111.672,-115.417
-0.003,-0.000,0.000,0.000,0.907,-0.371,7.040,111.687,-115.427
-0.000,0.001,-0.001,-0.000,0.908,-0.371,7.001,111.694,-115.405
0.001,0.001,0.000,-0.000,0.908,-0.370,7.011,111.693,-115.369
-0.000,-0.000,-0.001,-0.000,0.908,-0.370,7.028,111.688,-115.349
0.002,0.001,0.000,0.000,0.907,-0.370,7.076,111.677,-115.351
-0.000,-0.000,-0.001,0.000,0.907,-0.370,7.103,111.666,-115.362
-0.000,0.001,-0.001,-0.000,0.907,-0.370,7.199,111.646,-115.360
0.001,0.001,0.000,-0.000,0.907,-0.370,7.206,111.646,-115.368
-0.000,-0.000,-0.001,-0.000,0.908,-0.370,7.170,111.646,-115.370
-0.001,-0.000,0.000,0.000,0.907,-0.370,7.148,111.648,-115.358
0.002,-0.001,0.000,0.000,0.907,-0.370,7.152,111.647,-115.372
-0.000,-0.000,-0.001,-0.000,0.907,-0.371,7.154,111.650,-115.392
0.001,-0.001,0.000,-0.001,0.907,-0.371,7.215,111.643,-115.471
-0.000,0.002,-0.001,-0.001,0.907,-0.371,7.238,111.646,-115.509
0.001,-0.000,0.001,-0.000,0.907,-0.371,7.187,111.660,-115.438
-0.000,-0.000,0.000,-0.001,0.907,-0.370,7.164,111.664,-115.439
0.001,-0.000,0.001,-0.000,0.907,-0.370,7.055,111.685,-115.343
-0.000,-0.000,0.001,-0.000,0.907,-0.370,7.041,111.687,-115.321
-0.000,-0.000,-0.001,0.000,0.906,-0.370,7.070,111.678,-115.361
0.001,-0.000,0.000,-0.000,0.907,-0.370,7.096,111.671,-115.387
-0.000,0.001,0.000,-0.000,0.907,-0.370,7.084,111.677,-115.319
0.001,-0.001,0.000,0.000,0.907,-0.371,7.082,111.670,-115.427
-0.001,-0.000,-0.001,-0.000,0.907,-0.370,7.064,111.671,-115.426
0.004,0.001,-0.001,-0.000,0.907,-0.370,7.080,111.663,-115.449
-0.001,-0.001,0.000,-0.000,0.907,-0.370,7.129,111.647,-115.523
-0.001,-0.000,0.000,-0.001,0.907,-0.370,7.172,111.639,-115.560
-0.000,-0.000,-0.001,-0.001,0.907,-0.370,7.123,111.657,-115.466
-0.000,-0.001,-0.001,-0.000,0.907,-0.370,7.094,111.668,-115.405
-0.001,-0.000,0.001,0.000,0.908,-0.370,7.178,111.646,-115.532
0.001,-0.000,0.000,0.000,0.908,-0.370,7.211,111.636,-115.597
-0.000,0.001,0.000,-0.001,0.907,-0.370,7.205,111.638,-115.622
0.001,-0.000,0.000,-0.000,0.907,-0.370,7.231,111.631,-115.672
-0.000,-0.001,0.001,-0.000,0.907,-0.370,7.150,111.651,-115.566
-0.000,-0.000,-0.001,-0.000,0.908,-0.370,7.125,111.660,-115.482
-0.000,0.002,0.000,0.000,0.908,-0.371,7.093,111.672,-115.387
0.001,-0.000,0.000,0.000,0.907,-0.370,7.099,111.668,-115.412
0.002,0.001,-0.001,0.000,0.907,-0.370,7.076,111.674,-115.376
-0.000,-0.000,0.001,-0.001,0.907,-0.370,7.106,111.668,-115.381
-0.000,0.001,0.000,0.000,0.908,-0.370,7.125,111.663,-115.389
-0.000,-0.000,-0.001,0.000,0.908,-0.370,7.119,111.662,-115.396
0.001,-0.000,0.000,-0.000,0.907,-0.370,7.128,111.665,-115.334
0.001,0.001,0.000,-0.000,0.907,-0.371,7.061,111.689,-115.178
-0.000,0.001,0.000,-0.000,0.907,-0.371,6.997,111.711,-115.046
-0.001,0.001,0.000,-0.000,0.907,-0.371,6.953,111.723,-114.973
-0.000,-0.001,0.000,-0.001,0.908,-0.370,7.000,111.702,-115.069
-0.003,0.001,0.000,-0.001,0.908,-0.371,7.007,111.695,-115.121
-0.001,-0.001,-0.001,-0.001,0.908,-0.371,7.044,111.681,-115.240
-0.000,-0.000,0.001,-0.000,0.907,-0.371,7.075,111.675,-115.307
-0.000,-0.001,0.001,0.000,0.907,-0.370,7.126,111.666,-115.329
-0.000,-0.000,0.000,0.000,0.907,-0.370,7.125,111.663,-115.332
-0.001,-0.000,0.000,0.000,0.906,-0.370,7.155,111.657,-115.363
-0.000,-0.000,-0.001,0.000,0.906,-0.370,7.185,111.650,-115.404
-0.001,-0.000,0.000,-0.001,0.907,-0.370,7.040,111.684,-115.243
-0.000,0.001,0.001,-0.001,0.907,-0.371,7.103,111.673,-115.311
-0.001,-0.000,0.000,0.000,0.907,-0.370,7.125,111.674,-115.253
0.001,-0.001,0.001,0.000,0.907,-0.370,7.162,111.662,-115.304
-0.001,-0.001,-0.001,0.000,0.907,-0.370,7.139,111.663,-115.318
-0.000,-0.001,-0.002,-0.001,0.907,-0.371,7.119,111.666,-115.332
-0.001,0.001,0.000,-0.001,0.907,-0.371,7.106,111.668,-115.359
-0.000,-0.000,0.001,-0.001,0.908,-0.371,7.117,111.667,-115.368
-0.000,-0.000,0.000,-0.001,0.907,-0.370,7.019,111.690,-115.253
0.002,-0.000,0.000,-0.001,0.907,-0.370,7.007,111.693,-115.229
-0.000,-0.000,0.000,-0.001,0.907,-0.370,7.033,111.689,-115.217
-0.001,-0.001,0.000,-0.001,0.907,-0.371,7.059,111.687,-115.246
0.002,0.001,0.000,-0.001,0.907,-0.370,7.011,111.698,-115.227
-0.000,-0.001,-0.001,-0.001,0.907,-0.370,6.962,111.708,-115.174
0.001,-0.000,0.000,-0.000,0.908,-0.370,6.919,111.709,-115.091
-0.001,-0.001,0.000,-0.001,0.908,-0.370,6.947,111.692,-115.171
-0.003,-0.001,-0.001,-0.001,0.908,-0.370,6.992,111.673,-115.296
-0.000,-0.001,0.000,-0.000,0.907,-0.370,7.042,111.660,-115.315
-0.000,-0.000,0.000,0.000,0.908,-0.370,7.102,111.642,-115.400
-0.000,-0.001,-0.001,0.000,0.908,-0.370,7.158,111.628,-115.473
-0.000,0.001,0.000,-0.000,0.907,-0.371,7.171,111.632,-115.520
-0.000,-0.003,0.000,-0.001,0.907,-0.370,7.228,111.618,-115.589
-0.004,0.001,0.000,-0.001,0.907,-0.370,7.212,111.626,-115.562
-0.000,0.001,-0.001,-0.001,0.907,-0.370,7.188,111.639,-115.510
-0.000,0.001,0.000,0.000,0.907,-0.370,7.223,111.627,-115.530
-0.000,-0.001,-0.001,0.000,0.907,-0.370,7.220,111.627,-115.520
-0.000,-0.001,-0.001,0.000,0.907,-0.370,7.209,111.630,-115.524
-0.001,-0.000,0.000,-0.000,0.908,-0.370,7.191,111.635,-115.519
-0.000,-0.000,-0.001,-0.000,0.908,-0.370,7.216,111.631,-115.541
-0.000,-0.000,-0.001,-0.000,0.907,-0.371,7.188,111.644,-115.480
0.001,-0.000,0.000,-0.000,0.907,-0.371,7.150,111.661,-115.390
-0.001,0.001,0.000,0.000,0.908,-0.370,7.130,111.664,-115.370
-0.000,-0.000,0.001,0.000,0.908,-0.370,7.113,111.667,-115.334
-0.001,-0.000,0.000,-0.000,0.908,-0.370,7.084,111.667,-115.309
0.001,-0.003,0.000,-0.001,0.907,-0.370,7.078,111.667,-115.294
-0.001,-0.000,0.000,-0.001,0.907,-0.370,7.085,111.664,-115.324
-0.003,-0.000,0.000,-0.000,0.906,-0.370,7.119,111.658,-115.380
-0.001,0.001,0.000,0.000,0.907,-0.370,7.120,111.658,-115.400
-0.000,0.001,0.000,0.000,0.907,-0.370,7.119,111.656,-115.429
-0.001,-0.000,0.000,-0.000,0.907,-0.371,7.135,111.659,-115.418
-0.003,-0.000,0.000,-0.000,0.907,-0.370,7.137,111.654,-115.491
-0.000,-0.003,0.001,0.000,0.907,-0.370,7.102,111.653,-115.561
-0.000,-0.000,0.000,0.000,0.907,-0.370,7.146,111.636,-115.684
-0.003,-0.000,0.000,-0.001,0.907,-0.371,7.150,111.647,-115.609
-0.004,0.001,0.000,-0.000,0.907,-0.370,7.101,111.655,-115.585
0.001,-0.001,0.001,-0.000,0.907,-0.370,7.076,111.658,-115.552
-0.000,-0.000,0.000,-0.000,0.907,-0.370,7.029,111.669,-115.463
-0.000,-0.000,-0.002,-0.000,0.908,-0.370,7.009,111.673,-115.406
-0.000,-0.003,0.001,-0.000,0.908,-0.370,7.051,111.660,-115.435
-0.000,-0.000,0.000,0.000,0.907,-0.370,7.041,111.667,-115.367
0.001,0.001,-0.001,-0.000,0.907,-0.371,7.025,111.680,-115.276
-0.000,-0.001,0.000,-0.001,0.907,-0.371,7.073,111.673,-115.309
0.001,-0.003,0.000,-0.001,0.907,-0.371,7.136,111.666,-115.351
-0.000,-0.001,0.001,-0.000,0.908,-0.370,7.156,111.656,-115.367
-0.000,-0.000,-0.001,-0.000,0.908,-0.370,7.175,111.651,-115.328
-0.001,-0.000,-0.001,-0.000,0.908,-0.370,7.202,111.641,-115.366
-0.000,-0.000,0.000,-0.001,0.908,-0.371,7.229,111.636,-115.385
-0.003,-0.000,0.000,-0.001,0.908,-0.371,7.252,111.632,-115.425
-0.000,0.001,0.000,-0.000,0.907,-0.370,7.205,111.647,-115.353
0.001,-0.001,0.001,-0.000,0.907,-0.371,7.217,111.650,-115.330
-0.000,0.002,0.000,0.000,0.907,-0.370,7.214,111.650,-115.313
-0.001,-0.000,0.000,0.000,0.907,-0.370,7.194,111.652,-115.271
-0.000,-0.000,0.000,-0.000,0.908,-0.371,7.325,111.625,-115.418
0.001,-0.000,0.000,-0.000,0.907,-0.371,7.249,111.640,-115.412
-0.001,-0.000,0.001,-0.000,0.907,-0.371,7.228,111.647,-115.411
0.001,0.001,0.000,-0.001,0.907,-0.370,7.175,111.659,-115.329
0.001,0.001,0.000,-0.000,0.907,-0.371,7.120,111.674,-115.240
-0.003,-0.000,-0.002,-0.000,0.907,-0.371,7.078,111.684,-115.205
-0.001,-0.000,0.000,-0.000,0.907,-0.370,7.110,111.660,-115.334
0.002,-0.000,0.000,0.000,0.907,-0.370,7.124,111.655,-115.338
-0.000,-0.000,-0.001,-0.001,0.908,-0.370,7.115,111.660,-115.261
0.001,-0.003,0.000,-0.001,0.908,-0.370,7.127,111.656,-115.270
0.001,-0.000,0.000,-0.001,0.907,-0.370,7.125,111.656,-115.259
-0.001,-0.000,-0.001,-0.000,0.908,-0.370,7.156,111.648,-115.291
-0.001,0.001,0.000,-0.000,0.908,-0.370,7.195,111.640,-115.327
-0.000,0.001,0.001,-0.001,0.908,-0.370,7.191,111.636,-115.347
-0.001,-0.001,0.000,-0.001,0.908,-0.370,7.134,111.639,-115.390
-0.000,-0.000,0.001,-0.000,0.908,-0.371,7.121,111.648,-115.346
-0.000,-0.001,0.000,-0.000,0.908,-0.371,7.132,111.648,-115.373
-0.000,-0.000,0.000,-0.001,0.906,-0.370,7.117,111.654,-115.384
0.001,0.001,0.001,-0.001,0.907,-0.370,7.088,111.659,-115.392
-0.000,0.001,0.000,-0.001,0.907,-0.370,7.074,111.661,-115.358
0.001,-0.001,-0.001,-0.000,0.907,-0.370,7.039,111.672,-115.254
-0.000,-0.000,-0.001,-0.000,0.907,-0.370,7.078,111.661,-115.293
-0.001,-0.001,0.000,-0.000,0.907,-0.370,7.032,111.671,-115.230
-0.000,0.001,0.001,-0.001,0.906,-0.371,7.070,111.664,-115.297
-0.003,-0.001,0.001,-0.001,0.906,-0.371,7.073,111.671,-115.314
-0.000,-0.001,0.000,0.000,0.907,-0.371,7.133,111.663,-115.359
0.001,0.001,0.000,0.000,0.907,-0.370,7.166,111.651,-115.395
-0.001,0.001,0.000,-0.000,0.907,-0.370,7.229,111.637,-115.435
0.002,-0.000,0.000,-0.000,0.907,-0.370,7.173,111.649,-115.397
-0.000,-0.000,0.000,-0.001,0.907,-0.370,7.131,111.656,-115.350
-0.003,0.001,0.001,-0.000,0.907,-0.370,7.131,111.655,-115.353
-0.000,0.001,0.000,-0.000,0.907,-0.370,7.157,111.650,-115.394
-0.000,-0.000,0.001,-0.000,0.907,-0.370,7.144,111.647,-115.441
-0.000,-0.000,0.001,-0.000,0.907,-0.370,7.163,111.642,-115.479
-0.001,-0.000,0.000,-0.001,0.908,-0.371,7.148,111.643,-115.516
0.001,0.001,0.000,-0.001,0.908,-0.371,7.070,111.659,-115.488
-0.000,-0.000,0.003,-0.000,0.908,-0.370,6.981,111.671,-115.458
0.001,0.001,0.001,0.000,0.907,-0.370,6.989,111.666,-115.492
-0.001,-0.000,0.000,0.000,0.907,-0.370,6.971,111.668,-115.497
-0.001,-0.000,0.001,0.000,0.907,-0.370,6.956,111.673,-115.467
-0.000,-0.001,-0.001,-0.001,0.907,-0.370,7.007,111.667,-115.469
-0.000,-0.000,0.000,-0.001,0.907,-0.370,7.036,111.667,-115.452
-0.000,-0.000,0.000,-0.000,0.907,-0.371,7.017,111.679,-115.391
-0.000,-0.001,0.000,-0.001,0.907,-0.371,7.061,111.672,-115.449
-0.001,-0.000,0.000,-0.000,0.908,-0.371,7.039,111.687,-115.335
-0.000,-0.000,0.000,-0.000,0.908,-0.371,7.028,111.695,-115.260
-0.000,-0.000,-0.001,-0.000,0.907,-0.371,6.982,111.715,-115.130
-0.000,-0.000,0.000,-0.000,0.907,-0.371,6.911,111.735,-115.023
-0.001,-0.001,0.000,-0.001,0.907,-0.371,6.896,111.742,-114.935
-0.000,-0.000,0.000,-0.001,0.907,-0.370,6.935,111.728,-114.981
-0.000,0.001,-0.001,-0.001,0.907,-0.370,6.937,111.722,-114.952
0.001,-0.001,0.000,-0.000,0.908,-0.371,6.974,111.714,-114.943
-0.003,0.001,0.001,0.000,0.907,-0.370,6.912,111.721,-114.908
-0.000,-0.000,0.001,-0.001,0.907,-0.370,7.011,111.688,-115.108
-0.001,-0.000,0.001,-0.001,0.907,-0.370,7.072,111.672,-115.217
-0.000,-0.000,-0.001,0.000,0.907,-0.370,7.140,111.649,-115.356
-0.000,-0.000,-0.001,0.001,0.907,-0.370,7.050,111.658,-115.338
-0.000,0.002,0.000,0.001,0.907,-0.370,7.027,111.661,-115.287
-0.003,-0.000,0.000,0.000,0.907,-0.371,7.040,111.664,-115.292
-0.000,-0.000,0.000,-0.001,0.907,-0.370,7.029,111.668,-115.302
-0.001,-0.000,0.001,-0.001,0.907,-0.370,7.003,111.674,-115.317
0.002,-0.000,-0.001,-0.001,0.907,-0.371,7.051,111.669,-115.371
-0.000,-0.000,0.000,0.000,0.907,-0.371,6.971,111.703,-115.156
-0.000,-0.000,0.001,-0.000,0.907,-0.371,6.977,111.703,-115.166
0.001,0.001,0.000,-0.000,0.907,-0.371,6.908,111.726,-115.031
-0.000,-0.001,0.001,-0.001,0.907,-0.370,6.920,111.721,-115.028
-0.001,-0.000,0.000,-0.001,0.907,-0.370,6.928,111.715,-115.032
-0.000,0.001,-0.001,-0.001,0.907,-0.370,6.948,111.709,-115.029
-0.001,-0.001,0.001,-0.000,0.907,-0.370,6.916,111.717,-114.950
0.001,0.001,0.000,-0.000,0.907,-0.370,6.944,111.708,-114.987
-0.000,-0.001,0.000,-0.000,0.907,-0.370,6.959,111.702,-115.006
-0.000,-0.000,0.000,0.000,0.907,-0.371,7.001,111.693,-115.077
0.001,-0.000,0.001,-0.000,0.907,-0.371,6.996,111.702,-115.050
0.001,0.001,-0.001,-0.001,0.907,-0.370,6.996,111.702,-115.048
-0.003,-0.001,0.000,-0.001,0.907,-0.370,6.981,111.697,-115.086
0.001,0.001,0.000,-0.001,0.907,-0.370,7.042,111.688,-115.073
-0.003,-0.001,0.000,-0.001,0.907,-0.370,7.130,111.670,-115.128
-0.001,-0.001,0.000,0.000,0.907,-0.371,7.063,111.683,-115.091
-0.000,-0.001,0.000,0.000,0.907,-0.371,7.051,111.685,-115.095
-0.000,-0.000,0.001,0.000,0.907,-0.371,7.089,111.676,-115.167
-0.000,-0.000,0.000,-0.000,0.907,-0.370,7.103,111.664,-115.232
0.001,-0.000,0.000,-0.000,0.907,-0.370,7.063,111.668,-115.242
0.001,-0.000,0.001,-0.001,0.907,-0.369,7.108,111.656,-115.269
-0.000,0.001,0.000,-0.001,0.907,-0.369,7.147,111.638,-115.353
-0.000,0.001,0.000,-0.000,0.908,-0.371,7.147,111.640,-115.363
-0.000,0.001,0.000,0.000,0.907,-0.371,7.126,111.653,-115.316
-0.000,-0.001,0.000,0.000,0.907,-0.371,7.114,111.661,-115.344
0.001,-0.001,0.000,-0.000,0.907,-0.370,7.116,111.666,-115.306
-0.000,0.002,0.001,-0.001,0.907,-0.370,7.032,111.687,-115.195
-0.001,-0.000,0.000,-0.001,0.907,-0.370,7.015,111.693,-115.144
-0.000,-0.000,-0.001,-0.001,0.908,-0.370,6.985,111.695,-115.100
0.001,-0.000,0.000,-0.001,0.908,-0.370,7.031,111.673,-115.204
0.002,0.001,0.001,0.000,0.907,-0.370,7.053,111.664,-115.253
-0.000,0.001,-0.001,0.000,0.907,-0.370,7.053,111.666,-115.250
-0.003,-0.000,-0.001,0.000,0.907,-0.370,7.002,111.680,-115.171
-0.000,-0.000,0.000,-0.001,0.907,-0.370,7.034,111.678,-115.149
-0.001,-0.000,0.000,-0.001,0.907,-0.370,7.023,111.683,-115.128
-0.000,0.002,0.000,-0.001,0.906,-0.370,7.057,111.680,-115.142
-0.000,-0.000,-0.001,-0.000,0.907,-0.370,7.130,111.661,-115.226
0.001,-0.001,-0.001,-0.000,0.907,-0.370,7.170,111.642,-115.329
0.001,-0.001,0.000,-0.000,0.907,-0.369,7.211,111.626,-115.368
-0.000,0.001,-0.001,-0.000,0.907,-0.371,7.192,111.639,-115.305
0.001,0.001,0.000,-0.000,0.907,-0.371,7.257,111.626,-115.400
-0.001,-0.000,0.000,-0.001,0.907,-0.370,7.339,111.611,-115.510
-0.000,-0.001,0.000,-0.001,0.907,-0.370,7.357,111.607,-115.578
-0.000,-0.001,0.000,-0.001,0.907,-0.370,7.372,111.609,-115.580
-0.001,-0.000,0.000,0.000,0.907,-0.370,7.330,111.618,-115.521
-0.001,0.001,0.000,-0.000,0.907,-0.370,7.293,111.625,-115.485
-0.000,-0.000,-0.001,-0.000,0.907,-0.370,7.282,111.622,-115.536
-0.001,-0.000,0.001,-0.000,0.907,-0.370,7.255,111.627,-115.537
-0.001,-0.001,0.000,-0.001,0.907,-0.370,7.155,111.643,-115.536
0.001,-0.001,0.001,-0.000,0.907,-0.370,7.107,111.655,-115.482
-0.000,-0.000,-0.001,-0.000,0.907,-0.370,7.088,111.665,-115.398
-0.000,0.001,0.000,0.000,0.907,-0.370,7.133,111.654,-115.450
-0.001,0.001,0.000,-0.000,0.908,-0.371,7.228,111.625,-115.658
-0.003,-0.003,0.000,-0.000,0.908,-0.371,7.304,111.608,-115.775
0.001,-0.000,0.001,-0.000,0.907,-0.370,7.353,111.597,-115.801
-0.001,0.001,-0.001,-0.000,0.907,-0.370,7.271,111.615,-115.716
-0.000,0.002,0.001,-0.000,0.907,-0.370,7.221,111.627,-115.636
-0.000,-0.000,-0.001,-0.000,0.907,-0.371,7.183,111.643,-115.595
-0.000,-0.000,0.000,-0.000,0.907,-0.370,7.166,111.650,-115.561
0.001,-0.001,0.000,-0.000,0.907,-0.370,7.134,111.658,-115.502
-0.000,0.001,0.000,-0.000,0.907,-0.370,7.157,111.649,-115.532
0.001,0.001,-0.001,-0.000,0.908,-0.370,7.082,111.655,-115.506
-0.001,-0.001,-0.001,-0.000,0.907,-0.371,7.049,111.667,-115.434
-0.001,-0.000,0.000,-0.000,0.907,-0.371,7.045,111.675,-115.414
-0.000,-0.000,-0.001,-0.000,0.907,-0.371,7.098,111.668,-115.458
0.001,-0.001,0.000,-0.001,0.907,-0.370,7.152,111.659,-115.499
-0.001,-0.001,-0.001,0.000,0.907,-0.371,7.244,111.647,-115.564
-0.000,-0.001,-0.001,0.000,0.907,-0.371,7.213,111.676,-115.345
0.002,-0.003,-0.001,0.000,0.908,-0.370,7.215,111.669,-115.411
-0.000,0.001,0.000,0.000,0.908,-0.370,7.184,111.671,-115.384
-0.000,-0.000,-0.001,-0.000,0.907,-0.370,7.166,111.667,-115.380
-0.000,-0.001,-0.001,-0.001,0.907,-0.371,7.187,111.659,-115.426
0.001,0.001,0.000,-0.001,0.907,-0.371,7.251,111.653,-115.424
0.001,-0.001,-0.001,-0.001,0.907,-0.370,7.293,111.646,-115.369
-0.001,-0.001,0.000,-0.000,0.907,-0.370,7.310,111.643,-115.307
-0.000,0.001,0.000,-0.000,0.907,-0.370,7.273,111.639,-115.349
-0.000,-0.000,0.000,-0.001,0.907,-0.370,7.250,111.634,-115.422
-0.000,-0.000,0.001,-0.000,0.907,-0.370,7.260,111.628,-115.481
-0.000,-0.001,-0.001,-0.001,0.907,-0.370,7.251,111.630,-115.486
0.001,-0.000,0.000,-0.001,0.907,-0.370,7.261,111.631,-115.483
0.001,-0.000,0.000,-0.000,0.907,-0.370,7.221,111.642,-115.380
0.001,-0.000,-0.001,0.000,0.906,-0.370,7.212,111.639,-115.416
-0.001,0.001,0.000,0.000,0.906,-0.370,7.159,111.650,-115.358
0.001,-0.000,0.000,-0.000,0.907,-0.370,7.125,111.652,-115.319
-0.001,-0.000,0.000,-0.001,0.906,-0.370,7.097,111.657,-115.288
-0.001,-0.000,0.000,-0.001,0.906,-0.370,7.101,111.662,-115.267
-0.000,0.001,0.000,-0.001,0.906,-0.370,7.073,111.671,-115.229
0.001,-0.000,-0.001,-0.000,0.907,-0.370,7.182,111.646,-115.333
-0.003,-0.001,0.001,-0.000,0.907,-0.370,7.195,111.632,-115.476
0.001,-0.000,0.000,-0.000,0.907,-0.370,7.254,111.614,-115.610
-0.001,0.001,0.001,-0.000,0.908,-0.370,7.243,111.606,-115.686
-0.001,0.001,0.001,0.000,0.908,-0.370,7.239,111.602,-115.716
-0.001,-0.001,0.001,0.000,0.908,-0.370,7.089,111.639,-115.519
-0.001,0.001,0.000,-0.001,0.907,-0.370,7.124,111.634,-115.503
0.001,-0.000,-0.001,-0.000,0.907,-0.370,7.096,111.635,-115.560
-0.003,-0.001,0.000,-0.000,0.907,-0.370,7.049,111.659,-115.397
-0.003,0.001,0.000,-0.001,0.908,-0.371,7.090,111.664,-115.346
-0.001,-0.000,0.000,0.000,0.908,-0.370,7.140,111.657,-115.371
-0.001,-0.001,0.000,0.000,0.908,-0.370,7.139,111.655,-115.382
-0.001,0.001,0.000,-0.000,0.907,-0.370,7.147,111.647,-115.443
0.001,-0.000,0.000,-0.000,0.907,-0.370,7.098,111.654,-115.428
-0.003,-0.000,0.000,-0.000,0.907,-0.370,7.101,111.647,-115.484
0.001,-0.001,-0.001,0.000,0.906,-0.370,7.095,111.648,-115.510
-0.000,0.001,0.000,-0.001,0.907,-0.370,7.096,111.654,-115.468
-0.003,-0.000,-0.001,-0.000,0.907,-0.371,7.041,111.682,-115.268
-0.003,-0.000,0.000,-0.000,0.907,-0.371,7.000,111.699,-115.173
0.002,0.002,-0.001,-0.000,0.907,-0.370,6.987,111.698,-115.124
-0.000,-0.000,0.000,-0.000,0.908,-0.370,7.046,111.682,-115.148
-0.000,0.001,-0.001,-0.000,0.908,-0.370,7.128,111.659,-115.225
-0.000,-0.000,0.000,-0.001,0.907,-0.370,7.149,111.650,-115.258
-0.000,-0.001,0.000,0.000,0.907,-0.370,7.132,111.648,-115.289
-0.001,-0.000,0.000,0.000,0.907,-0.370,7.088,111.656,-115.286
-0.001,-0.000,0.000,0.000,0.907,-0.371,7.088,111.665,-115.225
-0.000,0.001,-0.001,-0.000,0.907,-0.370,7.093,111.661,-115.304
0.001,-0.000,-0.001,-0.000,0.907,-0.370,7.125,111.657,-115.332
-0.000,-0.001,-0.001,-0.000,0.907,-0.370,7.149,111.652,-115.368
0.001,-0.000,0.000,-0.000,0.907,-0.371,7.095,111.669,-115.324
0.001,-0.003,0.000,-0.000,0.907,-0.370,7.060,111.678,-115.305
-0.001,-0.000,0.000,-0.000,0.907,-0.370,7.060,111.675,-115.330
0.001,-0.001,0.001,-0.000,0.907,-0.370,7.006,111.691,-115.221
-0.001,-0.000,0.000,-0.001,0.907,-0.370,7.106,111.659,-115.393
-0.000,-0.000,-0.001,-0.001,0.907,-0.370,7.100,111.663,-115.283
-0.001,-0.001,-0.001,-0.000,0.907,-0.370,7.110,111.662,-115.251
0.002,-0.001,0.001,0.000,0.907,-0.370,7.173,111.642,-115.369
0.001,0.001,-0.001,0.000,0.907,-0.370,7.132,111.652,-115.313
0.001,0.001,0.000,-0.000,0.907,-0.371,7.074,111.671,-115.220
-0.001,0.001,0.000,0.000,0.907,-0.370,7.067,111.674,-115.201
-0.000,0.001,0.000,0.000,0.907,-0.370,7.076,111.672,-115.206
-0.001,-0.000,0.001,-0.000,0.908,-0.371,7.092,111.664,-115.278
-0.001,-0.000,0.000,-0.000,0.907,-0.370,7.106,111.660,-115.331
-0.000,0.001,-0.001,-0.000,0.907,-0.370,7.150,111.649,-115.435
-0.001,-0.000,0.001,-0.000,0.908,-0.370,7.121,111.646,-115.447
-0.000,-0.000,-0.001,0.000,0.908,-0.371,7.045,111.667,-115.304
0.001,-0.001,-0.001,0.000,0.907,-0.371,7.025,111.675,-115.292
-0.001,-0.001,0.001,0.000,0.907,-0.371,7.082,111.667,-115.310
-0.000,-0.000,0.000,-0.000,0.907,-0.370,7.051,111.674,-115.297
-0.000,-0.001,0.000,-0.001,0.907,-0.371,7.074,111.677,-115.255
-0.003,-0.001,0.001,-0.001,0.907,-0.371,7.087,111.682,-115.207
-0.000,-0.001,-0.001,-0.000,0.907,-0.370,7.102,111.674,-115.225
-0.003,-0.000,0.000,-0.000,0.907,-0.370,7.150,111.663,-115.251
-0.000,-0.000,0.000,-0.000,0.907,-0.370,7.167,111.663,-115.218
-0.001,-0.001,0.000,-0.000,0.908,-0.370,7.167,111.658,-115.250
0.002,-0.000,0.000,-0.001,0.907,-0.370,7.169,111.654,-115.258
-0.000,-0.000,0.000,-0.001,0.907,-0.371,7.157,111.658,-115.252
-0.001,-0.000,-0.001,-0.001,0.907,-0.371,7.176,111.656,-115.283
-0.001,-0.000,0.001,0.000,0.907,-0.371,7.185,111.652,-115.340
-0.000,0.001,0.000,-0.000,0.907,-0.370,7.165,111.655,-115.348
-0.000,-0.000,0.001,-0.000,0.907,-0.370,7.203,111.648,-115.366
-0.000,-0.000,-0.001,0.000,0.907,-0.370,7.146,111.657,-115.308
0.001,0.001,-0.001,-0.001,0.907,-0.370,7.106,111.665,-115.276
-0.001,-0.000,-0.001,-0.001,0.907,-0.370,7.080,111.669,-115.273
-0.001,0.001,0.001,-0.000,0.907,-0.370,7.069,111.675,-115.220
-0.001,0.001,0.000,0.000,0.907,-0.370,7.065,111.682,-115.129
-0.003,-0.000,0.000,0.000,0.907,-0.370,7.066,111.687,-115.071
0.001,-0.000,0.000,-0.000,0.907,-0.370,7.074,111.681,-115.118
-0.000,-0.000,0.000,0.000,0.908,-0.370,7.056,111.683,-115.094
-0.001,-0.000,0.000,0.000,0.908,-0.370,7.106,111.667,-115.146
-0.001,-0.000,0.001,-0.001,0.907,-0.371,7.120,111.667,-115.155
-0.001,-0.000,0.000,-0.001,0.907,-0.370,7.101,111.670,-115.121
-0.000,0.001,-0.001,-0.001,0.907,-0.370,7.064,111.670,-115.106
-0.001,-0.001,-0.002,0.000,0.907,-0.370,7.197,111.637,-115.294
-0.000,-0.000,0.000,0.000,0.908,-0.371,7.219,111.630,-115.377
0.001,0.001,0.000,-0.000,0.908,-0.370,7.222,111.634,-115.350
-0.001,-0.001,-0.001,-0.000,0.908,-0.370,7.240,111.631,-115.375
-0.000,-0.000,0.000,-0.000,0.907,-0.371,7.254,111.629,-115.416
0.001,-0.000,0.000,-0.001,0.908,-0.370,7.266,111.620,-115.507
0.001,-0.001,0.000,-0.001,0.908,-0.370,7.262,111.613,-115.553
0.001,-0.000,0.000,-0.000,0.907,-0.370,7.145,111.646,-115.384
-0.000,-0.003,0.000,-0.000,0.907,-0.370,7.040,111.669,-115.287
-0.000,-0.000,0.000,-0.000,0.907,-0.370,6.960,111.687,-115.185
-0.000,-0.000,-0.001,0.000,0.907,-0.370,6.952,111.687,-115.160
0.001,-0.000,-0.001,0.000,0.907,-0.370,7.025,111.669,-115.222
-0.001,-0.000,-0.001,-0.000,0.907,-0.371,7.099,111.655,-115.268
-0.000,-0.000,0.001,-0.000,0.907,-0.371,7.155,111.650,-115.274
-0.001,-0.001,-0.001,-0.000,0.907,-0.370,7.183,111.645,-115.284
0.001,0.001,-0.001,0.000,0.907,-0.369,7.185,111.641,-115.290
-0.000,-0.001,0.000,0.000,0.907,-0.369,7.144,111.638,-115.314
-0.000,-0.001,0.000,-0.000,0.907,-0.370,7.136,111.638,-115.313
-0.000,0.001,-0.001,-0.000,0.907,-0.370,7.172,111.633,-115.356
-0.000,-0.000,0.001,0.000,0.907,-0.370,7.077,111.664,-115.156
-0.000,-0.000,0.001,0.000,0.908,-0.370,7.048,111.668,-115.151
-0.003,-0.000,-0.001,-0.000,0.907,-0.370,7.019,111.676,-115.085
-0.001,-0.001,0.000,-0.000,0.907,-0.370,7.070,111.662,-115.166
-0.000,-0.000,0.001,-0.000,0.907,-0.371,7.126,111.654,-115.236
0.001,-0.000,-0.001,-0.000,0.907,-0.370,7.118,111.653,-115.274
-0.000,-0.001,-0.001,-0.000,0.907,-0.370,7.133,111.644,-115.347
0.001,-0.000,-0.001,-0.000,0.908,-0.370,7.142,111.641,-115.364
0.001,-0.000,-0.001,-0.000,0.907,-0.371,7.170,111.629,-115.520
-0.001,0.001,-0.001,-0.000,0.907,-0.371,7.088,111.653,-115.457
-0.001,-0.000,0.001,-0.000,0.907,-0.371,7.004,111.677,-115.372
-0.000,0.001,0.000,-0.000,0.908,-0.370,7.061,111.662,-115.434
-0.003,-0.001,0.000,0.000,0.907,-0.370,7.056,111.663,-115.417
-0.001,-0.000,0.000,0.000,0.907,-0.370,7.056,111.667,-115.347
-0.001,-0.001,0.000,-0.001,0.907,-0.371,7.044,111.678,-115.270
-0.001,-0.000,0.000,0.000,0.907,-0.371,7.055,111.677,-115.287
-0.000,0.001,-0.001,0.000,0.907,-0.371,7.186,111.650,-115.416
-0.004,0.001,0.001,0.000,0.907,-0.370,7.189,111.645,-115.460
-0.001,0.001,-0.001,-0.001,0.907,-0.370,7.190,111.643,-115.487
0.001,-0.000,-0.001,0.000,0.907,-0.369,7.227,111.631,-115.552
0.001,-0.000,0.000,0.000,0.907,-0.369,7.275,111.614,-115.610
-0.001,-0.000,0.000,-0.000,0.908,-0.370,7.295,111.611,-115.627
0.001,0.001,0.000,-0.000,0.907,-0.371,7.291,111.614,-115.658
-0.001,-0.000,0.000,-0.000,0.907,-0.371,7.260,111.629,-115.606
-0.000,0.001,-0.001,0.000,0.908,-0.370,7.244,111.627,-115.572
-0.001,0.002,0.000,0.000,0.908,-0.370,7.202,111.634,-115.495
-0.001,-0.000,0.000,-0.000,0.907,-0.370,7.187,111.638,-115.437
0.001,-0.003,-0.001,-0.000,0.907,-0.370,7.164,111.642,-115.423
-0.000,0.001,0.000,-0.000,0.907,-0.370,7.106,111.658,-115.353
-0.001,-0.000,0.000,0.000,0.907,-0.370,6.977,111.696,-115.129
-0.000,-0.000,-0.001,-0.000,0.907,-0.370,6.961,111.701,-115.073
-0.000,-0.001,0.000,-0.001,0.908,-0.370,6.982,111.690,-115.130
-0.001,-0.000,0.000,-0.001,0.908,-0.370,7.001,111.684,-115.123
-0.001,-0.003,0.001,-0.001,0.908,-0.371,6.995,111.693,-115.068
-0.001,-0.001,0.000,-0.000,0.908,-0.370,6.995,111.693,-115.056
0.001,-0.000,-0.001,-0.000,0.908,-0.370,6.995,111.688,-115.081
0.001,-0.001,0.000,-0.000,0.908,-0.370,6.959,111.695,-115.027
-0.000,0.001,-0.001,-0.000,0.907,-0.371,6.985,111.694,-114.991
-0.000,-0.000,0.000,-0.000,0.907,-0.370,6.916,111.709,-114.905
-0.001,-0.000,0.000,-0.000,0.907,-0.370,7.013,111.683,-115.010
0.001,0.001,0.000,-0.001,0.907,-0.370,7.091,111.663,-115.105
0.001,-0.001,0.000,0.000,0.907,-0.370,7.154,111.647,-115.191
-0.001,-0.000,0.000,0.000,0.907,-0.370,7.194,111.636,-115.280
0.001,-0.000,0.000,-0.001,0.907,-0.371,7.205,111.639,-115.300
-0.001,0.001,-0.001,-0.000,0.907,-0.370,7.100,111.664,-115.204
-0.003,-0.001,-0.001,-0.000,0.907,-0.370,7.010,111.682,-115.115
-0.000,-0.000,-0.001,-0.000,0.907,-0.370,6.993,111.686,-115.107
-0.000,-0.001,0.001,-0.001,0.907,-0.371,7.009,111.686,-115.097
-0.001,-0.000,0.000,-0.000,0.907,-0.370,6.977,111.692,-115.081
-0.000,-0.000,0.000,-0.000,0.907,-0.370,6.988,111.685,-115.152
-0.001,-0.003,0.000,-0.000,0.908,-0.370,7.003,111.672,-115.270
-0.000,-0.001,-0.001,0.000,0.907,-0.371,7.036,111.669,-115.271
-0.001,-0.001,-0.001,0.000,0.907,-0.371,7.043,111.671,-115.262
-0.003,-0.000,-0.001,-0.000,0.907,-0.371,7.052,111.675,-115.249
-0.000,-0.000,-0.001,-0.000,0.907,-0.371,7.094,111.674,-115.263
-0.001,-0.001,0.000,-0.000,0.908,-0.370,7.128,111.664,-115.304
0.001,-0.000,0.001,-0.001,0.907,-0.371,7.097,111.678,-115.189
-0.000,0.001,0.001,-0.000,0.907,-0.370,7.043,111.691,-115.113
-0.001,-0.000,-0.001,-0.000,0.907,-0.370,7.002,111.694,-115.121
-0.001,-0.000,-0.001,-0.001,0.907,-0.371,7.044,111.686,-115.153
0.001,-0.000,0.001,0.000,0.908,-0.370,7.098,111.673,-115.210
-0.003,-0.001,0.001,0.000,0.908,-0.370,7.159,111.654,-115.292
-0.001,-0.000,0.000,-0.000,0.907,-0.371,7.206,111.637,-115.464
0.002,-0.001,0.000,-0.001,0.906,-0.370,7.209,111.641,-115.462
-0.001,-0.000,0.000,-0.001,0.906,-0.370,7.298,111.627,-115.543
0.001,0.001,0.000,-0.000,0.908,-0.371,7.315,111.627,-115.533
-0.000,0.001,0.001,-0.001,0.907,-0.371,7.306,111.632,-115.534
-0.001,0.001,-0.001,-0.001,0.908,-0.371,7.292,111.643,-115.514
0.001,-0.000,0.001,-0.001,0.908,-0.371,7.293,111.648,-115.478
-0.000,-0.003,0.000,0.000,0.908,-0.370,7.263,111.653,-115.393
-0.000,-0.000,0.001,-0.001,0.908,-0.371,7.206,111.657,-115.408
-0.001,-0.001,0.000,-0.001,0.908,-0.371,7.197,111.661,-115.406
-0.001,-0.000,0.000,-0.000,0.908,-0.371,7.256,111.652,-115.405
-0.001,-0.000,-0.001,-0.000,0.907,-0.370,7.288,111.646,-115.375
-0.003,-0.000,-0.001,-0.000,0.907,-0.370,7.394,111.617,-115.477
-0.003,-0.000,-0.001,0.000,0.907,-0.370,7.295,111.631,-115.434
-0.001,-0.001,0.000,-0.000,0.907,-0.370,7.223,111.651,-115.263
-0.003,0.001,-0.001,0.000,0.907,-0.370,7.273,111.640,-115.268
-0.000,-0.000,0.000,0.000,0.907,-0.370,7.237,111.647,-115.187
-0.000,-0.000,0.000,-0.001,0.907,-0.370,7.195,111.651,-115.230
0.001,-0.000,0.000,-0.001,0.907,-0.370,7.180,111.651,-115.270
-0.000,-0.001,-0.001,-0.001,0.907,-0.370,7.180,111.651,-115.284
-0.003,-0.001,0.000,-0.000,0.908,-0.370,7.177,111.652,-115.259
-0.001,-0.000,-0.001,-0.000,0.908,-0.370,7.184,111.649,-115.248
0.004,0.001,-0.001,0.000,0.907,-0.370,7.215,111.635,-115.341
-0.001,-0.001,0.001,-0.000,0.907,-0.370,7.258,111.619,-115.465
0.001,-0.000,0.000,-0.000,0.907,-0.371,7.317,111.605,-115.631
-0.001,0.001,0.000,-0.000,0.907,-0.371,7.317,111.608,-115.673
-0.000,-0.001,0.000,-0.000,0.907,-0.370,7.290,111.615,-115.693
-0.000,-0.000,-0.001,0.000,0.907,-0.370,7.285,111.618,-115.684
-0.000,-0.000,0.001,0.000,0.907,-0.370,7.241,111.624,-115.672
-0.003,-0.000,0.000,0.000,0.907,-0.370,7.205,111.640,-115.573
-0.001,-0.003,-0.001,-0.001,0.907,-0.370,7.161,111.659,-115.423
-0.001,0.003,0.000,-0.001,0.907,-0.370,7.148,111.672,-115.287
-0.000,-0.000,0.000,-0.001,0.907,-0.370,7.113,111.676,-115.261
-0.000,0.001,0.000,-0.001,0.907,-0.370,7.105,111.672,-115.262
-0.000,-0.000,0.000,0.000,0.907,-0.370,7.153,111.653,-115.378
-0.001,-0.000,-0.001,0.000,0.907,-0.370,7.029,111.675,-115.274
0.001,0.001,0.000,-0.000,0.907,-0.371,7.085,111.658,-115.417
-0.000,-0.000,0.000,-0.000,0.907,-0.370,7.080,111.665,-115.368
-0.000,-0.000,0.000,-0.000,0.907,-0.370,7.114,111.662,-115.341
-0.000,-0.000,0.001,-0.000,0.908,-0.370,7.171,111.650,-115.352
-0.001,0.001,0.001,-0.000,0.907,-0.370,7.159,111.651,-115.350
0.002,-0.000,-0.001,-0.000,0.907,-0.370,7.120,111.663,-115.280
-0.001,0.001,-0.001,0.000,0.907,-0.370,7.097,111.665,-115.268
-0.001,0.001,0.000,-0.001,0.907,-0.371,6.995,111.694,-115.106
0.001,-0.000,0.000,-0.001,0.907,-0.370,7.052,111.679,-115.197
0.001,-0.000,0.000,-0.001,0.907,-0.370,7.043,111.676,-115.223
-0.000,0.001,0.000,-0.000,0.907,-0.370,6.997,111.684,-115.187
-0.000,-0.000,0.000,-0.000,0.907,-0.370,6.967,111.683,-115.204
-0.000,-0.000,-0.001,-0.000,0.907,-0.370,6.956,111.684,-115.205
-0.001,0.001,0.000,0.000,0.907,-0.370,6.968,111.681,-115.214
-0.001,-0.001,-0.001,0.000,0.907,-0.370,6.970,111.680,-115.181
0.001,-0.001,-0.001,-0.000,0.907,-0.370,7.038,111.670,-115.186
-0.001,-0.001,-0.001,-0.000,0.907,-0.371,7.082,111.666,-115.213
0.001,-0.000,-0.001,-0.000,0.907,-0.371,7.032,111.681,-115.163
-0.001,-0.001,0.000,-0.000,0.907,-0.371,7.147,111.658,-115.288
-0.000,-0.000,0.001,-0.000,0.907,-0.370,7.188,111.647,-115.349
-0.000,-0.000,0.000,-0.001,0.907,-0.370,7.248,111.625,-115.500
-0.000,-0.000,0.000,-0.001,0.907,-0.370,7.248,111.624,-115.486
-0.000,-0.001,-0.001,-0.000,0.908,-0.370,7.315,111.612,-115.525
-0.001,0.001,-0.001,-0.000,0.907,-0.370,7.383,111.598,-115.587
-0.000,-0.000,0.001,-0.000,0.907,-0.370,7.362,111.596,-115.663
-0.003,0.001,-0.001,-0.000,0.907,-0.370,7.315,111.605,-115.624
-0.003,0.001,0.001,-0.000,0.907,-0.370,7.281,111.608,-115.668
-0.001,0.001,-0.001,-0.000,0.907,-0.370,7.271,111.611,-115.698
0.001,-0.000,-0.001,-0.000,0.907,-0.370,7.164,111.649,-115.484
-0.000,0.002,0.000,0.000,0.907,-0.370,7.193,111.640,-115.529
0.002,-0.000,0.000,-0.000,0.908,-0.370,7.217,111.632,-115.577
-0.000,-0.001,-0.001,-0.000,0.908,-0.370,7.241,111.625,-115.638
-0.000,-0.001,-0.001,-0.000,0.907,-0.370,7.221,111.621,-115.711
-0.001,-0.000,-0.001,-0.000,0.907,-0.369,7.206,111.623,-115.676
-0.000,-0.000,0.000,-0.000,0.907,-0.369,7.177,111.628,-115.615
0.002,0.001,0.000,-0.001,0.907,-0.370,7.119,111.657,-115.439
-0.000,0.001,0.000,-0.001,0.907,-0.371,7.103,111.670,-115.369
-0.000,-0.001,-0.001,-0.001,0.907,-0.371,7.132,111.669,-115.382
-0.000,-0.003,0.001,-0.000,0.907,-0.371,7.162,111.662,-115.429
-0.000,-0.000,0.000,-0.000,0.908,-0.371,7.204,111.650,-115.529
-0.000,0.001,-0.001,-0.000,0.908,-0.371,7.111,111.675,-115.405
-0.003,-0.000,0.000,-0.000,0.908,-0.371,7.110,111.677,-115.370
-0.000,-0.000,0.000,-0.000,0.908,-0.371,7.085,111.683,-115.312
0.001,-0.000,-0.001,-0.000,0.908,-0.371,7.078,111.681,-115.322
-0.000,-0.001,0.001,-0.000,0.907,-0.370,7.210,111.650,-115.489
-0.001,0.001,0.001,0.000,0.907,-0.370,7.160,111.659,-115.448
-0.000,-0.000,-0.001,-0.000,0.907,-0.370,7.174,111.655,-115.424
-0.001,-0.000,-0.001,-0.000,0.907,-0.370,7.043,111.679,-115.268
-0.001,0.001,0.000,0.000,0.907,-0.370,7.012,111.687,-115.159
-0.000,-0.000,0.001,0.000,0.907,-0.370,7.029,111.678,-115.198
0.001,0.001,0.000,0.000,0.907,-0.370,7.012,111.684,-115.147
0.001,-0.000,0.001,-0.001,0.907,-0.370,7.021,111.683,-115.137
-0.000,0.001,0.001,-0.000,0.907,-0.370,7.019,111.689,-115.064
-0.000,-0.001,0.000,-0.000,0.907,-0.370,7.092,111.674,-115.124
-0.000,-0.000,0.001,-0.001,0.908,-0.370,7.068,111.672,-115.165
-0.001,-0.000,0.003,-0.000,0.907,-0.371,7.045,111.677,-115.160
-0.001,-0.001,-0.001,-0.000,0.907,-0.371,7.041,111.682,-115.137
0.001,-0.000,0.000,-0.000,0.907,-0.371,7.054,111.682,-115.146
-0.003,-0.001,-0.002,-0.001,0.908,-0.370,7.085,111.668,-115.231
-0.003,0.001,0.000,0.000,0.907,-0.371,7.127,111.666,-115.210
-0.000,0.002,0.000,0.000,0.907,-0.371,7.170,111.657,-115.321
-0.001,-0.000,-0.001,0.000,0.907,-0.371,7.186,111.656,-115.342
-0.001,-0.000,-0.001,-0.000,0.907,-0.370,7.145,111.663,-115.320
-0.001,-0.000,0.000,-0.000,0.907,-0.370,7.183,111.646,-115.426
0.001,-0.000,0.000,-0.000,0.907,-0.370,7.197,111.636,-115.467
-0.000,-0.000,0.000,-0.001,0.907,-0.370,7.226,111.628,-115.513
-0.001,-0.003,-0.001,-0.001,0.907,-0.370,7.302,111.622,-115.467
-0.001,-0.001,0.000,0.000,0.907,-0.370,7.272,111.624,-115.462
-0.000,-0.001,0.000,-0.000,0.907,-0.370,7.232,111.632,-115.416
-0.001,-0.001,-0.001,-0.000,0.907,-0.370,7.146,111.649,-115.344
-0.000,0.001,0.000,-0.000,0.907,-0.370,7.092,111.662,-115.290
-0.000,-0.000,0.000,-0.000,0.907,-0.370,7.075,111.669,-115.214
0.001,0.001,-0.001,-0.000,0.907,-0.370,7.113,111.656,-115.262
-0.000,-0.003,-0.001,-0.000,0.907,-0.370,7.125,111.649,-115.336
-0.000,-0.001,0.000,-0.000,0.907,-0.370,7.086,111.654,-115.332
0.001,-0.000,0.000,-0.000,0.907,-0.370,7.142,111.640,-115.408
0.001,-0.000,0.000,-0.000,0.907,-0.370,7.176,111.631,-115.439
-0.000,-0.000,0.000,-0.000,0.907,-0.370,7.168,111.636,-115.398
0.001,0.001,0.001,-0.000,0.907,-0.370,7.168,111.644,-115.303
0.002,-0.000,0.000,-0.000,0.907,-0.370,7.213,111.632,-115.371
-0.001,0.001,0.000,0.000,0.907,-0.370,7.231,111.627,-115.403
-0.001,-0.000,0.000,-0.000,0.907,-0.370,7.232,111.619,-115.470
-0.001,-0.000,0.000,-0.000,0.907,-0.370,7.197,111.622,-115.456
-0.000,-0.000,0.000,-0.001,0.907,-0.370,7.154,111.629,-115.520
0.002,-0.000,-0.001,-0.000,0.907,-0.370,7.138,111.635,-115.481
-0.001,-0.000,0.001,-0.001,0.907,-0.371,7.122,111.641,-115.466
-0.000,0.001,0.001,-0.001,0.907,-0.371,7.049,111.662,-115.390
-0.000,-0.000,0.000,-0.001,0.907,-0.371,6.977,111.690,-115.232
-0.004,0.001,-0.001,-0.001,0.907,-0.370,6.967,111.695,-115.195
-0.000,-0.000,0.001,-0.001,0.907,-0.370,7.017,111.687,-115.204
-0.000,0.002,0.001,-0.000,0.907,-0.370,7.081,111.676,-115.201
-0.000,-0.001,0.000,-0.000,0.908,-0.370,7.176,111.654,-115.274
-0.000,-0.000,-0.001,-0.000,0.908,-0.370,7.254,111.630,-115.395
0.001,-0.000,0.000,-0.001,0.908,-0.370,7.155,111.642,-115.373
-0.000,-0.000,-0.001,0.000,0.908,-0.371,7.109,111.650,-115.359
0.002,-0.001,0.000,0.000,0.908,-0.371,7.058,111.660,-115.357
-0.003,-0.000,0.000,-0.000,0.907,-0.370,7.047,111.662,-115.370
-0.000,-0.000,0.000,-0.001,0.907,-0.370,7.113,111.650,-115.422
0.001,0.001,-0.001,-0.001,0.907,-0.370,7.252,111.614,-115.639
-0.000,-0.001,0.001,-0.001,0.907,-0.370,7.299,111.601,-115.699
-0.001,-0.001,0.000,-0.001,0.907,-0.370,7.352,111.592,-115.737
-0.001,-0.000,0.000,-0.001,0.907,-0.370,7.287,111.608,-115.691
-0.001,-0.000,0.001,-0.000,0.907,-0.370,7.218,111.632,-115.564
-0.000,-0.000,0.000,-0.000,0.907,-0.370,7.177,111.646,-115.437
-0.000,-0.000,0.000,-0.000,0.907,-0.370,7.136,111.656,-115.368
-0.001,0.001,0.000,-0.000,0.907,-0.370,7.195,111.643,-115.423
-0.000,-0.000,-0.001,-0.000,0.907,-0.370,7.202,111.633,-115.503
-0.000,0.002,0.000,-0.001,0.907,-0.370,7.195,111.633,-115.512
-0.000,-0.000,-0.001,-0.001,0.907,-0.370,7.189,111.633,-115.512
-0.004,0.001,0.001,-0.000,0.907,-0.371,7.160,111.648,-115.444
-0.000,0.001,-0.001,-0.000,0.908,-0.370,7.124,111.662,-115.361
-0.000,-0.000,0.000,-0.000,0.907,-0.370,7.047,111.678,-115.264
-0.000,-0.000,0.000,-0.000,0.907,-0.370,7.043,111.680,-115.250
-0.001,0.001,0.000,-0.000,0.908,-0.371,7.060,111.678,-115.260
-0.001,-0.000,-0.001,-0.001,0.907,-0.371,7.034,111.678,-115.326
-0.003,-0.000,0.000,-0.001,0.907,-0.371,7.092,111.664,-115.420
-0.001,-0.000,0.000,-0.000,0.906,-0.369,7.106,111.653,-115.475
-0.001,-0.000,0.000,0.000,0.907,-0.371,7.112,111.653,-115.460
-0.000,0.001,0.000,0.000,0.907,-0.371,7.046,111.676,-115.336
-0.000,-0.000,0.000,0.000,0.907,-0.370,7.083,111.672,-115.310
0.001,-0.001,0.001,-0.000,0.907,-0.370,7.059,111.681,-115.219
-0.000,-0.000,0.000,-0.000,0.907,-0.370,7.143,111.665,-115.261
-0.000,0.001,0.000,-0.001,0.907,-0.370,7.097,111.677,-115.167
0.001,-0.001,0.000,-0.001,0.908,-0.371,7.084,111.682,-115.114
-0.000,0.001,0.000,-0.001,0.908,-0.371,7.097,111.677,-115.140
-0.000,0.001,0.001,0.000,0.908,-0.371,7.096,111.682,-115.089
-0.001,0.001,-0.001,-0.001,0.908,-0.370,7.177,111.659,-115.200
0.002,-0.001,0.000,-0.001,0.908,-0.370,7.223,111.642,-115.270
0.001,-0.000,0.001,0.000,0.907,-0.370,7.187,111.642,-115.278
-0.000,-0.000,0.000,-0.000,0.907,-0.370,7.114,111.653,-115.240
-0.000,0.001,0.000,-0.001,0.908,-0.371,7.111,111.656,-115.211
0.002,-0.000,0.001,-0.001,0.908,-0.371,7.064,111.669,-115.187
-0.000,-0.001,-0.001,0.000,0.908,-0.371,7.065,111.665,-115.276
0.002,0.001,0.000,0.000,0.907,-0.371,7.003,111.682,-115.207
-0.001,0.001,-0.001,0.000,0.907,-0.371,7.031,111.676,-115.247
-0.000,-0.000,0.000,-0.000,0.907,-0.370,7.110,111.660,-115.309
0.001,0.001,0.000,-0.000,0.907,-0.370,7.155,111.646,-115.387
-0.001,-0.000,-0.001,-0.000,0.907,-0.370,7.162,111.638,-115.415
-0.001,-0.000,0.000,-0.000,0.908,-0.370,7.165,111.638,-115.425
-0.001,-0.003,0.000,-0.001,0.907,-0.371,7.206,111.635,-115.449
-0.000,-0.001,0.000,-0.000,0.907,-0.370,7.196,111.642,-115.433
-0.000,-0.001,-0.002,-0.000,0.907,-0.370,7.243,111.636,-115.473
-0.001,-0.000,-0.001,-0.001,0.908,-0.370,7.266,111.626,-115.494
-0.003,0.001,0.000,0.000,0.907,-0.370,7.285,111.616,-115.525
-0.000,-0.000,-0.001,0.000,0.907,-0.370,7.275,111.614,-115.525
-0.000,-0.001,-0.001,-0.000,0.908,-0.370,7.221,111.625,-115.441
-0.001,-0.000,-0.001,-0.000,0.908,-0.370,7.172,111.630,-115.407
-0.001,-0.000,0.000,-0.000,0.908,-0.370,7.166,111.624,-115.454
-0.003,0.001,-0.001,-0.001,0.907,-0.370,7.179,111.622,-115.465
0.001,-0.000,0.000,0.000,0.907,-0.370,7.077,111.655,-115.313
-0.000,-0.001,0.001,0.000,0.907,-0.370,7.005,111.676,-115.213
-0.000,0.001,0.001,0.000,0.908,-0.370,6.989,111.680,-115.171
-0.000,-0.000,0.001,-0.000,0.907,-0.371,7.001,111.679,-115.168
-0.000,0.001,0.000,-0.000,0.907,-0.371,6.976,111.690,-115.116
0.001,-0.001,0.000,-0.001,0.908,-0.370,6.875,111.708,-115.030
-0.001,-0.001,0.000,-0.000,0.907,-0.370,6.828,111.713,-114.975
-0.001,-0.000,0.001,-0.000,0.907,-0.370,6.860,111.703,-114.986
-0.000,-0.000,-0.001,-0.000,0.907,-0.371,6.910,111.695,-115.015
0.001,-0.000,0.001,-0.000,0.907,-0.370,6.940,111.693,-114.993
-0.001,-0.000,0.001,-0.000,0.907,-0.370,6.926,111.691,-114.974
0.001,-0.000,-0.001,-0.000,0.907,-0.370,6.946,111.680,-115.013
-0.000,-0.001,0.001,0.000,0.908,-0.370,6.992,111.657,-115.166
-0.001,0.001,0.001,-0.001,0.907,-0.371,7.022,111.655,-115.167
-0.000,-0.000,0.000,-0.001,0.907,-0.371,7.057,111.655,-115.177
-0.003,0.001,0.001,-0.000,0.907,-0.371,7.108,111.652,-115.238
0.002,-0.000,-0.001,0.000,0.907,-0.371,7.162,111.650,-115.287
0.001,0.001,-0.001,0.000,0.907,-0.371,7.240,111.639,-115.389
0.001,-0.000,0.000,-0.000,0.907,-0.371,7.228,111.644,-115.415
-0.000,0.001,0.000,0.000,0.907,-0.370,7.176,111.653,-115.364
0.001,-0.001,0.000,-0.000,0.908,-0.370,7.231,111.634,-115.480
-0.000,-0.001,0.000,-0.000,0.908,-0.370,7.242,111.625,-115.571
-0.001,-0.000,0.001,-0.000,0.907,-0.370,7.235,111.622,-115.635
-0.000,-0.000,0.001,-0.000,0.907,-0.371,7.191,111.636,-115.607
-0.000,-0.000,0.000,-0.000,0.907,-0.371,7.210,111.641,-115.624
-0.000,-0.000,0.000,-0.000,0.907,-0.370,7.191,111.650,-115.559
-0.000,-0.001,0.001,-0.000,0.907,-0.370,7.144,111.663,-115.487
-0.001,-0.001,0.000,-0.000,0.908,-0.371,7.112,111.670,-115.431
-0.001,-0.001,0.000,0.000,0.907,-0.370,7.050,111.686,-115.305
-0.001,0.001,0.000,-0.001,0.908,-0.370,7.033,111.687,-115.276
0.001,0.001,0.000,-0.001,0.908,-0.370,7.039,111.684,-115.275
-0.000,-0.001,0.000,-0.000,0.908,-0.370,7.050,111.677,-115.309
-0.000,0.001,-0.001,-0.000,0.907,-0.371,7.022,111.690,-115.218
-0.001,-0.000,0.000,-0.000,0.907,-0.371,7.022,111.697,-115.186
-0.000,-0.000,0.000,-0.001,0.907,-0.370,7.038,111.694,-115.163
0.001,-0.000,0.001,0.000,0.907,-0.370,7.080,111.682,-115.216
-0.000,-0.000,0.000,0.000,0.907,-0.370,7.062,111.679,-115.246
-0.001,-0.000,0.000,-0.001,0.907,-0.370,7.167,111.653,-115.368
-0.001,-0.001,0.000,-0.000,0.908,-0.370,7.127,111.657,-115.311
-0.000,-0.001,0.000,-0.001,0.907,-0.370,7.097,111.659,-115.290
-0.001,-0.000,0.000,-0.001,0.907,-0.370,7.147,111.649,-115.279
-0.000,-0.000,0.000,-0.000,0.907,-0.370,7.171,111.647,-115.268
-0.001,-0.001,0.000,0.000,0.908,-0.370,7.166,111.644,-115.289
0.001,-0.001,0.001,0.000,0.908,-0.370,7.167,111.637,-115.349
-0.001,-0.000,0.000,-0.000,0.907,-0.371,7.221,111.632,-115.412
-0.000,0.001,0.000,-0.000,0.907,-0.370,7.240,111.627,-115.482
-0.003,0.001,0.001,-0.000,0.907,-0.370,7.234,111.626,-115.522
-0.000,-0.000,0.000,0.000,0.907,-0.371,7.226,111.638,-115.485
-0.000,-0.000,0.000,-0.000,0.907,-0.370,7.255,111.624,-115.620
-0.003,-0.000,0.000,-0.000,0.908,-0.369,7.241,111.619,-115.669
-0.000,-0.000,0.000,-0.000,0.908,-0.369,7.264,111.610,-115.664
-0.003,0.001,-0.001,-0.000,0.907,-0.370,7.210,111.620,-115.598
0.002,-0.000,-0.001,0.000,0.907,-0.370,7.126,111.643,-115.462
-0.001,-0.000,-0.001,0.000,0.907,-0.370,7.038,111.665,-115.347
-0.000,0.002,-0.001,-0.001,0.907,-0.370,6.982,111.679,-115.262
0.001,-0.001,0.003,-0.001,0.907,-0.370,7.009,111.676,-115.246
-0.000,-0.000,-0.001,-0.001,0.907,-0.370,7.106,111.658,-115.332
0.001,-0.001,0.000,-0.000,0.907,-0.370,7.138,111.651,-115.373
0.001,-0.001,-0.001,0.000,0.907,-0.370,7.125,111.655,-115.348
-0.000,0.001,0.000,0.000,0.907,-0.370,7.086,111.661,-115.332
-0.000,-0.000,0.000,-0.000,0.907,-0.371,7.122,111.658,-115.354
-0.000,-0.000,0.000,-0.000,0.907,-0.370,7.099,111.663,-115.362
0.002,-0.000,-0.001,-0.000,0.907,-0.370,7.059,111.673,-115.311
-0.001,-0.001,-0.001,0.000,0.907,-0.370,7.038,111.679,-115.257
0.001,0.001,0.000,-0.000,0.907,-0.370,7.021,111.682,-115.239
0.001,-0.001,0.000,-0.000,0.907,-0.370,6.993,111.688,-115.227
-0.000,-0.000,0.000,-0.000,0.908,-0.371,6.952,111.702,-115.120
-0.000,-0.001,0.000,0.000,0.908,-0.370,6.962,111.695,-115.113
-0.000,-0.001,0.000,-0.000,0.908,-0.370,7.013,111.678,-115.173
0.001,-0.000,0.000,-0.000,0.908,-0.370,7.078,111.658,-115.270
-0.003,0.001,0.000,-0.001,0.907,-0.370,7.123,111.644,-115.368
-0.000,-0.001,-0.001,-0.001,0.907,-0.370,7.152,111.640,-115.398
-0.001,0.001,0.000,-0.001,0.907,-0.370,7.143,111.646,-115.375
0.001,0.001,0.001,0.000,0.907,-0.370,7.061,111.668,-115.236
-0.001,-0.001,0.000,0.000,0.908,-0.370,7.022,111.671,-115.204
-0.001,-0.001,-0.001,-0.000,0.907,-0.370,7.061,111.656,-115.254
-0.000,-0.000,0.000,-0.000,0.907,-0.370,7.140,111.642,-115.316
-0.001,-0.000,0.000,-0.000,0.907,-0.370,7.234,111.619,-115.442
-0.000,-0.000,0.000,-0.000,0.907,-0.370,7.285,111.612,-115.467
0.001,-0.001,-0.001,-0.000,0.907,-0.370,7.165,111.637,-115.379
-0.003,-0.001,0.000,-0.000,0.907,-0.370,7.166,111.642,-115.349
-0.000,-0.000,0.000,-0.000,0.907,-0.370,7.124,111.659,-115.251
-0.000,-0.001,0.000,-0.001,0.908,-0.370,7.067,111.675,-115.118
-0.001,-0.000,-0.001,-0.001,0.908,-0.370,7.056,111.673,-115.093
-0.000,-0.003,0.000,-0.001,0.908,-0.370,7.144,111.643,-115.228
0.001,0.001,0.001,-0.000,0.907,-0.370,7.118,111.653,-115.192
-0.001,-0.000,0.001,-0.000,0.908,-0.370,7.147,111.645,-115.205
0.001,-0.000,-0.001,-0.000,0.907,-0.370,7.117,111.651,-115.171
-0.000,-0.001,0.000,-0.000,0.907,-0.370,7.084,111.650,-115.208
-0.000,-0.000,0.000,-0.001,0.907,-0.370,7.081,111.647,-115.275
-0.000,0.001,0.000,-0.000,0.907,-0.371,7.076,111.646,-115.331
0.001,-0.000,0.001,-0.000,0.907,-0.371,7.113,111.645,-115.354
-0.001,-0.000,0.000,-0.000,0.908,-0.370,7.158,111.639,-115.376
-0.001,-0.000,0.000,-0.000,0.908,-0.370,7.112,111.650,-115.327
-0.000,-0.000,-0.001,-0.001,0.908,-0.370,7.162,111.641,-115.360
-0.001,-0.001,0.000,-0.001,0.908,-0.370,7.193,111.632,-115.423
-0.003,0.001,0.000,-0.001,0.908,-0.371,7.218,111.627,-115.509
-0.000,-0.000,0.000,-0.000,0.907,-0.371,7.213,111.632,-115.545
-0.001,0.002,0.000,-0.000,0.907,-0.371,7.163,111.656,-115.417
-0.000,-0.001,0.000,0.000,0.908,-0.370,7.165,111.650,-115.434
-0.001,0.001,-0.001,0.001,0.907,-0.370,7.068,111.670,-115.330
-0.000,-0.001,0.001,0.001,0.907,-0.370,6.983,111.686,-115.245
-0.000,-0.001,0.000,-0.001,0.907,-0.370,6.939,111.697,-115.206
-0.004,-0.001,-0.001,-0.000,0.907,-0.370,7.000,111.681,-115.265
-0.000,-0.001,0.000,0.000,0.907,-0.370,7.013,111.677,-115.263
0.001,-0.001,0.000,0.000,0.907,-0.370,7.014,111.679,-115.239
0.001,-0.000,0.000,0.000,0.907,-0.370,6.962,111.692,-115.138
-0.003,-0.000,0.000,0.000,0.907,-0.370,7.024,111.677,-115.180
-0.000,-0.000,0.000,-0.000,0.907,-0.370,7.034,111.671,-115.200
0.001,-0.001,0.000,-0.000,0.908,-0.370,7.046,111.668,-115.180
-0.003,0.001,0.001,-0.000,0.908,-0.370,7.050,111.666,-115.154
-0.000,-0.001,0.001,-0.001,0.907,-0.370,7.067,111.662,-115.212
0.001,-0.001,0.000,-0.001,0.907,-0.370,7.182,111.639,-115.316
-0.000,0.001,0.000,-0.000,0.907,-0.370,7.276,111.616,-115.449
-0.000,-0.001,-0.001,-0.000,0.907,-0.370,7.237,111.629,-115.366
0.001,-0.000,0.000,0.000,0.906,-0.370,7.260,111.627,-115.419
-0.001,0.001,0.001,-0.001,0.907,-0.371,7.297,111.621,-115.503
-0.001,-0.000,0.000,-0.001,0.907,-0.371,7.332,111.620,-115.532
0.001,-0.001,0.000,-0.001,0.907,-0.370,7.316,111.623,-115.490
0.001,-0.000,0.001,-0.000,0.907,-0.371,7.286,111.631,-115.446
0.001,-0.001,-0.001,-0.000,0.907,-0.371,7.296,111.632,-115.458
-0.001,-0.000,0.000,-0.000,0.907,-0.370,7.298,111.628,-115.449
-0.003,-0.001,0.000,-0.000,0.907,-0.371,7.339,111.625,-115.439
-0.000,-0.001,-0.001,-0.000,0.907,-0.371,7.335,111.624,-115.504
-0.000,-0.001,0.000,-0.000,0.907,-0.371,7.328,111.623,-115.558
-0.001,-0.001,0.000,-0.001,0.907,-0.370,7.253,111.639,-115.476
0.001,-0.001,0.000,-0.001,0.907,-0.370,7.249,111.646,-115.385
-0.001,-0.000,0.001,-0.001,0.907,-0.370,7.274,111.636,-115.470
-0.000,-0.000,0.000,-0.001,0.907,-0.371,7.263,111.636,-115.578
-0.000,-0.000,0.001,0.000,0.907,-0.370,7.206,111.647,-115.588
-0.001,0.001,0.000,0.000,0.907,-0.370,7.258,111.630,-115.702
0.001,0.001,-0.001,-0.001,0.907,-0.370,7.203,111.649,-115.586
-0.000,-0.000,0.001,-0.000,0.908,-0.371,7.176,111.659,-115.506
-0.001,-0.001,0.000,-0.000,0.907,-0.371,7.161,111.667,-115.434
-0.000,-0.003,-0.001,-0.000,0.907,-0.371,7.154,111.669,-115.422
-0.000,-0.001,0.000,-0.000,0.906,-0.370,7.117,111.674,-115.407
-0.000,-0.001,-0.001,-0.000,0.906,-0.370,7.095,111.673,-115.454
-0.000,-0.000,-0.001,-0.000,0.907,-0.370,7.116,111.660,-115.534
-0.001,-0.000,0.000,0.000,0.907,-0.370,7.090,111.666,-115.492
-0.000,-0.000,-0.001,0.000,0.907,-0.370,7.111,111.661,-115.545
-0.000,-0.000,0.000,-0.000,0.907,-0.370,7.179,111.645,-115.597
-0.000,-0.000,0.000,-0.001,0.907,-0.370,7.237,111.632,-115.584
0.001,-0.001,0.000,0.000,0.907,-0.370,7.238,111.627,-115.607
-0.000,0.001,0.000,0.000,0.907,-0.370,7.221,111.630,-115.596
-0.003,-0.000,0.000,-0.001,0.907,-0.370,7.205,111.628,-115.615
-0.001,-0.001,-0.001,-0.000,0.907,-0.370,7.245,111.616,-115.704
-0.001,-0.000,0.001,-0.000,0.907,-0.370,7.229,111.621,-115.714
-0.001,0.001,0.000,-0.000,0.907,-0.370,7.232,111.618,-115.730
-0.003,-0.000,0.001,-0.000,0.908,-0.371,7.268,111.613,-115.769
0.001,-0.000,-0.001,-0.000,0.908,-0.371,7.327,111.607,-115.782
0.001,0.001,0.001,-0.001,0.907,-0.371,7.295,111.628,-115.707
-0.000,0.001,-0.002,-0.001,0.907,-0.370,7.229,111.645,-115.635
-0.000,-0.000,-0.002,-0.000,0.908,-0.370,7.182,111.657,-115.525
-0.001,-0.000,-0.001,-0.000,0.908,-0.370,7.163,111.657,-115.461
-0.000,0.001,-0.001,-0.001,0.907,-0.370,7.191,111.651,-115.447
-0.000,-0.000,-0.001,-0.000,0.907,-0.370,7.153,111.657,-115.414
-0.000,-0.001,0.000,-0.000,0.907,-0.370,7.129,111.660,-115.385
-0.003,-0.000,0.000,0.000,0.907,-0.370,7.110,111.659,-115.399
0.001,-0.000,-0.001,0.000,0.907,-0.370,7.165,111.643,-115.473
0.001,-0.000,0.000,0.000,0.907,-0.370,7.174,111.638,-115.497
-0.001,-0.001,0.000,-0.001,0.908,-0.369,7.131,111.637,-115.428
-0.000,-0.000,0.000,-0.000,0.908,-0.370,7.066,111.637,-115.486
-0.001,-0.000,0.000,-0.000,0.908,-0.370,7.044,111.635,-115.517
-0.001,-0.000,0.000,0.000,0.908,-0.370,7.055,111.639,-115.483
0.001,-0.001,0.000,-0.001,0.907,-0.371,7.028,111.662,-115.338
-0.001,-0.000,-0.002,-0.001,0.907,-0.371,7.051,111.670,-115.305
-0.000,-0.000,0.000,-0.000,0.908,-0.370,7.035,111.674,-115.276
-0.000,0.001,0.000,-0.000,0.907,-0.371,7.073,111.671,-115.269
-0.000,-0.000,0.000,-0.000,0.907,-0.371,7.121,111.666,-115.289
0.002,-0.000,0.000,-0.000,0.908,-0.371,7.150,111.659,-115.330
-0.000,-0.000,-0.001,-0.001,0.908,-0.370,7.165,111.652,-115.330
-0.000,-0.000,0.000,-0.000,0.907,-0.370,7.225,111.633,-115.436
-0.000,-0.001,0.000,-0.000,0.907,-0.370,7.266,111.626,-115.467
-0.000,-0.000,-0.001,0.000,0.907,-0.370,7.273,111.620,-115.490
0.001,-0.001,-0.001,0.000,0.907,-0.370,7.263,111.614,-115.596
-0.001,0.001,0.000,0.000,0.907,-0.370,7.223,111.626,-115.555
-0.000,-0.000,-0.001,-0.000,0.907,-0.370,7.166,111.641,-115.501
-0.000,-0.000,0.000,-0.000,0.907,-0.370,7.181,111.635,-115.575
-0.001,0.001,0.000,-0.000,0.907,-0.370,7.139,111.648,-115.512
-0.001,-0.000,-0.001,-0.001,0.908,-0.370,7.177,111.644,-115.475
0.002,-0.001,-0.001,-0.001,0.907,-0.370,7.203,111.641,-115.455
0.001,-0.000,0.000,-0.000,0.907,-0.370,7.237,111.633,-115.484
-0.001,-0.001,0.001,-0.000,0.907,-0.370,7.203,111.640,-115.448
0.001,0.001,-0.001,-0.000,0.907,-0.370,7.186,111.645,-115.451
-0.000,-0.000,0.000,-0.000,0.907,-0.371,7.184,111.648,-115.469
-0.003,-0.000,0.000,-0.000,0.907,-0.371,7.130,111.665,-115.401
-0.001,-0.001,0.001,-0.000,0.907,-0.370,7.142,111.660,-115.459
-0.001,0.001,-0.001,-0.001,0.908,-0.370,7.153,111.657,-115.455
-0.001,-0.000,0.000,-0.001,0.907,-0.370,7.180,111.650,-115.458
-0.000,-0.003,0.000,-0.001,0.907,-0.370,7.156,111.657,-115.419
-0.000,0.001,0.000,-0.000,0.907,-0.370,7.169,111.654,-115.408
-0.000,-0.000,0.001,-0.000,0.907,-0.370,7.193,111.643,-115.438
-0.001,0.001,0.001,-0.000,0.908,-0.370,7.256,111.620,-115.559
-0.001,-0.001,0.000,-0.000,0.907,-0.370,7.315,111.602,-115.652
-0.001,-0.000,0.000,-0.000,0.907,-0.370,7.303,111.603,-115.654
-0.001,-0.000,0.000,-0.000,0.907,-0.371,7.289,111.615,-115.629
-0.000,-0.000,0.000,-0.001,0.907,-0.370,7.233,111.631,-115.582
-0.000,-0.000,0.000,-0.001,0.907,-0.370,7.232,111.628,-115.593
0.001,-0.001,0.000,-0.001,0.907,-0.370,7.205,111.633,-115.562
-0.000,-0.000,-0.001,0.000,0.907,-0.371,7.203,111.638,-115.548
-0.001,-0.000,0.000,-0.001,0.907,-0.370,7.148,111.650,-115.516
-0.001,-0.000,0.001,-0.001,0.907,-0.370,7.109,111.655,-115.513
-0.000,-0.000,-0.001,0.000,0.907,-0.370,7.158,111.645,-115.523
-0.000,-0.001,0.000,-0.001,0.907,-0.370,7.185,111.638,-115.569
-0.000,-0.000,-0.001,-0.001,0.907,-0.370,7.136,111.646,-115.572
0.001,-0.000,0.000,-0.000,0.907,-0.370,7.164,111.641,-115.606
0.001,0.001,-0.001,-0.001,0.907,-0.371,7.161,111.643,-115.641
-0.000,-0.000,0.000,-0.001,0.907,-0.370,7.060,111.668,-115.554
-0.000,-0.000,0.000,-0.001,0.907,-0.370,7.122,111.652,-115.627
-0.001,-0.000,-0.001,-0.000,0.907,-0.370,7.145,111.653,-115.567
-0.000,0.001,-0.001,-0.000,0.907,-0.371,7.157,111.659,-115.489
-0.003,-0.000,0.000,-0.000,0.907,-0.371,7.172,111.662,-115.453
0.001,-0.001,-0.001,-0.001,0.908,-0.371,7.112,111.670,-115.464
-0.001,-0.000,0.001,0.000,0.907,-0.370,7.234,111.643,-115.553
0.001,0.001,-0.001,0.000,0.907,-0.370,7.253,111.636,-115.593
0.001,-0.000,0.000,-0.000,0.907,-0.370,7.206,111.641,-115.611
0.001,-0.000,0.000,-0.000,0.907,-0.371,7.093,111.669,-115.525
-0.000,0.001,0.001,-0.000,0.907,-0.371,7.001,111.697,-115.371
-0.001,-0.000,0.001,-0.000,0.907,-0.371,7.004,111.700,-115.304
0.001,-0.001,0.000,-0.000,0.907,-0.370,7.066,111.682,-115.410
-0.000,-0.000,0.000,-0.000,0.907,-0.370,7.021,111.697,-115.300
-0.000,-0.000,-0.001,-0.000,0.908,-0.370,6.986,111.700,-115.214
-0.000,-0.000,0.000,-0.000,0.907,-0.370,7.025,111.687,-115.223
0.001,-0.000,0.000,-0.000,0.907,-0.370,7.079,111.673,-115.234
0.001,-0.001,-0.001,-0.000,0.908,-0.370,7.121,111.668,-115.198
0.001,-0.001,-0.001,-0.000,0.907,-0.371,7.204,111.659,-115.170
-0.000,0.001,0.000,-0.001,0.907,-0.370,7.206,111.656,-115.191
-0.000,-0.001,-0.001,-0.001,0.907,-0.370,7.185,111.658,-115.146
-0.001,-0.000,-0.001,-0.000,0.907,-0.370,7.094,111.673,-115.082
-0.000,-0.000,0.000,-0.000,0.907,-0.370,7.060,111.680,-115.018
-0.001,-0.000,0.000,-0.000,0.907,-0.370,7.060,111.676,-115.027
0.002,-0.000,-0.001,-0.000,0.907,-0.370,7.070,111.672,-115.049
-0.000,-0.000,0.000,-0.000,0.907,-0.371,7.095,111.666,-115.116
-0.004,-0.000,-0.001,-0.000,0.907,-0.371,7.140,111.659,-115.200
-0.000,-0.000,-0.001,-0.000,0.908,-0.371,7.191,111.648,-115.270
-0.001,-0.001,0.001,-0.000,0.908,-0.370,7.152,111.646,-115.277
-0.000,0.001,-0.001,-0.001,0.907,-0.370,7.113,111.645,-115.292
0.001,0.001,0.000,-0.001,0.907,-0.370,7.133,111.632,-115.388
-0.000,-0.001,0.000,-0.000,0.907,-0.370,7.163,111.628,-115.461
-0.000,0.001,0.001,0.000,0.907,-0.370,7.223,111.621,-115.504
-0.000,-0.000,0.000,0.000,0.907,-0.370,7.187,111.630,-115.507
-0.003,0.001,0.000,-0.001,0.907,-0.370,7.177,111.633,-115.468
0.001,-0.000,-0.002,-0.000,0.907,-0.370,7.146,111.643,-115.403
-0.001,0.001,0.000,-0.000,0.907,-0.370,7.160,111.644,-115.381
-0.001,-0.000,0.000,-0.001,0.907,-0.370,7.262,111.630,-115.443
0.001,0.001,-0.001,-0.000,0.907,-0.370,7.287,111.627,-115.446
0.001,-0.000,0.000,-0.000,0.907,-0.370,7.271,111.627,-115.457
-0.000,-0.000,0.000,-0.001,0.906,-0.370,7.236,111.634,-115.492
0.001,-0.000,0.000,-0.000,0.907,-0.371,7.156,111.656,-115.415
-0.003,-0.000,-0.001,-0.000,0.907,-0.371,7.100,111.670,-115.388
-0.001,-0.000,0.000,-0.001,0.907,-0.370,7.100,111.670,-115.380
-0.000,-0.000,0.000,-0.000,0.907,-0.370,7.058,111.676,-115.346
-0.001,-0.000,0.000,-0.000,0.907,-0.370,6.961,111.695,-115.198
0.002,-0.001,0.000,-0.001,0.907,-0.370,6.978,111.692,-115.217
0.001,-0.000,-0.001,0.000,0.907,-0.370,6.961,111.694,-115.187
-0.000,-0.000,-0.001,0.000,0.907,-0.370,7.012,111.675,-115.296
-0.001,-0.001,0.000,0.000,0.907,-0.370,7.091,111.655,-115.367
-0.001,-0.000,-0.001,-0.000,0.907,-0.371,7.121,111.651,-115.411
-0.000,-0.001,0.001,-0.000,0.908,-0.370,7.109,111.652,-115.423
-0.000,-0.000,0.000,-0.000,0.908,-0.370,7.083,111.665,-115.277
-0.001,-0.001,0.000,0.000,0.908,-0.370,7.062,111.676,-115.135
-0.001,-0.000,0.000,-0.000,0.907,-0.370,7.003,111.685,-115.079
-0.001,-0.000,0.000,-0.000,0.907,-0.370,6.976,111.688,-115.059
-0.001,-0.000,0.000,0.000,0.907,-0.370,7.029,111.669,-115.135
-0.000,0.001,0.000,0.000,0.907,-0.370,7.068,111.660,-115.218
-0.000,-0.001,0.000,-0.000,0.907,-0.370,7.102,111.652,-115.305
-0.000,-0.000,0.000,-0.000,0.907,-0.370,7.113,111.650,-115.345
0.001,-0.000,-0.001,-0.000,0.908,-0.370,7.056,111.658,-115.281
-0.000,0.001,0.000,-0.001,0.907,-0.369,7.068,111.650,-115.282
-0.000,-0.000,0.001,-0.001,0.907,-0.369,7.070,111.642,-115.292
0.002,-0.000,0.000,-0.001,0.907,-0.370,7.049,111.645,-115.268
-0.001,-0.000,0.000,0.000,0.907,-0.370,7.078,111.638,-115.278
0.001,-0.001,0.000,0.000,0.907,-0.370,7.064,111.641,-115.267
-0.000,-0.001,0.001,0.000,0.907,-0.370,7.141,111.617,-115.437
-0.000,-0.001,-0.001,-0.000,0.907,-0.370,7.098,111.632,-115.355
0.001,0.001,0.000,-0.000,0.907,-0.370,7.038,111.659,-115.195
-0.003,-0.000,0.000,-0.001,0.908,-0.370,6.993,111.671,-115.079
-0.000,-0.000,-0.001,0.000,0.908,-0.370,6.953,111.679,-115.007
-0.000,0.001,-0.001,0.000,0.908,-0.370,6.969,111.673,-115.026
-0.001,-0.001,0.000,-0.000,0.907,-0.370,7.073,111.655,-115.118
0.001,0.001,0.000,0.000,0.907,-0.370,7.139,111.640,-115.217
-0.001,-0.000,-0.001,0.000,0.907,-0.370,7.208,111.623,-115.338
-0.000,0.001,0.000,-0.000,0.907,-0.371,7.241,111.626,-115.366
0.001,-0.000,-0.001,-0.000,0.907,-0.369,7.140,111.641,-115.298
-0.001,-0.000,0.000,-0.001,0.908,-0.370,7.073,111.653,-115.235
-0.000,-0.000,0.001,-0.001,0.908,-0.370,7.043,111.655,-115.252
0.001,-0.001,0.000,-0.000,0.907,-0.370,7.036,111.656,-115.272
-0.001,-0.000,0.000,-0.000,0.907,-0.370,7.001,111.661,-115.286
0.002,-0.001,0.001,-0.000,0.907,-0.370,6.976,111.667,-115.258
-0.000,0.001,-0.001,0.000,0.907,-0.370,6.950,111.672,-115.187
-0.001,-0.000,0.000,-0.000,0.907,-0.371,6.955,111.673,-115.182
0.001,0.001,-0.001,-0.000,0.907,-0.371,7.009,111.668,-115.237
-0.000,-0.000,0.000,0.000,0.907,-0.370,7.080,111.651,-115.366
-0.003,-0.000,0.000,-0.001,0.907,-0.370,7.082,111.642,-115.426
-0.000,0.001,0.000,-0.000,0.907,-0.370,7.099,111.640,-115.414
-0.003,0.001,0.000,-0.000,0.907,-0.370,7.074,111.651,-115.322
-0.000,-0.000,0.000,-0.000,0.907,-0.370,7.064,111.660,-115.279
0.002,-0.003,0.000,-0.001,0.907,-0.371,7.061,111.663,-115.287
-0.000,-0.001,-0.001,-0.001,0.907,-0.371,7.085,111.659,-115.334
0.002,-0.001,0.000,-0.000,0.907,-0.370,7.051,111.675,-115.185
0.001,0.001,-0.001,-0.000,0.907,-0.370,7.065,111.672,-115.169
-0.001,-0.000,0.001,-0.001,0.907,-0.370,7.163,111.659,-115.127
-0.000,-0.001,-0.001,-0.001,0.908,-0.371,7.162,111.661,-115.116
-0.001,-0.000,-0.001,-0.001,0.907,-0.370,7.221,111.647,-115.210
-0.003,0.001,-0.001,-0.001,0.907,-0.370,7.232,111.641,-115.270
-0.001,-0.000,-0.001,-0.000,0.908,-0.371,7.165,111.652,-115.273
-0.003,-0.000,0.000,-0.000,0.906,-0.370,7.132,111.656,-115.274
0.001,-0.000,-0.001,-0.000,0.906,-0.370,7.107,111.658,-115.289
0.001,-0.003,0.000,-0.000,0.907,-0.370,7.176,111.632,-115.453
-0.000,0.001,0.001,-0.001,0.907,-0.370,7.191,111.625,-115.523
-0.000,-0.000,-0.001,-0.001,0.907,-0.370,7.219,111.623,-115.545
-0.001,-0.000,0.000,-0.001,0.907,-0.370,7.200,111.625,-115.529
-0.001,-0.000,-0.001,-0.000,0.908,-0.370,7.154,111.633,-115.455
-0.001,-0.000,-0.001,-0.000,0.907,-0.370,7.108,111.642,-115.391
0.001,0.001,0.001,-0.000,0.907,-0.370,7.140,111.637,-115.424
0.001,-0.001,0.000,0.000,0.906,-0.371,7.150,111.641,-115.462
-0.000,0.001,0.000,-0.000,0.907,-0.370,7.107,111.659,-115.363
-0.000,0.001,0.000,-0.000,0.907,-0.370,7.052,111.673,-115.291
0.001,-0.001,0.000,-0.000,0.907,-0.370,7.042,111.673,-115.288
-0.003,-0.000,0.001,-0.000,0.908,-0.370,7.040,111.669,-115.301
-0.000,-0.001,0.000,-0.000,0.908,-0.370,7.089,111.645,-115.459
0.001,-0.000,0.000,-0.000,0.908,-0.370,7.122,111.637,-115.542
-0.001,-0.000,0.000,0.000,0.907,-0.370,7.178,111.623,-115.583
-0.000,-0.000,0.001,-0.000,0.907,-0.370,7.100,111.642,-115.505
0.001,-0.000,0.000,-0.000,0.907,-0.370,7.047,111.658,-115.434
-0.001,0.001,0.001,-0.000,0.907,-0.370,7.050,111.657,-115.448
-0.000,-0.000,0.000,-0.001,0.907,-0.371,7.080,111.653,-115.492
0.001,-0.000,0.001,-0.001,0.907,-0.371,7.112,111.651,-115.513
-0.000,-0.000,0.000,0.000,0.907,-0.370,7.172,111.638,-115.560
-0.000,-0.000,0.000,0.000,0.907,-0.370,7.186,111.632,-115.559
-0.000,-0.001,-0.001,0.000,0.907,-0.371,7.218,111.631,-115.591
-0.003,-0.000,0.000,0.000,0.907,-0.370,7.157,111.641,-115.601
0.001,-0.000,0.000,-0.000,0.907,-0.370,7.113,111.646,-115.603
-0.000,-0.000,0.000,-0.000,0.907,-0.370,7.028,111.658,-115.537
0.001,-0.001,-0.001,-0.000,0.907,-0.370,7.101,111.645,-115.596
-0.001,-0.000,-0.001,-0.001,0.908,-0.370,7.197,111.632,-115.610
-0.003,-0.000,0.001,-0.001,0.908,-0.370,7.227,111.628,-115.626
-0.000,-0.001,-0.001,-0.001,0.907,-0.370,7.300,111.615,-115.691
-0.001,-0.000,-0.001,-0.000,0.908,-0.370,7.340,111.608,-115.715
-0.001,-0.000,0.001,-0.000,0.908,-0.370,7.233,111.627,-115.633
0.001,-0.000,0.001,-0.000,0.908,-0.370,7.192,111.629,-115.643
-0.000,-0.000,0.000,-0.000,0.907,-0.370,7.100,111.640,-115.641
-0.003,0.002,-0.001,0.000,0.907,-0.371,7.108,111.642,-115.626
-0.000,-0.000,0.000,0.000,0.907,-0.371,7.017,111.668,-115.516
-0.000,-0.001,0.000,-0.000,0.907,-0.371,6.982,111.682,-115.435
-0.003,-0.000,-0.001,-0.000,0.907,-0.371,6.966,111.689,-115.398
-0.000,-0.000,-0.001,-0.000,0.907,-0.371,6.970,111.691,-115.396
-0.001,-0.000,0.000,-0.000,0.907,-0.370,6.984,111.678,-115.467
0.001,-0.000,0.000,-0.001,0.908,-0.370,6.980,111.678,-115.415
-0.000,-0.003,-0.002,-0.000,0.907,-0.370,6.985,111.680,-115.349
-0.001,-0.001,0.003,-0.000,0.907,-0.370,6.965,111.692,-115.255
0.001,-0.001,0.001,-0.000,0.907,-0.370,6.917,111.703,-115.152
-0.001,-0.001,0.000,0.000,0.907,-0.370,6.901,111.706,-115.108
-0.003,-0.001,0.001,0.000,0.907,-0.370,6.902,111.705,-115.122
-0.000,-0.000,0.000,-0.000,0.907,-0.371,6.946,111.698,-115.162
-0.000,-0.000,0.000,-0.000,0.907,-0.371,6.900,111.709,-115.129
0.001,-0.000,0.000,-0.000,0.907,-0.371,6.878,111.714,-115.122
-0.003,-0.001,0.000,-0.000,0.908,-0.370,6.875,111.713,-115.098
-0.001,-0.001,0.000,-0.000,0.908,-0.371,7.010,111.680,-115.227
-0.000,0.001,0.000,-0.000,0.908,-0.371,7.102,111.662,-115.332
0.002,-0.000,-0.002,-0.000,0.907,-0.371,7.072,111.669,-115.342
-0.001,-0.000,0.000,-0.000,0.907,-0.370,7.122,111.658,-115.411
0.002,-0.001,0.000,-0.000,0.907,-0.370,7.107,111.661,-115.401
0.001,-0.000,0.000,0.000,0.908,-0.370,7.100,111.661,-115.403
0.001,-0.000,0.000,-0.001,0.907,-0.370,7.142,111.649,-115.454
-0.000,-0.001,0.000,-0.001,0.907,-0.370,7.199,111.636,-115.489
-0.001,-0.000,0.000,-0.001,0.908,-0.370,7.200,111.639,-115.453
-0.000,0.002,0.000,-0.000,0.907,-0.371,7.224,111.629,-115.590
-0.000,-0.000,-0.001,-0.000,0.907,-0.371,7.270,111.623,-115.647
-0.001,-0.001,0.000,-0.000,0.907,-0.371,7.334,111.619,-115.676
-0.000,0.001,-0.001,-0.000,0.907,-0.370,7.249,111.633,-115.594
-0.000,0.001,-0.001,0.000,0.907,-0.370,7.224,111.631,-115.595
-0.000,-0.001,0.001,0.000,0.907,-0.370,7.200,111.632,-115.564
-0.000,-0.000,0.000,-0.000,0.907,-0.370,7.148,111.645,-115.494
-0.003,0.001,0.001,0.000,0.907,-0.370,7.170,111.643,-115.440
0.001,-0.001,0.000,0.000,0.907,-0.370,7.115,111.661,-115.277
-0.000,0.001,0.000,-0.000,0.907,-0.371,7.087,111.670,-115.231
-0.000,-0.000,-0.001,0.000,0.907,-0.371,7.056,111.678,-115.212
-0.000,-0.000,0.000,-0.000,0.907,-0.370,7.070,111.672,-115.244
-0.000,-0.001,0.000,-0.000,0.907,-0.370,7.095,111.665,-115.271
-0.001,0.002,0.000,-0.001,0.907,-0.370,7.143,111.652,-115.333
-0.000,-0.003,-0.001,-0.001,0.907,-0.370,7.106,111.661,-115.302
-0.003,-0.000,0.000,-0.001,0.907,-0.370,7.072,111.670,-115.277
-0.003,-0.001,0.000,-0.001,0.907,-0.371,7.080,111.670,-115.294
-0.000,-0.000,0.000,-0.001,0.907,-0.371,7.077,111.673,-115.291
-0.001,-0.000,0.000,-0.000,0.907,-0.370,7.068,111.671,-115.292
0.001,-0.000,0.000,0.000,0.907,-0.370,7.122,111.651,-115.394
0.001,-0.001,-0.001,-0.000,0.907,-0.371,7.120,111.649,-115.476
-0.001,-0.000,-0.001,-0.000,0.907,-0.371,7.118,111.653,-115.515
-0.000,0.001,-0.001,-0.000,0.907,-0.370,7.115,111.644,-115.601
-0.000,-0.001,0.001,-0.001,0.908,-0.370,7.108,111.645,-115.573
-0.003,-0.001,0.000,-0.001,0.908,-0.370,7.085,111.652,-115.509
0.001,-0.001,0.000,-0.000,0.908,-0.370,7.046,111.665,-115.419
-0.000,0.001,0.000,-0.000,0.907,-0.370,7.076,111.661,-115.402
0.001,-0.000,0.000,-0.000,0.907,-0.370,7.075,111.662,-115.368
0.001,-0.000,-0.001,-0.001,0.908,-0.370,7.167,111.637,-115.499
-0.000,-0.001,0.001,-0.001,0.907,-0.370,7.192,111.628,-115.554
-0.000,-0.000,0.000,-0.001,0.907,-0.371,7.278,111.621,-115.551
-0.001,-0.000,0.000,-0.001,0.907,-0.371,7.268,111.633,-115.549
-0.003,-0.000,0.001,-0.000,0.907,-0.369,7.256,111.625,-115.562
-0.000,0.001,0.000,0.000,0.907,-0.370,7.238,111.619,-115.614
-0.001,-0.003,0.000,0.000,0.907,-0.370,7.297,111.603,-115.685
-0.001,-0.000,0.000,-0.000,0.907,-0.370,7.247,111.615,-115.647
-0.000,-0.001,0.001,-0.000,0.907,-0.370,7.207,111.625,-115.588
-0.000,-0.000,0.001,-0.000,0.907,-0.370,7.196,111.625,-115.582
-0.000,-0.000,0.001,-0.001,0.907,-0.370,7.171,111.637,-115.530
-0.001,0.001,0.000,-0.000,0.907,-0.370,7.130,111.652,-115.456
-0.000,0.001,0.000,-0.000,0.907,-0.371,7.095,111.665,-115.389
-0.001,-0.000,-0.001,-0.000,0.907,-0.371,7.139,111.653,-115.496
0.001,-0.000,-0.001,0.000,0.907,-0.370,7.169,111.648,-115.474
-0.003,-0.000,-0.001,0.000,0.907,-0.370,7.188,111.638,-115.523
0.001,-0.000,-0.001,-0.000,0.907,-0.370,7.209,111.631,-115.546
-0.000,-0.000,0.000,-0.000,0.907,-0.370,7.241,111.627,-115.550
-0.001,0.002,0.001,-0.000,0.907,-0.370,7.242,111.627,-115.577
-0.001,-0.001,0.000,-0.001,0.907,-0.370,7.228,111.628,-115.588
-0.001,-0.000,0.000,-0.000,0.907,-0.370,7.147,111.649,-115.472
0.001,0.001,0.001,-0.001,0.907,-0.370,7.170,111.647,-115.469
0.001,-0.000,-0.001,-0.001,0.907,-0.370,7.229,111.637,-115.523
-0.001,-0.000,0.000,-0.001,0.907,-0.370,7.235,111.637,-115.557
0.001,-0.000,0.000,-0.001,0.907,-0.370,7.215,111.639,-115.554
-0.000,-0.000,0.000,-0.001,0.907,-0.370,7.222,111.639,-115.488
-0.001,-0.000,-0.001,0.000,0.907,-0.370,7.187,111.639,-115.478
0.001,-0.000,-0.001,-0.000,0.907,-0.371,7.221,111.634,-115.496
-0.000,0.001,-0.001,-0.000,0.907,-0.371,7.185,111.650,-115.423
0.001,-0.000,0.000,-0.001,0.907,-0.370,7.123,111.657,-115.359
-0.000,0.001,0.001,-0.001,0.907,-0.370,7.089,111.663,-115.318
-0.000,-0.000,0.001,-0.001,0.907,-0.370,7.041,111.676,-115.243
0.001,-0.000,0.000,-0.001,0.907,-0.370,6.984,111.688,-115.192
-0.000,-0.001,0.001,-0.000,0.907,-0.370,6.986,111.686,-115.181
-0.000,-0.001,0.001,-0.001,0.906,-0.370,7.047,111.672,-115.231
0.001,-0.001,-0.001,-0.001,0.906,-0.370,7.027,111.679,-115.183
-0.001,0.001,0.000,-0.001,0.907,-0.370,7.005,111.688,-115.086
-0.000,-0.001,-0.001,-0.001,0.907,-0.370,7.020,111.684,-115.098
-0.001,-0.000,0.000,-0.001,0.907,-0.370,7.008,111.682,-115.138
-0.000,0.001,0.000,-0.001,0.907,-0.370,7.030,111.667,-115.170
-0.001,-0.000,0.000,-0.000,0.907,-0.370,7.043,111.654,-115.303
0.001,-0.000,0.000,-0.000,0.907,-0.370,7.036,111.652,-115.353
-0.000,-0.000,0.001,0.000,0.907,-0.370,7.044,111.651,-115.396
0.002,-0.000,0.001,-0.001,0.907,-0.370,7.062,111.653,-115.398
-0.001,-0.001,0.000,-0.001,0.907,-0.370,6.999,111.672,-115.309
-0.001,-0.000,-0.001,-0.000,0.907,-0.370,6.953,111.677,-115.252
0.002,-0.000,0.000,-0.000,0.907,-0.370,6.769,111.707,-115.112
-0.001,-0.000,0.000,-0.000,0.907,-0.370,6.874,111.682,-115.206
-0.000,-0.000,0.000,-0.001,0.907,-0.370,6.883,111.686,-115.140
-0.000,-0.001,0.001,-0.001,0.907,-0.370,6.919,111.687,-115.083
-0.000,0.002,0.000,-0.001,0.907,-0.370,6.941,111.685,-115.070
0.001,-0.000,0.000,-0.001,0.907,-0.370,6.964,111.675,-115.149
0.001,-0.000,-0.001,-0.001,0.907,-0.370,7.005,111.661,-115.231
-0.000,0.001,-0.001,-0.000,0.908,-0.370,6.959,111.672,-115.160
-0.001,-0.001,0.000,-0.000,0.908,-0.370,6.966,111.669,-115.164
-0.000,-0.001,0.000,0.000,0.907,-0.370,7.027,111.655,-115.219
0.001,-0.001,0.000,0.000,0.907,-0.370,7.046,111.652,-115.210
-0.000,0.001,0.000,0.000,0.907,-0.370,7.042,111.653,-115.189
-0.000,-0.001,0.000,-0.000,0.907,-0.370,7.105,111.641,-115.253
0.002,-0.000,-0.001,0.000,0.908,-0.370,7.102,111.639,-115.263
0.001,-0.000,0.000,-0.001,0.907,-0.370,7.056,111.651,-115.178
-0.001,0.001,-0.001,-0.001,0.907,-0.370,7.031,111.665,-115.033
0.001,-0.000,0.000,0.000,0.907,-0.371,6.982,111.681,-114.976
0.001,-0.004,0.001,-0.000,0.907,-0.370,7.006,111.675,-115.002
-0.001,-0.000,0.000,-0.000,0.907,-0.370,6.995,111.676,-114.960
0.002,-0.000,0.001,-0.000,0.907,-0.370,7.022,111.679,-114.902
0.001,-0.001,0.000,-0.000,0.907,-0.370,7.003,111.693,-114.777
0.001,-0.000,0.000,-0.000,0.907,-0.370,7.032,111.681,-114.901
-0.000,-0.001,-0.001,-0.000,0.907,-0.370,7.003,111.681,-114.952
-0.001,-0.000,0.000,0.000,0.907,-0.370,7.008,111.678,-114.997
-0.000,-0.000,-0.001,0.000,0.907,-0.370,7.020,111.674,-115.056
-0.001,-0.000,0.000,0.000,0.908,-0.370,7.053,111.664,-115.118
-0.003,-0.000,0.000,-0.001,0.907,-0.370,7.032,111.665,-115.122
0.001,-0.000,0.001,-0.001,0.907,-0.370,6.993,111.665,-115.159
-0.000,0.001,0.000,0.000,0.907,-0.370,7.057,111.653,-115.180
-0.000,0.001,0.000,-0.001,0.906,-0.370,7.100,111.647,-115.203
-0.001,-0.001,0.000,-0.001,0.906,-0.370,7.141,111.646,-115.202
-0.001,-0.003,0.000,-0.000,0.907,-0.369,7.164,111.636,-115.169
-0.000,-0.000,0.000,0.000,0.907,-0.370,7.157,111.643,-115.144
0.001,0.001,0.000,0.000,0.908,-0.370,7.228,111.626,-115.252
-0.003,-0.000,0.000,0.000,0.908,-0.370,7.274,111.614,-115.311
-0.000,0.001,-0.001,-0.000,0.908,-0.371,7.312,111.610,-115.359
-0.001,-0.000,0.001,-0.000,0.907,-0.370,7.360,111.601,-115.403
-0.000,0.002,0.000,-0.000,0.907,-0.370,7.284,111.613,-115.368
0.001,-0.001,0.000,-0.000,0.907,-0.370,7.224,111.625,-115.340
-0.000,-0.001,0.000,-0.000,0.907,-0.370,7.149,111.642,-115.275
-0.000,-0.000,-0.001,-0.001,0.907,-0.371,7.140,111.645,-115.323
-0.000,-0.001,0.000,-0.001,0.907,-0.371,7.088,111.667,-115.188
-0.001,0.001,0.000,-0.001,0.908,-0.371,7.116,111.666,-115.168
-0.001,0.001,-0.001,-0.000,0.908,-0.370,7.099,111.665,-115.199
-0.000,-0.000,0.001,-0.000,0.908,-0.370,7.113,111.659,-115.211
-0.001,0.001,0.000,-0.000,0.907,-0.370,7.167,111.644,-115.277
-0.000,-0.003,0.001,0.000,0.907,-0.370,7.173,111.643,-115.254
-0.000,0.001,0.000,0.000,0.907,-0.370,7.139,111.653,-115.146
0.001,0.001,0.000,-0.000,0.908,-0.370,7.095,111.662,-115.106
0.001,-0.001,-0.001,-0.001,0.907,-0.370,7.082,111.667,-115.079
-0.003,-0.000,0.000,-0.001,0.907,-0.370,7.032,111.685,-114.949
-0.000,-0.000,-0.001,-0.001,0.906,-0.370,7.041,111.684,-114.981
0.001,-0.000,-0.001,-0.000,0.907,-0.370,7.048,111.681,-115.020
-0.001,-0.000,0.000,-0.000,0.907,-0.370,7.071,111.671,-115.104
0.001,-0.003,0.000,-0.000,0.907,-0.369,7.091,111.658,-115.147
0.001,-0.000,0.000,-0.001,0.907,-0.370,7.134,111.645,-115.183
-0.000,-0.000,-0.001,-0.001,0.907,-0.370,7.132,111.639,-115.221
0.001,-0.000,0.000,-0.000,0.907,-0.371,7.125,111.637,-115.329
-0.000,-0.000,0.000,0.000,0.907,-0.371,7.140,111.634,-115.414
-0.000,-0.000,-0.001,-0.000,0.907,-0.370,7.140,111.637,-115.491
-0.000,0.001,0.000,-0.000,0.907,-0.370,7.177,111.634,-115.546
-0.001,-0.001,0.000,-0.000,0.907,-0.370,7.112,111.651,-115.435
-0.003,-0.000,0.000,-0.001,0.907,-0.370,7.259,111.625,-115.496
0.001,0.001,0.000,-0.001,0.907,-0.370,7.296,111.622,-115.465
-0.001,0.001,0.000,-0.000,0.907,-0.369,7.273,111.621,-115.439
0.001,-0.000,0.000,-0.000,0.907,-0.370,7.266,111.620,-115.415
-0.000,-0.000,0.000,-0.000,0.907,-0.370,7.255,111.621,-115.385
-0.001,-0.000,0.001,-0.000,0.907,-0.370,7.239,111.622,-115.379
-0.000,0.001,0.000,0.000,0.907,-0.370,7.176,111.635,-115.303
-0.001,-0.001,0.000,-0.000,0.907,-0.370,7.210,111.620,-115.417
-0.000,0.001,0.001,-0.000,0.907,-0.370,7.240,111.614,-115.506
-0.000,-0.000,0.001,-0.001,0.907,-0.370,7.242,111.617,-115.518
-0.003,0.001,0.000,-0.000,0.907,-0.370,7.256,111.618,-115.531
0.001,-0.001,0.001,-0.000,0.907,-0.370,7.190,111.638,-115.456
-0.001,-0.000,0.000,-0.000,0.908,-0.371,7.163,111.645,-115.427
-0.001,-0.001,0.000,0.000,0.907,-0.370,7.158,111.638,-115.533
-0.001,-0.003,-0.001,0.000,0.907,-0.370,7.195,111.632,-115.547
-0.000,-0.000,0.001,-0.000,0.907,-0.371,7.120,111.655,-115.497
0.001,-0.000,0.001,-0.001,0.907,-0.370,7.030,111.683,-115.388
-0.000,-0.001,0.000,-0.001,0.907,-0.370,7.056,111.679,-115.405
-0.001,0.001,0.000,-0.001,0.907,-0.370,7.067,111.680,-115.390
0.001,0.001,0.000,-0.001,0.907,-0.371,7.055,111.685,-115.363
-0.000,0.001,-0.001,-0.001,0.907,-0.371,7.086,111.682,-115.354
-0.001,0.001,0.000,0.000,0.906,-0.370,7.097,111.682,-115.348
-0.000,-0.000,0.000,-0.000,0.907,-0.370,7.102,111.680,-115.328
-0.000,0.001,-0.001,-0.000,0.907,-0.370,7.109,111.674,-115.347
-0.000,-0.000,0.001,-0.001,0.907,-0.371,7.087,111.678,-115.360
-0.001,-0.000,-0.001,-0.000,0.908,-0.370,7.062,111.681,-115.355
-0.001,0.001,0.000,-0.001,0.908,-0.369,7.041,111.677,-115.311
-0.001,-0.000,-0.001,-0.001,0.908,-0.369,6.975,111.684,-115.182
-0.000,-0.001,0.000,0.000,0.907,-0.370,7.008,111.672,-115.224
-0.000,-0.001,0.001,-0.000,0.907,-0.370,7.076,111.657,-115.283
-0.000,-0.000,0.000,-0.000,0.907,-0.370,7.085,111.656,-115.298
-0.000,-0.000,0.000,-0.001,0.907,-0.370,7.082,111.653,-115.281
-0.001,0.001,0.000,-0.000,0.907,-0.370,7.110,111.650,-115.226
0.001,-0.000,0.000,-0.000,0.907,-0.370,7.114,111.645,-115.234
-0.001,0.001,0.000,-0.001,0.907,-0.370,7.174,111.632,-115.294
0.001,-0.000,-0.001,-0.001,0.908,-0.370,7.136,111.652,-115.150
-0.003,-0.001,0.000,-0.001,0.907,-0.370,7.161,111.647,-115.186
-0.003,-0.000,-0.001,-0.001,0.907,-0.370,7.132,111.653,-115.172
0.001,0.001,0.001,-0.001,0.907,-0.370,7.104,111.654,-115.166
-0.000,0.001,0.000,-0.000,0.907,-0.370,6.979,111.676,-115.091
-0.001,-0.000,-0.001,-0.000,0.907,-0.370,7.005,111.670,-115.133
0.001,-0.000,-0.001,-0.001,0.907,-0.370,7.001,111.669,-115.139
-0.001,-0.000,0.000,-0.001,0.907,-0.370,7.011,111.669,-115.130
-0.003,-0.000,0.000,-0.001,0.907,-0.370,7.025,111.668,-115.124
-0.000,-0.000,0.000,-0.000,0.907,-0.370,7.131,111.633,-115.384
-0.001,-0.001,-0.001,-0.001,0.907,-0.370,7.188,111.621,-115.477
-0.001,-0.000,0.001,-0.001,0.907,-0.370,7.211,111.623,-115.508
-0.001,-0.001,0.000,-0.001,0.908,-0.370,7.242,111.618,-115.540
-0.001,0.001,0.000,-0.000,0.908,-0.370,7.287,111.619,-115.472
-0.000,-0.003,0.000,-0.000,0.908,-0.370,7.200,111.643,-115.318
-0.001,-0.000,0.001,-0.000,0.907,-0.370,7.149,111.656,-115.252
-0.001,-0.001,-0.001,-0.000,0.908,-0.370,7.150,111.650,-115.290
-0.001,-0.001,0.000,-0.000,0.908,-0.370,7.150,111.646,-115.282
-0.003,-0.000,0.000,0.000,0.908,-0.370,7.114,111.649,-115.285
-0.001,-0.000,-0.001,-0.001,0.907,-0.370,7.109,111.648,-115.292
0.001,-0.001,-0.001,-0.000,0.908,-0.371,7.114,111.657,-115.184
-0.001,-0.000,0.001,-0.000,0.908,-0.371,7.081,111.665,-115.155
0.001,0.001,-0.001,-0.000,0.907,-0.371,7.039,111.680,-115.070
-0.000,0.001,-0.001,-0.000,0.908,-0.370,7.033,111.680,-115.053
-0.000,-0.001,-0.001,-0.000,0.908,-0.370,7.005,111.680,-115.064
-0.000,-0.000,-0.001,0.000,0.907,-0.371,7.055,111.670,-115.157
-0.000,0.001,0.000,-0.000,0.907,-0.370,7.053,111.671,-115.185
-0.000,-0.000,0.000,-0.000,0.907,-0.370,7.062,111.666,-115.229
-0.001,-0.000,-0.001,0.000,0.907,-0.370,7.057,111.674,-115.151
-0.000,-0.000,0.000,-0.000,0.907,-0.371,7.018,111.691,-115.060
-0.001,0.001,0.000,-0.000,0.907,-0.370,7.034,111.689,-115.054
0.002,0.001,0.000,-0.000,0.907,-0.370,7.064,111.677,-115.125
0.001,-0.000,-0.001,0.000,0.907,-0.370,6.984,111.688,-115.067
-0.000,-0.000,0.001,-0.001,0.907,-0.370,7.055,111.669,-115.147
-0.000,-0.000,-0.002,-0.001,0.907,-0.370,7.047,111.671,-115.146
-0.001,0.001,0.000,-0.000,0.908,-0.370,7.049,111.666,-115.171
0.001,-0.001,0.000,-0.000,0.908,-0.370,6.990,111.675,-115.131
-0.001,-0.000,0.001,-0.001,0.907,-0.370,6.946,111.687,-115.070
-0.000,0.001,0.000,0.000,0.908,-0.370,6.843,111.712,-114.890
-0.000,-0.000,0.000,0.000,0.907,-0.370,6.821,111.713,-114.852
-0.001,0.001,0.001,0.000,0.907,-0.370,6.811,111.709,-114.884
-0.001,-0.000,0.000,-0.001,0.907,-0.370,6.914,111.681,-114.996
-0.000,-0.000,0.001,-0.001,0.907,-0.370,6.989,111.664,-115.086
-0.000,-0.000,0.000,-0.001,0.907,-0.370,7.044,111.656,-115.139
-0.003,-0.000,-0.001,-0.000,0.907,-0.371,7.084,111.652,-115.178
-0.003,-0.000,0.000,-0.001,0.907,-0.370,7.107,111.649,-115.206
-0.003,-0.001,0.000,-0.001,0.907,-0.370,7.138,111.645,-115.235
0.001,-0.000,0.000,-0.000,0.907,-0.370,7.168,111.638,-115.289
0.001,-0.000,0.000,-0.000,0.908,-0.370,7.161,111.634,-115.313
-0.001,0.001,-0.001,-0.000,0.907,-0.370,7.169,111.626,-115.387
0.001,-0.001,0.000,-0.000,0.907,-0.370,7.199,111.618,-115.468
0.001,0.001,0.000,-0.001,0.907,-0.370,7.227,111.613,-115.492
-0.001,0.001,-0.001,-0.000,0.907,-0.370,7.179,111.631,-115.402
0.001,0.001,0.000,-0.000,0.907,-0.370,7.083,111.659,-115.266
-0.000,0.001,-0.001,-0.000,0.907,-0.371,7.073,111.670,-115.200
0.002,-0.001,0.000,-0.000,0.907,-0.370,7.069,111.672,-115.190
0.001,-0.000,0.000,-0.000,0.907,-0.370,7.034,111.677,-115.181
-0.000,-0.001,-0.001,-0.000,0.908,-0.370,7.006,111.674,-115.208
-0.001,-0.000,0.000,-0.001,0.908,-0.370,6.968,111.678,-115.172
-0.001,-0.000,0.000,-0.000,0.907,-0.370,7.033,111.665,-115.207
0.001,-0.000,0.001,-0.000,0.907,-0.370,6.996,111.665,-115.263
-0.000,-0.000,0.001,-0.001,0.907,-0.371,7.048,111.658,-115.335
-0.001,-0.000,0.000,-0.001,0.907,-0.370,7.084,111.652,-115.378
-0.000,0.001,0.000,-0.001,0.907,-0.370,7.088,111.652,-115.383
-0.000,-0.000,0.000,-0.000,0.907,-0.370,7.175,111.635,-115.437
0.002,-0.000,0.001,-0.000,0.907,-0.370,7.219,111.627,-115.478
-0.000,0.001,0.000,-0.000,0.907,-0.370,7.200,111.638,-115.462
-0.000,-0.000,-0.001,-0.000,0.907,-0.370,7.246,111.628,-115.521
-0.000,0.001,0.000,0.001,0.908,-0.370,7.292,111.620,-115.533
0.001,-0.000,0.000,0.001,0.908,-0.370,7.350,111.603,-115.655
-0.000,-0.000,0.001,0.000,0.907,-0.371,7.379,111.600,-115.723
-0.000,-0.000,0.000,-0.000,0.908,-0.370,7.368,111.607,-115.703
-0.000,-0.001,0.000,-0.000,0.908,-0.370,7.359,111.607,-115.699
-0.000,-0.000,0.000,-0.000,0.908,-0.371,7.320,111.621,-115.640
-0.000,-0.000,0.000,0.000,0.907,-0.370,7.279,111.629,-115.619
0.001,-0.001,0.001,-0.001,0.907,-0.370,7.187,111.649,-115.499
-0.001,-0.000,0.001,-0.001,0.907,-0.370,7.168,111.647,-115.485
0.001,-0.000,0.001,-0.000,0.908,-0.370,7.174,111.641,-115.499
0.001,-0.000,0.000,-0.000,0.907,-0.370,7.143,111.647,-115.464
-0.000,0.001,0.000,-0.000,0.907,-0.370,7.193,111.635,-115.527
-0.001,-0.000,0.000,-0.000,0.907,-0.370,7.272,111.619,-115.627
-0.001,-0.000,0.000,-0.000,0.907,-0.370,7.282,111.620,-115.632
-0.000,-0.001,0.000,-0.000,0.907,-0.370,7.267,111.628,-115.597
-0.001,-0.000,0.000,-0.000,0.908,-0.370,7.227,111.635,-115.537
-0.000,0.001,0.000,-0.001,0.907,-0.370,7.159,111.651,-115.404
-0.000,-0.000,0.000,-0.001,0.907,-0.371,7.111,111.663,-115.309
-0.000,-0.000,0.000,-0.001,0.907,-0.371,7.157,111.664,-115.252
-0.001,-0.000,0.000,-0.001,0.907,-0.370,7.199,111.652,-115.331
-0.000,-0.000,0.000,-0.000,0.907,-0.370,7.213,111.646,-115.357
-0.003,0.001,0.000,-0.000,0.907,-0.370,7.213,111.638,-115.412
0.001,0.001,0.000,-0.000,0.907,-0.370,7.200,111.634,-115.453
-0.000,-0.000,0.000,-0.000,0.907,-0.370,7.198,111.630,-115.485
-0.001,0.001,0.000,-0.001,0.908,-0.370,7.203,111.627,-115.481
-0.000,0.001,0.000,-0.000,0.907,-0.371,7.291,111.613,-115.528
0.002,-0.000,-0.001,-0.000,0.908,-0.370,7.317,111.616,-115.510
-0.003,0.001,0.001,-0.000,0.908,-0.370,7.286,111.622,-115.501
-0.000,-0.000,-0.001,-0.000,0.907,-0.371,7.313,111.620,-115.549
-0.000,0.001,0.001,-0.000,0.908,-0.370,7.321,111.616,-115.597
-0.000,-0.000,-0.001,-0.000,0.908,-0.370,7.283,111.618,-115.584
0.001,-0.001,0.000,-0.000,0.907,-0.370,7.272,111.616,-115.613
-0.000,-0.000,0.000,-0.000,0.908,-0.370,7.213,111.627,-115.559
0.001,-0.000,-0.001,-0.000,0.908,-0.370,7.114,111.650,-115.406
-0.000,-0.001,0.000,-0.001,0.908,-0.370,7.052,111.663,-115.364
-0.001,-0.000,0.001,-0.000,0.908,-0.370,7.015,111.677,-115.267
-0.000,-0.000,0.001,-0.000,0.907,-0.370,6.978,111.689,-115.168
-0.000,-0.000,-0.001,-0.000,0.907,-0.370,7.028,111.677,-115.201
-0.000,-0.000,0.000,-0.000,0.907,-0.370,6.981,111.684,-115.164
-0.000,-0.000,-0.001,-0.000,0.907,-0.370,7.048,111.670,-115.219
-0.000,-0.001,0.000,-0.000,0.907,-0.370,7.078,111.671,-115.196
0.001,-0.000,0.000,-0.001,0.907,-0.370,7.070,111.676,-115.151
-0.003,-0.001,0.000,-0.000,0.907,-0.370,7.073,111.673,-115.127
-0.001,-0.000,0.001,-0.000,0.907,-0.370,7.093,111.663,-115.136
-0.000,-0.000,0.000,-0.001,0.908,-0.370,7.163,111.639,-115.280
-0.000,-0.001,0.000,-0.000,0.908,-0.370,7.297,111.597,-115.506
-0.001,-0.000,0.000,-0.000,0.907,-0.370,7.317,111.581,-115.692
0.001,-0.001,0.000,-0.000,0.907,-0.370,7.248,111.604,-115.599
-0.000,0.001,0.000,-0.001,0.908,-0.370,7.178,111.625,-115.516
-0.001,0.001,0.001,-0.000,0.908,-0.370,7.104,111.644,-115.427
-0.001,-0.001,-0.001,-0.000,0.908,-0.370,7.102,111.646,-115.404
-0.001,-0.001,0.000,-0.000,0.907,-0.370,7.114,111.648,-115.380
-0.000,-0.001,-0.001,-0.000,0.907,-0.370,7.122,111.649,-115.411
-0.001,0.001,0.000,-0.001,0.907,-0.371,7.124,111.657,-115.381
-0.001,-0.001,0.000,-0.000,0.907,-0.370,7.049,111.672,-115.300
0.001,0.001,-0.001,-0.001,0.907,-0.370,7.089,111.666,-115.289
-0.001,-0.000,0.000,-0.001,0.907,-0.370,7.104,111.667,-115.260
0.001,-0.000,-0.001,-0.001,0.907,-0.371,7.092,111.673,-115.216
0.001,-0.000,-0.001,-0.001,0.908,-0.371,7.117,111.671,-115.205
-0.003,-0.000,0.000,-0.001,0.908,-0.371,7.145,111.665,-115.218
-0.000,-0.001,0.000,-0.000,0.908,-0.370,7.128,111.665,-115.221
0.001,-0.000,0.000,-0.000,0.907,-0.370,7.123,111.662,-115.269
-0.001,-0.001,0.000,-0.000,0.907,-0.370,7.107,111.662,-115.323
0.001,-0.001,-0.001,0.000,0.907,-0.370,7.103,111.660,-115.354
-0.001,-0.000,0.001,0.000,0.907,-0.370,7.078,111.671,-115.253
-0.001,-0.001,-0.001,-0.001,0.907,-0.370,7.084,111.671,-115.224
-0.000,-0.000,0.001,-0.001,0.907,-0.370,7.091,111.668,-115.216
-0.001,-0.001,0.000,-0.001,0.907,-0.369,7.064,111.669,-115.178
-0.000,-0.000,0.000,-0.000,0.907,-0.370,7.020,111.674,-115.154
0.002,-0.000,0.001,-0.000,0.907,-0.370,6.998,111.677,-115.172
-0.001,-0.000,-0.001,-0.000,0.907,-0.371,7.058,111.673,-115.160
-0.000,-0.000,0.000,0.000,0.908,-0.370,7.124,111.657,-115.245
-0.000,-0.000,-0.002,0.000,0.908,-0.370,7.143,111.654,-115.245
-0.001,0.001,0.000,-0.000,0.907,-0.370,7.233,111.634,-115.322
0.001,-0.000,0.001,-0.001,0.907,-0.370,7.339,111.604,-115.473
-0.000,0.001,0.000,-0.001,0.908,-0.371,7.344,111.604,-115.480
-0.001,-0.001,0.001,-0.001,0.908,-0.371,7.298,111.619,-115.440
-0.001,-0.000,0.000,0.000,0.908,-0.370,7.221,111.633,-115.360
-0.000,-0.001,0.001,0.000,0.908,-0.370,7.284,111.619,-115.396
-0.000,-0.000,0.001,0.000,0.907,-0.370,7.270,111.626,-115.379
-0.000,-0.001,0.000,-0.000,0.906,-0.369,7.255,111.626,-115.386
0.001,0.001,0.000,-0.000,0.906,-0.369,7.231,111.627,-115.394
0.002,-0.000,-0.001,-0.000,0.907,-0.370,7.244,111.626,-115.444
0.001,0.001,0.000,-0.000,0.907,-0.371,7.204,111.639,-115.443
-0.001,-0.003,0.000,-0.001,0.907,-0.370,7.098,111.664,-115.336
-0.000,-0.000,-0.001,-0.001,0.907,-0.370,7.138,111.657,-115.348
0.001,-0.001,0.000,-0.000,0.907,-0.370,7.092,111.670,-115.248
-0.000,-0.000,0.000,-0.001,0.907,-0.370,7.057,111.672,-115.268
-0.000,-0.000,0.001,-0.001,0.907,-0.370,7.032,111.674,-115.300
-0.001,0.001,-0.001,0.000,0.907,-0.371,7.037,111.674,-115.338
-0.001,-0.000,0.000,-0.001,0.907,-0.370,7.036,111.675,-115.342
-0.000,0.001,0.000,-0.001,0.907,-0.370,7.099,111.661,-115.398
-0.001,0.001,-0.001,-0.001,0.907,-0.370,7.091,111.670,-115.302
-0.000,-0.001,0.000,-0.000,0.907,-0.371,7.089,111.679,-115.278
-0.003,-0.001,0.000,-0.001,0.907,-0.370,7.148,111.668,-115.334
-0.003,-0.000,-0.001,-0.001,0.907,-0.370,7.218,111.656,-115.384
0.001,-0.000,0.000,0.000,0.907,-0.370,7.277,111.639,-115.414
-0.000,-0.000,0.000,-0.001,0.908,-0.371,7.304,111.633,-115.421
-0.000,-0.000,0.000,-0.001,0.908,-0.371,7.317,111.632,-115.441
-0.001,0.001,0.001,-0.001,0.907,-0.370,7.293,111.634,-115.420
-0.000,-0.001,0.000,0.000,0.907,-0.370,7.228,111.645,-115.378
-0.003,-0.000,0.001,0.000,0.907,-0.370,7.217,111.647,-115.359
0.001,-0.000,0.000,-0.000,0.907,-0.370,7.266,111.636,-115.383
-0.001,0.002,-0.001,-0.001,0.907,-0.370,7.270,111.632,-115.402
-0.001,0.001,-0.001,-0.000,0.906,-0.370,7.260,111.637,-115.365
-0.000,-0.001,0.000,-0.000,0.906,-0.370,7.223,111.644,-115.364
-0.001,-0.001,-0.001,0.000,0.907,-0.370,7.189,111.644,-115.377
-0.001,-0.001,-0.001,0.000,0.907,-0.370,7.172,111.641,-115.370
0.001,-0.000,0.000,0.000,0.907,-0.370,7.186,111.633,-115.402
-0.001,-0.000,0.001,-0.001,0.907,-0.371,7.250,111.623,-115.477
-0.001,-0.001,-0.001,-0.001,0.907,-0.371,7.215,111.635,-115.512
-0.000,-0.000,-0.001,-0.001,0.908,-0.370,7.206,111.633,-115.451
-0.001,0.001,0.001,-0.000,0.907,-0.370,7.235,111.623,-115.493
-0.000,-0.001,0.000,-0.000,0.907,-0.369,7.250,111.616,-115.519
-0.001,0.001,-0.001,-0.000,0.907,-0.369,7.225,111.622,-115.423
0.001,-0.000,0.000,-0.000,0.907,-0.370,7.206,111.623,-115.428
-0.001,0.001,0.001,-0.000,0.908,-0.370,7.156,111.635,-115.339
-0.001,-0.000,0.000,-0.000,0.908,-0.370,7.130,111.639,-115.279
-0.000,-0.000,0.001,-0.001,0.907,-0.370,7.150,111.639,-115.232
-0.001,-0.003,0.000,-0.001,0.907,-0.370,7.144,111.645,-115.187
-0.001,-0.000,0.000,-0.001,0.907,-0.370,7.149,111.645,-115.213
-0.000,-0.000,0.000,-0.000,0.907,-0.370,7.195,111.630,-115.329
-0.001,0.001,0.001,-0.000,0.908,-0.370,7.200,111.625,-115.379
-0.000,-0.000,0.001,-0.000,0.907,-0.370,7.157,111.637,-115.331
0.001,-0.000,0.000,-0.000,0.907,-0.370,7.129,111.647,-115.284
-0.001,-0.000,0.001,-0.001,0.907,-0.369,7.133,111.644,-115.263
-0.000,-0.000,-0.001,-0.001,0.907,-0.370,7.076,111.652,-115.221
-0.001,-0.000,0.000,-0.001,0.907,-0.370,7.108,111.644,-115.242
-0.000,-0.001,0.001,0.000,0.908,-0.370,7.095,111.641,-115.237
0.001,-0.001,-0.001,-0.000,0.908,-0.371,7.093,111.640,-115.263
-0.001,-0.001,0.000,-0.000,0.907,-0.370,6.997,111.672,-115.084
0.002,-0.000,0.000,-0.000,0.907,-0.370,7.030,111.664,-115.127
-0.000,-0.001,0.001,-0.000,0.907,-0.369,7.086,111.638,-115.203
0.002,-0.000,0.001,-0.000,0.907,-0.369,7.131,111.620,-115.233
0.001,-0.000,0.000,-0.001,0.907,-0.370,7.130,111.624,-115.217
0.001,0.001,0.000,-0.000,0.907,-0.371,7.195,111.611,-115.342
-0.000,-0.001,-0.001,-0.000,0.907,-0.371,7.234,111.610,-115.434
-0.000,-0.000,0.001,-0.000,0.908,-0.370,7.218,111.611,-115.479
-0.000,-0.000,0.000,-0.001,0.907,-0.370,7.221,111.615,-115.469
-0.000,-0.000,0.000,-0.001,0.908,-0.370,7.232,111.616,-115.479
-0.001,-0.000,0.000,-0.001,0.908,-0.370,7.259,111.613,-115.458
-0.001,-0.000,-0.001,-0.001,0.907,-0.370,7.296,111.608,-115.485
0.002,-0.000,-0.001,0.000,0.908,-0.370,7.256,111.617,-115.471
-0.000,-0.000,0.001,0.000,0.908,-0.370,7.224,111.625,-115.454
-0.001,0.002,0.000,-0.000,0.908,-0.370,7.152,111.641,-115.398
0.001,-0.001,0.000,-0.000,0.907,-0.370,7.042,111.669,-115.241
-0.000,0.001,0.000,-0.000,0.907,-0.370,6.956,111.694,-115.067
0.002,0.001,0.000,-0.000,0.907,-0.370,6.994,111.683,-115.081
-0.000,-0.001,0.000,-0.000,0.908,-0.370,7.060,111.669,-115.103
-0.000,-0.003,0.001,0.000,0.907,-0.370,7.115,111.658,-115.133
-0.000,-0.000,0.000,0.000,0.907,-0.370,7.132,111.652,-115.170
-0.000,-0.000,-0.001,0.000,0.907,-0.370,7.152,111.648,-115.204
-0.000,-0.000,0.000,-0.000,0.907,-0.370,7.133,111.654,-115.157
0.001,0.001,0.000,-0.000,0.907,-0.370,7.198,111.634,-115.277
-0.000,-0.000,0.000,-0.000,0.908,-0.370,7.228,111.630,-115.264
-0.000,0.001,0.000,-0.000,0.907,-0.370,7.211,111.635,-115.246
-0.000,0.001,0.000,-0.000,0.907,-0.370,7.200,111.640,-115.232
-0.001,0.001,0.000,-0.000,0.907,-0.370,7.100,111.655,-115.194
-0.001,0.001,0.000,-0.000,0.907,-0.370,7.044,111.663,-115.170
-0.000,-0.000,0.000,-0.001,0.907,-0.370,7.066,111.656,-115.228
-0.000,-0.001,-0.001,-0.001,0.907,-0.370,7.074,111.656,-115.249
-0.000,-0.000,0.001,0.000,0.908,-0.370,7.115,111.647,-115.259
-0.001,0.001,0.000,0.000,0.908,-0.370,7.152,111.633,-115.304
-0.000,-0.000,0.000,-0.000,0.908,-0.370,7.103,111.643,-115.244
-0.000,-0.001,-0.001,0.000,0.908,-0.370,7.022,111.660,-115.137
-0.001,0.001,0.000,0.000,0.908,-0.370,6.954,111.676,-115.015
-0.000,0.001,0.000,-0.000,0.907,-0.371,6.915,111.692,-114.954
-0.001,-0.000,0.000,-0.000,0.908,-0.371,6.999,111.675,-115.062
-0.000,-0.001,0.000,-0.001,0.908,-0.370,7.091,111.658,-115.134
0.001,-0.000,-0.001,-0.001,0.908,-0.370,7.130,111.645,-115.205
-0.001,-0.000,0.000,-0.000,0.908,-0.370,7.131,111.643,-115.227
-0.000,0.001,0.000,-0.000,0.907,-0.370,7.122,111.641,-115.268
0.001,-0.000,0.000,-0.000,0.907,-0.370,7.116,111.637,-115.357
-0.001,-0.001,0.000,0.000,0.908,-0.371,7.155,111.632,-115.443
0.002,-0.000,0.000,-0.000,0.907,-0.371,7.154,111.642,-115.444
-0.000,-0.000,0.000,-0.000,0.907,-0.371,7.107,111.661,-115.388
-0.001,-0.000,-0.001,-0.001,0.907,-0.370,7.085,111.666,-115.364
-0.001,-0.000,0.000,-0.000,0.907,-0.370,7.092,111.660,-115.385
0.001,-0.000,-0.001,-0.000,0.907,-0.371,7.120,111.655,-115.415
-0.000,-0.000,0.000,-0.000,0.907,-0.371,7.138,111.659,-115.372
0.002,-0.000,-0.001,-0.000,0.907,-0.371,7.186,111.651,-115.448
-0.001,-0.000,-0.001,-0.000,0.908,-0.371,7.146,111.664,-115.379
-0.000,-0.000,0.000,-0.000,0.908,-0.371,7.177,111.652,-115.471
-0.000,-0.000,-0.001,-0.001,0.907,-0.370,7.198,111.649,-115.483
0.001,-0.000,-0.001,-0.000,0.907,-0.370,7.213,111.650,-115.428
0.002,0.001,0.000,-0.000,0.907,-0.370,7.135,111.669,-115.296
-0.000,-0.000,-0.001,-0.000,0.907,-0.370,7.114,111.669,-115.255
0.001,-0.001,0.000,0.000,0.907,-0.371,7.120,111.665,-115.240
-0.000,-0.001,0.000,0.000,0.907,-0.371,7.196,111.650,-115.321
-0.001,0.001,0.000,-0.000,0.907,-0.370,7.198,111.649,-115.345
0.001,-0.000,-0.001,-0.000,0.908,-0.370,7.169,111.652,-115.344
-0.000,-0.003,-0.001,-0.000,0.908,-0.370,7.177,111.646,-115.356
-0.000,-0.000,0.000,-0.000,0.907,-0.370,7.246,111.637,-115.343
-0.001,-0.000,0.001,-0.000,0.907,-0.370,7.298,111.624,-115.403
0.001,-0.001,0.000,-0.000,0.907,-0.370,7.348,111.620,-115.359
-0.000,0.001,0.001,0.000,0.907,-0.370,7.322,111.621,-115.396
0.001,0.001,0.000,-0.000,0.907,-0.370,7.326,111.620,-115.432
-0.001,0.001,0.001,-0.000,0.907,-0.370,7.296,111.627,-115.412
0.001,-0.000,0.000,-0.000,0.907,-0.370,7.238,111.638,-115.362
-0.001,-0.000,0.000,-0.000,0.908,-0.370,7.188,111.645,-115.294
-0.000,-0.000,-0.001,-0.000,0.907,-0.370,7.251,111.627,-115.382
-0.001,-0.001,0.000,-0.000,0.907,-0.370,7.241,111.630,-115.369
0.002,-0.001,0.000,-0.001,0.908,-0.370,7.228,111.633,-115.338
-0.000,-0.000,0.000,-0.001,0.907,-0.371,7.212,111.639,-115.328
-0.000,0.001,0.000,-0.001,0.907,-0.371,7.155,111.657,-115.268
-0.000,-0.001,0.001,-0.001,0.907,-0.370,7.100,111.665,-115.223
-0.003,0.001,0.000,-0.000,0.907,-0.370,7.146,111.652,-115.285
0.001,0.001,0.000,-0.000,0.907,-0.370,7.273,111.623,-115.418
-0.001,-0.003,0.000,-0.000,0.907,-0.370,7.243,111.626,-115.402
-0.001,0.001,-0.001,-0.000,0.907,-0.369,7.207,111.628,-115.357
0.001,-0.000,-0.001,-0.000,0.907,-0.370,7.190,111.628,-115.362
-0.001,-0.001,0.001,-0.000,0.907,-0.370,7.248,111.615,-115.445
0.001,-0.000,0.000,-0.000,0.907,-0.370,7.316,111.601,-115.508
-0.000,0.001,0.000,-0.001,0.908,-0.369,7.396,111.585,-115.538
-0.003,-0.000,-0.001,-0.001,0.908,-0.369,7.404,111.583,-115.484
-0.001,-0.001,0.000,-0.000,0.907,-0.371,7.315,111.608,-115.441
0.001,0.001,0.000,-0.000,0.907,-0.370,7.293,111.610,-115.523
-0.001,-0.000,0.000,-0.000,0.907,-0.370,7.252,111.617,-115.531
0.001,-0.001,0.000,-0.000,0.908,-0.370,7.223,111.625,-115.520
-0.000,-0.001,0.000,-0.001,0.907,-0.370,7.151,111.645,-115.394
0.001,-0.000,0.000,-0.001,0.907,-0.370,7.164,111.638,-115.437
0.001,0.001,0.001,-0.001,0.907,-0.370,7.128,111.653,-115.316
-0.003,-0.000,0.000,0.000,0.907,-0.370,7.104,111.659,-115.260
-0.001,-0.000,0.000,0.000,0.907,-0.370,7.097,111.655,-115.291
0.001,0.001,0.000,-0.001,0.907,-0.370,7.103,111.644,-115.421
-0.001,0.001,0.000,-0.001,0.908,-0.370,7.151,111.618,-115.638
0.001,-0.001,-0.002,-0.000,0.908,-0.370,7.160,111.614,-115.672
0.001,-0.000,0.000,-0.000,0.908,-0.370,7.129,111.627,-115.565
0.001,-0.001,0.000,-0.000,0.908,-0.369,7.074,111.635,-115.453
-0.001,0.001,0.000,-0.000,0.907,-0.370,7.053,111.639,-115.398
-0.000,-0.000,-0.001,-0.000,0.907,-0.370,7.069,111.637,-115.404
0.001,-0.000,0.000,0.000,0.907,-0.370,7.065,111.642,-115.388
0.001,-0.000,0.000,-0.000,0.907,-0.370,6.938,111.677,-115.203
-0.001,-0.000,0.000,-0.000,0.907,-0.370,6.967,111.671,-115.255
-0.000,-0.000,0.000,-0.000,0.907,-0.370,6.948,111.674,-115.199
-0.000,-0.001,0.000,-0.000,0.908,-0.370,7.042,111.647,-115.305
-0.000,-0.000,0.000,-0.000,0.907,-0.371,7.036,111.655,-115.236
0.001,-0.000,0.000,-0.000,0.907,-0.371,7.012,111.667,-115.198
-0.000,-0.000,0.000,-0.001,0.907,-0.370,7.022,111.663,-115.217
0.001,-0.000,0.000,-0.000,0.907,-0.369,7.076,111.644,-115.329
-0.000,-0.000,0.000,-0.000,0.907,-0.369,7.115,111.627,-115.424
-0.000,0.001,0.000,-0.000,0.907,-0.371,7.175,111.622,-115.476
0.002,-0.003,0.000,-0.000,0.907,-0.371,7.187,111.625,-115.497
0.001,-0.001,0.000,0.000,0.907,-0.371,7.156,111.646,-115.416
0.002,-0.001,-0.001,-0.000,0.907,-0.370,7.133,111.648,-115.398
-0.001,0.001,0.000,-0.001,0.907,-0.370,7.083,111.657,-115.343
-0.001,-0.000,-0.001,-0.001,0.907,-0.370,7.083,111.655,-115.341
-0.000,-0.000,0.000,0.000,0.907,-0.370,7.113,111.650,-115.349
0.001,-0.001,-0.001,-0.000,0.908,-0.371,7.118,111.654,-115.305
-0.000,0.001,-0.001,-0.000,0.908,-0.371,7.115,111.659,-115.268
-0.001,-0.000,0.000,-0.001,0.908,-0.370,7.123,111.656,-115.250
-0.000,0.001,0.000,0.000,0.907,-0.370,7.152,111.648,-115.268
-0.003,-0.001,0.000,0.000,0.907,-0.370,7.144,111.640,-115.342
-0.001,0.001,0.000,-0.000,0.908,-0.370,7.105,111.648,-115.304
0.001,0.001,0.000,-0.001,0.907,-0.371,7.114,111.653,-115.292
-0.000,-0.001,0.001,-0.000,0.906,-0.370,7.059,111.668,-115.220
0.001,-0.001,0.000,-0.000,0.906,-0.370,7.038,111.678,-115.132
-0.001,-0.001,0.000,0.000,0.907,-0.370,7.002,111.689,-115.024
-0.000,0.001,-0.001,0.000,0.908,-0.371,6.978,111.695,-114.976
-0.000,0.001,0.000,0.000,0.908,-0.371,6.955,111.701,-114.954
-0.001,-0.000,0.001,-0.001,0.907,-0.370,7.062,111.674,-115.086
-0.000,0.001,0.000,-0.001,0.907,-0.370,7.109,111.661,-115.145
0.002,0.001,0.000,-0.000,0.907,-0.370,7.124,111.648,-115.249
-0.001,-0.000,0.000,-0.000,0.907,-0.370,7.197,111.631,-115.332
0.001,-0.000,0.000,-0.000,0.907,-0.370,7.235,111.621,-115.363
-0.000,-0.003,0.000,-0.000,0.907,-0.370,7.299,111.606,-115.439
-0.000,-0.000,-0.001,-0.000,0.907,-0.370,7.317,111.603,-115.479
-0.000,-0.000,0.000,-0.000,0.907,-0.371,7.312,111.625,-115.342
-0.000,-0.000,-0.001,-0.001,0.907,-0.370,7.332,111.624,-115.370
0.001,0.001,0.000,-0.001,0.907,-0.370,7.328,111.631,-115.295
0.001,-0.000,0.000,-0.001,0.907,-0.371,7.282,111.643,-115.254
-0.003,-0.000,0.000,-0.001,0.907,-0.371,7.222,111.658,-115.244
0.001,-0.001,0.000,-0.000,0.907,-0.370,7.159,111.661,-115.217
-0.000,-0.001,-0.001,-0.000,0.907,-0.370,7.113,111.669,-115.142
0.001,-0.001,0.000,-0.000,0.907,-0.370,7.188,111.649,-115.218
0.001,-0.000,0.000,-0.000,0.907,-0.370,7.118,111.662,-115.153
0.001,-0.000,0.000,-0.000,0.907,-0.370,7.011,111.683,-115.047
-0.000,-0.000,-0.002,-0.001,0.907,-0.371,6.943,111.698,-114.961
-0.001,0.001,0.000,-0.001,0.907,-0.371,6.949,111.697,-114.965
-0.001,-0.000,-0.001,-0.000,0.907,-0.370,7.073,111.664,-115.151
0.001,-0.000,-0.001,-0.000,0.907,-0.370,7.054,111.658,-115.227
-0.000,0.002,0.000,-0.000,0.907,-0.370,7.159,111.624,-115.466
-0.000,-0.000,-0.001,-0.000,0.907,-0.370,7.185,111.620,-115.523
-0.001,-0.000,-0.001,-0.000,0.907,-0.370,7.176,111.627,-115.492
0.001,-0.000,0.003,-0.000,0.907,-0.370,7.183,111.630,-115.502
-0.001,-0.000,-0.001,-0.000,0.907,-0.370,7.177,111.634,-115.521
-0.000,-0.001,0.000,-0.001,0.907,-0.371,7.206,111.634,-115.566
-0.000,-0.000,-0.001,-0.000,0.908,-0.370,7.245,111.639,-115.484
-0.001,-0.001,0.000,-0.000,0.908,-0.370,7.298,111.626,-115.545
-0.000,-0.000,0.000,-0.000,0.908,-0.370,7.285,111.623,-115.571
-0.000,0.001,-0.001,-0.000,0.907,-0.370,7.244,111.626,-115.558
0.001,-0.000,0.000,-0.001,0.908,-0.370,7.235,111.632,-115.476
-0.000,-0.001,0.000,-0.001,0.908,-0.370,7.206,111.649,-115.340
-0.001,-0.001,0.000,0.000,0.907,-0.370,7.170,111.660,-115.222
0.001,0.002,-0.001,-0.001,0.907,-0.370,7.124,111.665,-115.199
-0.000,-0.000,-0.001,-0.001,0.907,-0.370,7.170,111.657,-115.192
0.001,-0.000,0.000,0.000,0.907,-0.370,7.211,111.637,-115.315
0.002,-0.000,0.000,0.000,0.907,-0.370,7.213,111.627,-115.401
-0.000,0.001,-0.001,-0.000,0.907,-0.370,7.184,111.632,-115.387
0.001,-0.000,0.000,-0.001,0.907,-0.370,7.097,111.652,-115.307
-0.001,-0.000,-0.001,-0.000,0.908,-0.370,7.059,111.664,-115.258
-0.000,-0.001,0.000,-0.000,0.908,-0.370,7.028,111.672,-115.208
-0.000,0.001,-0.001,-0.001,0.907,-0.371,7.108,111.662,-115.239
0.001,-0.000,-0.001,-0.000,0.908,-0.370,7.111,111.660,-115.269
-0.001,-0.001,0.000,-0.000,0.908,-0.370,7.073,111.661,-115.278
-0.001,-0.000,0.001,-0.001,0.907,-0.370,7.048,111.664,-115.279
-0.001,-0.000,0.000,0.000,0.907,-0.370,7.089,111.653,-115.334
-0.000,-0.001,0.000,0.000,0.907,-0.370,7.115,111.655,-115.266
0.001,-0.000,-0.002,-0.001,0.907,-0.370,7.128,111.646,-115.303
-0.001,-0.001,0.000,-0.001,0.907,-0.370,7.140,111.639,-115.372
